,Player,Nation,Pos,Squad,Age,Born,90s,SCA_SCA,SCA90_SCA,PassLive_SCA Types,PassDead_SCA Types,Drib_SCA Types,Sh_SCA Types,Fld_SCA Types,Def_SCA Types,GCA_GCA,GCA90_GCA,PassLive_GCA Types,PassDead_GCA Types,Drib_GCA Types,Sh_GCA Types,Fld_GCA Types,Def_GCA Types
0,Max Aarons,eng  ENG,DF,Norwich City,21,2000,32.0,38,1.19,27,2,3,4,2,0,5,0.16,5,0,0,0,0,0
1,Che Adams,sct  SCO,FW,Southampton,25,1996,22.7,51,2.25,34,0,1,4,11,1,4,0.18,3,0,0,0,0,1
2,Rayan Aït Nouri,fr  FRA,DF,Wolves,20,2001,20.3,44,2.17,26,10,4,0,2,2,6,0.30,4,1,0,0,1,0
3,Kristoffer Ajer,no  NOR,DF,Brentford,23,1998,22.2,28,1.26,20,4,1,1,1,1,6,0.27,3,1,1,0,1,0
4,Nathan Aké,nl  NED,DF,Manchester City,26,1995,10.3,3,0.29,3,0,0,0,0,0,0,0.00,0,0,0,0,0,0
5,Marc Albrighton,eng  ENG,"FW,DF",Leicester City,31,1989,12.6,19,1.51,14,3,0,0,2,0,2,0.16,2,0,0,0,0,0
6,Thiago Alcántara,es  ESP,MF,Liverpool,30,1991,17.0,61,3.58,52,0,1,5,0,3,6,0.35,6,0,0,0,0,0
7,Trent Alexander-Arnold,eng  ENG,DF,Liverpool,22,1998,31.7,150,4.73,87,52,5,5,1,0,17,0.54,11,5,0,1,0,0
8,Alisson,br  BRA,GK,Liverpool,28,1992,36.0,3,0.08,3,0,0,0,0,0,1,0.03,1,0,0,0,0,0
9,Allan,br  BRA,MF,Everton,30,1991,24.3,32,1.32,31,0,0,0,1,0,6,0.25,5,0,0,0,1,0
10,Miguel Almirón,py  PAR,"MF,FW",Newcastle Utd,27,1994,19.1,45,2.36,31,0,3,8,2,1,5,0.26,4,0,1,0,0,0
11,Marcos Alonso,es  ESP,DF,Chelsea,30,1990,24.1,89,3.70,61,15,4,5,2,2,9,0.37,7,1,0,1,0,0
12,Steven Alzate,co  COL,MF,Brighton,22,1998,4.5,7,1.56,7,0,0,0,0,0,1,0.22,1,0,0,0,0,0
13,Daniel Amartey,gh  GHA,DF,Leicester City,26,1994,23.6,17,0.72,16,0,0,0,0,1,1,0.04,1,0,0,0,0,0
14,Joachim Andersen,dk  DEN,DF,Crystal Palace,25,1996,32.4,33,1.02,29,1,0,1,0,2,5,0.15,4,0,0,1,0,0
15,Michail Antonio,jm  JAM,FW,West Ham,31,1990,33.0,102,3.09,65,0,13,10,8,6,17,0.51,9,0,1,4,2,1
16,Cameron Archer,eng  ENG,"MF,FW",Aston Villa,19,2001,0.3,0,0.00,0,0,0,0,0,0,0,0.00,0,0,0,0,0,0
17,Alphonse Areola,fr  FRA,GK,West Ham,28,1993,1.0,0,0.00,0,0,0,0,0,0,0,0.00,0,0,0,0,0,0
18,Adam Armstrong,eng  ENG,FW,Southampton,24,1997,15.7,29,1.85,17,0,4,4,4,0,3,0.19,2,0,0,0,1,0
19,Stuart Armstrong,sct  SCO,MF,Southampton,29,1992,16.4,51,3.12,40,2,2,2,4,1,2,0.12,1,0,0,0,1,0
20,Kepa Arrizabalaga,es  ESP,GK,Chelsea,26,1994,4.0,0,0.00,0,0,0,0,0,0,0,0.00,0,0,0,0,0,0
21,Harrison Ashby,sct  SCO,DF,West Ham,19,2001,0.1,0,0.00,0,0,0,0,0,0,0,0.00,0,0,0,0,0,0
22,Pierre-Emerick Aubameyang,ga  GAB,FW,Arsenal,32,1989,11.5,23,2.00,14,0,1,5,3,0,3,0.26,2,0,0,1,0,0
23,Jordan Ayew,gh  GHA,FW,Crystal Palace,29,1991,22.4,47,2.10,31,1,1,3,8,3,6,0.27,4,0,0,0,1,1
24,Luke Ayling,eng  ENG,DF,Leeds United,29,1991,25.2,22,0.87,16,0,0,6,0,0,3,0.12,0,0,0,3,0,0
25,César Azpilicueta,es  ESP,DF,Chelsea,31,1989,23.0,44,1.91,41,0,2,1,0,0,8,0.35,6,0,1,1,0,0
26,Daniel Bachmann,at  AUT,GK,Watford,27,1994,12.0,0,0.00,0,0,0,0,0,0,0,0.00,0,0,0,0,0,0
27,Leon Bailey,jm  JAM,"FW,MF",Aston Villa,23,1997,8.5,21,2.48,15,1,2,1,2,0,3,0.35,2,0,1,0,0,0
28,Eric Bailly,ci  CIV,DF,Manchester Utd,27,1994,2.4,1,0.41,1,0,0,0,0,0,0,0.00,0,0,0,0,0,0
29,Folarin Balogun,eng  ENG,FW,Arsenal,20,2001,0.8,0,0.00,0,0,0,0,0,0,0,0.00,0,0,0,0,0,0
30,Patrick Bamford,eng  ENG,FW,Leeds United,27,1993,6.2,12,1.93,9,0,1,0,1,1,3,0.48,2,0,1,0,0,0
31,Shandon Baptiste,gd  GRN,MF,Brentford,23,1998,10.1,17,1.68,13,0,1,1,0,2,2,0.20,1,0,0,0,0,1
32,Ross Barkley,eng  ENG,MF,Chelsea,27,1993,2.0,18,9.05,12,3,2,0,1,0,3,1.51,3,0,0,0,0,0
33,Ashley Barnes,eng  ENG,FW,Burnley,31,1989,9.0,21,2.34,15,0,0,2,3,1,1,0.11,1,0,0,0,0,0
34,Harvey Barnes,eng  ENG,"FW,MF",Leicester City,23,1997,23.3,57,2.44,45,0,8,2,2,0,13,0.56,11,0,0,2,0,0
35,Lewis Bate,eng  ENG,MF,Leeds United,18,2002,1.6,2,1.23,1,0,0,1,0,0,0,0.00,0,0,0,0,0,0
36,Mads Bech Sørensen,dk  DEN,DF,Brentford,22,1999,9.3,9,0.97,4,5,0,0,0,0,0,0.00,0,0,0,0,0,0
37,Jan Bednarek,pl  POL,DF,Southampton,25,1996,29.2,19,0.65,16,2,0,0,0,1,0,0.00,0,0,0,0,0,0
38,Asmir Begović,ba  BIH,GK,Everton,34,1987,3.0,0,0.00,0,0,0,0,0,0,0,0.00,0,0,0,0,0,0
39,Saïd Benrahma,dz  ALG,"FW,MF",West Ham,25,1995,24.1,69,2.86,53,0,6,5,4,1,8,0.33,7,0,0,1,0,0
40,Rodrigo Bentancur,uy  URU,MF,Tottenham,24,1997,15.1,35,2.31,33,0,0,2,0,0,7,0.46,6,0,0,1,0,0
41,Christian Benteke,be  BEL,FW,Crystal Palace,30,1990,12.7,20,1.57,17,0,1,1,1,0,1,0.08,1,0,0,0,0,0
42,Jóhann Berg Guðmundsson,is  ISL,MF,Burnley,30,1990,12.2,19,1.55,14,0,1,1,2,1,2,0.16,2,0,0,0,0,0
43,Steven Bergwijn,nl  NED,"FW,MF",Tottenham,23,1997,6.3,20,3.19,15,1,2,1,1,0,3,0.48,1,0,1,0,1,0
44,Ryan Bertrand,eng  ENG,DF,Leicester City,31,1989,3.7,2,0.53,1,1,0,0,0,0,0,0.00,0,0,0,0,0,0
45,Mads Bidstrup,dk  DEN,MF,Brentford,20,2001,0.5,0,0.00,0,0,0,0,0,0,0,0.00,0,0,0,0,0,0
46,Yves Bissouma,ml  MLI,MF,Brighton,24,1996,23.5,24,1.02,16,0,4,1,2,1,4,0.17,3,0,0,0,1,0
47,Willy Boly,ci  CIV,DF,Wolves,30,1991,10.0,2,0.20,1,0,0,0,0,1,0,0.00,0,0,0,0,0,0
48,Jarrod Bowen,eng  ENG,FW,West Ham,24,1996,33.1,95,2.87,53,19,8,8,4,3,21,0.63,10,4,3,1,3,0
49,Jarrad Branthwaite,eng  ENG,DF,Everton,19,2002,4.3,0,0.00,0,0,0,0,0,0,0,0.00,0,0,0,0,0,0
50,Armando Broja,al  ALB,FW,Southampton,19,2001,21.9,37,1.69,17,0,6,5,5,4,3,0.14,0,0,1,0,2,0
51,Josh Brownhill,eng  ENG,MF,Burnley,25,1995,32.8,66,2.01,41,19,2,1,1,2,4,0.12,1,2,1,0,0,0
52,Lewis Brunt,eng  ENG,MF,Leicester City,20,2000,0.3,0,0.00,0,0,0,0,0,0,0,0.00,0,0,0,0,0,0
53,Bryan,es  ESP,"FW,MF",Tottenham,20,2001,1.0,5,4.79,4,0,0,1,0,0,1,0.96,1,0,0,0,0,0
54,Emi Buendía,ar  ARG,"FW,MF",Aston Villa,24,1996,21.1,74,3.51,61,3,3,2,5,0,10,0.47,7,0,2,1,0,0
55,Jack Butland,eng  ENG,GK,Crystal Palace,28,1993,8.5,0,0.00,0,0,0,0,0,0,0,0.00,0,0,0,0,0,0
56,Sam Byram,eng  ENG,DF,Norwich City,27,1993,11.4,11,0.96,8,0,1,1,0,1,2,0.18,1,0,0,0,0,1
57,Willy Caballero,ar  ARG,GK,Southampton,39,1981,2.0,0,0.00,0,0,0,0,0,0,0,0.00,0,0,0,0,0,0
58,Moisés Caicedo,ec  ECU,MF,Brighton,19,2001,7.3,10,1.36,8,0,1,1,0,0,2,0.27,2,0,0,0,0,0
59,Dominic Calvert-Lewin,eng  ENG,FW,Everton,24,1997,14.3,30,2.10,21,1,2,1,4,1,4,0.28,3,0,0,0,1,0
60,Chem Campbell,wls  WAL,MF,Wolves,18,2002,0.1,0,0.00,0,0,0,0,0,0,0,0.00,0,0,0,0,0,0
61,João Cancelo,pt  POR,DF,Manchester City,27,1994,35.9,103,2.87,82,0,7,12,1,1,16,0.45,11,0,1,3,0,1
62,Sergi Canós,es  ESP,DF,Brentford,24,1997,23.1,35,1.51,28,2,2,2,1,0,5,0.22,4,0,0,1,0,0
63,Todd Cantwell,eng  ENG,"FW,MF",Norwich City,23,1998,4.9,5,1.02,5,0,0,0,0,0,0,0.00,0,0,0,0,0,0
64,Matty Cash,pl  POL,DF,Aston Villa,23,1997,37.5,54,1.44,37,4,4,2,6,1,7,0.19,4,2,1,0,0,0
65,Timothy Castagne,be  BEL,DF,Leicester City,25,1995,23.6,25,1.06,21,3,0,0,1,0,1,0.04,0,0,0,0,1,0
66,Jonny Castro,es  ESP,DF,Wolves,27,1994,11.4,18,1.58,16,0,0,0,1,1,0,0.00,0,0,0,0,0,0
67,Craig Cathcart,nir  NIR,DF,Watford,32,1989,26.6,5,0.19,5,0,0,0,0,0,0,0.00,0,0,0,0,0,0
68,Edinson Cavani,uy  URU,FW,Manchester Utd,34,1987,8.5,11,1.29,8,0,0,2,1,0,2,0.23,1,0,0,1,0,0
69,Kayky Chagas,br  BRA,FW,Manchester City,18,2003,0.1,0,0.00,0,0,0,0,0,0,0,0.00,0,0,0,0,0,0
70,Trevoh Chalobah,eng  ENG,DF,Chelsea,22,1999,16.1,7,0.43,7,0,0,0,0,0,1,0.06,1,0,0,0,0,0
71,Daniel Chesters,eng  ENG,MF,West Ham,19,2002,0.0,0,0.00,0,0,0,0,0,0,0,0.00,0,0,0,0,0,0
72,Ben Chilwell,eng  ENG,DF,Chelsea,24,1996,6.0,21,3.49,11,7,1,1,0,1,1,0.17,0,1,0,0,0,0
73,Chiquinho,pt  POR,"DF,MF",Wolves,21,2000,2.3,10,4.33,7,1,1,0,1,0,3,1.30,3,0,0,0,0,0
74,Hamza Choudhury,eng  ENG,"DF,MF",Leicester City,23,1997,3.2,1,0.32,0,0,0,0,1,0,0,0.00,0,0,0,0,0,0
75,Andreas Christensen,dk  DEN,DF,Chelsea,25,1996,16.6,8,0.48,7,0,1,0,0,0,0,0.00,0,0,0,0,0,0
76,Carney Chukwuemeka,eng  ENG,"MF,FW",Aston Villa,17,2004,3.3,4,1.20,4,0,0,0,0,0,1,0.30,1,0,0,0,0,0
77,Ciaran Clark,ie  IRL,DF,Newcastle Utd,31,1989,11.3,5,0.44,4,0,0,1,0,0,1,0.09,1,0,0,0,0,0
78,Tom Cleverley,eng  ENG,MF,Watford,31,1989,18.0,35,1.95,20,10,0,1,4,0,3,0.17,2,1,0,0,0,0
79,Nathaniel Clyne,eng  ENG,DF,Crystal Palace,30,1991,15.0,11,0.73,9,1,0,0,0,1,2,0.13,2,0,0,0,0,0
80,Conor Coady,eng  ENG,DF,Wolves,28,1993,37.3,7,0.19,7,0,0,0,0,0,0,0.00,0,0,0,0,0,0
81,Séamus Coleman,ie  IRL,DF,Everton,32,1988,29.5,38,1.29,28,3,0,2,3,2,4,0.14,2,0,0,0,2,0
82,Nathan Collins,ie  IRL,DF,Burnley,20,2001,18.6,17,0.92,10,2,1,3,1,0,1,0.05,1,0,0,0,0,0
83,Aaron Connolly,ie  IRL,FW,Brighton,21,2000,1.7,2,1.15,2,0,0,0,0,0,0,0.00,0,0,0,0,0,0
84,Liam Cooper,sct  SCO,DF,Leeds United,29,1991,20.2,9,0.45,7,0,0,1,1,0,2,0.10,1,0,0,1,0,0
85,Jack Cork,eng  ENG,MF,Burnley,32,1989,18.6,12,0.65,10,0,0,0,1,1,0,0.00,0,0,0,0,0,0
86,Maxwel Cornet,ci  CIV,"FW,MF",Burnley,24,1996,19.6,27,1.38,16,3,1,3,4,0,6,0.31,1,1,1,1,2,0
87,Hélder Costa,ao  ANG,MF,Leeds United,27,1994,0.2,0,0.00,0,0,0,0,0,0,0,0.00,0,0,0,0,0,0
88,Vladimír Coufal,cz  CZE,DF,West Ham,28,1992,24.5,46,1.87,35,8,0,1,1,1,7,0.29,6,1,0,0,0,0
89,Philippe Coutinho,br  BRA,"MF,FW",Aston Villa,29,1992,14.8,54,3.66,38,4,4,5,3,0,6,0.41,5,0,0,1,0,0
90,Aaron Cresswell,eng  ENG,DF,West Ham,31,1989,30.3,49,1.62,27,20,0,2,0,0,5,0.17,2,3,0,0,0,0
91,Charlie Cresswell,eng  ENG,DF,Leeds United,18,2002,1.6,1,0.64,1,0,0,0,0,0,0,0.00,0,0,0,0,0,0
92,Cucho,co  COL,"FW,MF",Watford,22,1999,12.7,40,3.14,26,4,5,3,1,1,6,0.47,3,1,0,1,0,1
93,Marc Cucurella,es  ESP,DF,Brighton,23,1998,34.3,78,2.27,66,7,1,2,1,1,2,0.06,1,1,0,0,0,0
94,Luke Cundle,eng  ENG,MF,Wolves,19,2002,2.0,3,1.50,3,0,0,0,0,0,0,0.00,0,0,0,0,0,0
95,Patson Daka,zm  ZAM,FW,Leicester City,22,1998,12.9,24,1.86,21,0,0,1,1,1,7,0.54,5,0,0,1,0,1
96,Stuart Dallas,nir  NIR,"DF,MF",Leeds United,30,1991,32.4,64,1.97,38,18,2,1,2,3,3,0.09,2,0,0,0,0,1
97,Diogo Dalot,pt  POR,DF,Manchester Utd,22,1999,20.0,37,1.85,33,1,2,0,1,0,5,0.25,5,0,0,0,0,0
98,Karl Darlow,eng  ENG,GK,Newcastle Utd,30,1990,8.0,0,0.00,0,0,0,0,0,0,0,0.00,0,0,0,0,0,0
99,Josh Dasilva,eng  ENG,"MF,FW",Brentford,22,1998,2.9,5,1.75,4,0,0,0,1,0,0,0.00,0,0,0,0,0,0
100,Ben Davies,wls  WAL,DF,Tottenham,28,1993,28.2,29,1.03,27,1,0,1,0,0,4,0.14,3,0,0,1,0,0
101,Tom Davies,eng  ENG,MF,Everton,23,1998,2.6,4,1.54,3,0,0,1,0,0,0,0.00,0,0,0,0,0,0
102,Keinan Davis,eng  ENG,FW,Aston Villa,23,1998,0.1,0,0.00,0,0,0,0,0,0,0,0.00,0,0,0,0,0,0
103,Craig Dawson,eng  ENG,DF,West Ham,31,1990,30.6,11,0.36,6,0,1,4,0,0,5,0.16,3,0,0,2,0,0
104,Kevin De Bruyne,be  BEL,MF,Manchester City,30,1991,24.5,139,5.68,94,32,3,5,5,0,14,0.57,8,3,2,0,1,0
105,Troy Deeney,eng  ENG,FW,Watford,33,1988,0.3,1,3.60,1,0,0,0,0,0,0,0.00,0,0,0,0,0,0
106,Liam Delap,eng  ENG,FW,Manchester City,18,2003,0.1,1,9.00,0,0,0,0,1,0,0,0.00,0,0,0,0,0,0
107,Fabian Delph,eng  ENG,MF,Everton,31,1989,7.4,5,0.68,4,0,0,0,0,1,0,0.00,0,0,0,0,0,0
108,Leander Dendoncker,be  BEL,MF,Wolves,26,1995,21.7,28,1.29,26,0,0,1,0,1,8,0.37,6,0,0,1,0,1
109,Emmanuel Dennis,ng  NGA,"FW,MF",Watford,23,1997,28.7,91,3.17,54,2,17,8,8,2,12,0.42,7,0,1,2,1,1
110,Kiernan Dewsbury Hall,eng  ENG,MF,Leicester City,22,1998,23.4,66,2.82,49,3,4,3,5,2,6,0.26,5,1,0,0,0,0
111,Ibrahima Diallo,fr  FRA,MF,Southampton,22,1999,11.4,29,2.55,25,0,2,0,1,1,4,0.35,4,0,0,0,0,0
112,Raphael Dias Belloli,br  BRA,"FW,MF",Leeds United,24,1996,32.4,119,3.67,66,22,13,9,6,3,9,0.28,4,0,2,0,2,1
113,Rúben Dias,pt  POR,DF,Manchester City,24,1997,26.7,30,1.12,26,0,0,3,0,1,6,0.22,4,0,0,2,0,0
114,Luis Díaz,co  COL,FW,Liverpool,24,1997,10.6,49,4.60,34,0,10,3,0,2,4,0.38,3,0,0,1,0,0
115,Eric Dier,eng  ENG,DF,Tottenham,27,1994,34.1,28,0.82,22,0,0,4,0,2,4,0.12,2,0,0,2,0,0
116,Virgil van Dijk,nl  NED,DF,Liverpool,30,1991,34.0,24,0.71,18,0,0,6,0,0,6,0.18,4,0,0,2,0,0
117,Issa Diop,fr  FRA,DF,West Ham,24,1997,10.7,2,0.19,2,0,0,0,0,0,1,0.09,1,0,0,0,0,0
118,Moussa Djenepo,ml  MLI,MF,Southampton,23,1998,5.1,16,3.15,12,0,2,1,1,0,1,0.20,1,0,0,0,0,0
119,Lewis Dobbin,eng  ENG,"FW,MF",Everton,18,2003,0.4,0,0.00,0,0,0,0,0,0,0,0.00,0,0,0,0,0,0
120,Matt Doherty,ie  IRL,DF,Tottenham,29,1992,9.7,23,2.37,19,0,1,3,0,0,4,0.41,4,0,0,0,0,0
121,Gabriel Dos Santos,br  BRA,DF,Arsenal,23,1997,34.0,22,0.65,20,0,0,1,0,1,1,0.03,1,0,0,0,0,0
122,Abdoulaye Doucouré,ml  MLI,MF,Everton,28,1993,28.2,53,1.88,48,0,2,2,0,1,7,0.25,5,0,1,1,0,0
123,Kieran Dowell,eng  ENG,"FW,MF",Norwich City,23,1997,10.1,23,2.27,18,5,0,0,0,0,1,0.10,1,0,0,0,0,0
124,Cody Drameh,eng  ENG,DF,Leeds United,19,2001,1.4,2,1.41,2,0,0,0,0,0,0,0.00,0,0,0,0,0,0
125,Martin Dúbravka,sk  SVK,GK,Newcastle Utd,32,1989,26.0,2,0.08,0,2,0,0,0,0,0,0.00,0,0,0,0,0,0
126,Shane Duffy,ie  IRL,DF,Brighton,29,1992,16.0,8,0.50,6,0,0,2,0,0,2,0.13,1,0,0,1,0,0
127,Paul Dummett,wls  WAL,DF,Newcastle Utd,29,1991,2.2,1,0.45,0,1,0,0,0,0,0,0.00,0,0,0,0,0,0
128,Lewis Dunk,eng  ENG,DF,Brighton,29,1991,28.6,15,0.52,11,1,0,3,0,0,2,0.07,1,1,0,0,0,0
129,Ederson,br  BRA,GK,Manchester City,27,1993,37.0,4,0.11,2,2,0,0,0,0,0,0.00,0,0,0,0,0,0
130,Odsonne Édouard,fr  FRA,FW,Crystal Palace,23,1998,17.4,39,2.24,26,0,4,5,0,4,3,0.17,2,0,0,1,0,0
131,CJ Egan-Riley,eng  ENG,DF,Manchester City,18,2003,0.0,0,0.00,0,0,0,0,0,0,0,0.00,0,0,0,0,0,0
132,Anthony Elanga,se  SWE,FW,Manchester Utd,19,2002,13.5,18,1.33,9,0,3,0,4,2,5,0.37,2,0,1,0,1,1
133,Harvey Elliott,eng  ENG,MF,Liverpool,18,2003,3.8,21,5.46,14,1,1,3,2,0,1,0.26,1,0,0,0,0,0
134,Mohamed Elneny,eg  EGY,MF,Arsenal,29,1992,9.0,13,1.45,13,0,0,0,0,0,2,0.22,2,0,0,0,0,0
135,Mohamed Elyounoussi,no  NOR,"MF,FW",Southampton,26,1994,22.7,52,2.29,41,0,2,5,3,1,5,0.22,3,0,0,2,0,0
136,Emerson,br  BRA,DF,Tottenham,22,1999,25.4,49,1.93,40,0,4,2,1,2,4,0.16,4,0,0,0,0,0
137,Christian Eriksen,dk  DEN,MF,Brentford,29,1992,10.4,53,5.08,26,24,0,1,2,0,7,0.67,3,3,0,0,1,0
138,Oghenekaro Etebo,ng  NGA,MF,Watford,25,1995,4.5,4,0.90,4,0,0,0,0,0,0,0.00,0,0,0,0,0,0
139,Jonny Evans,nir  NIR,DF,Leicester City,33,1988,15.0,8,0.53,7,1,0,0,0,0,2,0.13,1,1,0,0,0,0
140,Eberechi Eze,eng  ENG,"MF,FW",Crystal Palace,23,1998,6.7,22,3.27,11,7,1,1,1,1,2,0.30,1,1,0,0,0,0
141,Łukasz Fabiański,pl  POL,GK,West Ham,36,1985,37.0,3,0.08,2,1,0,0,0,0,0,0.00,0,0,0,0,0,0
142,Fabinho,br  BRA,MF,Liverpool,27,1993,25.7,39,1.52,31,0,0,3,4,1,5,0.19,3,0,0,2,0,0
143,Kiko Femenía,es  ESP,DF,Watford,30,1991,23.8,39,1.64,27,12,0,0,0,0,6,0.25,5,1,0,0,0,0
144,Evan Ferguson,ie  IRL,MF,Brighton,16,2004,0.3,0,0.00,0,0,0,0,0,0,0,0.00,0,0,0,0,0,0
145,Nathan Ferguson,eng  ENG,DF,Crystal Palace,20,2000,0.1,0,0.00,0,0,0,0,0,0,0,0.00,0,0,0,0,0,0
146,Bruno Fernandes,pt  POR,MF,Manchester Utd,26,1994,34.6,145,4.19,109,18,4,7,4,3,10,0.29,8,0,1,1,0,0
147,Álvaro Fernández,es  ESP,GK,Brentford,23,1998,12.0,0,0.00,0,0,0,0,0,0,0,0.00,0,0,0,0,0,0
148,Federico Fernández,ar  ARG,DF,Newcastle Utd,32,1989,5.8,3,0.52,1,0,0,2,0,0,1,0.17,0,0,0,1,0,0
149,Fernandinho,br  BRA,"MF,DF",Manchester City,36,1985,10.7,30,2.80,24,0,0,4,2,0,4,0.37,4,0,0,0,0,0
150,Roberto Firmino,br  BRA,FW,Liverpool,29,1991,11.0,37,3.36,32,0,1,3,0,1,6,0.55,4,0,0,1,0,1
151,Junior Firpo,es  ESP,DF,Leeds United,24,1996,19.0,43,2.26,34,4,1,1,1,2,4,0.21,2,1,0,0,0,1
152,Ashley Fletcher,eng  ENG,FW,Watford,25,1995,0.3,2,6.00,1,0,0,1,0,0,0,0.00,0,0,0,0,0,0
153,Phil Foden,eng  ENG,FW,Manchester City,21,2000,23.6,83,3.51,57,13,3,6,3,1,13,0.55,8,3,0,2,0,0
154,Wesley Fofana,fr  FRA,DF,Leicester City,20,2000,7.0,4,0.57,4,0,0,0,0,0,0,0.00,0,0,0,0,0,0
155,Pablo Fornals,es  ESP,"FW,MF",West Ham,25,1996,31.1,87,2.80,67,8,4,5,2,1,9,0.29,7,1,0,1,0,0
156,Adam Forshaw,eng  ENG,MF,Leeds United,29,1991,17.0,27,1.59,26,0,0,1,0,0,1,0.06,1,0,0,0,0,0
157,Marcus Forss,fi  FIN,"FW,MF",Brentford,22,1999,2.3,2,0.86,1,0,0,1,0,0,1,0.43,0,0,0,1,0,0
158,Fraser Forster,eng  ENG,GK,Southampton,33,1988,19.0,2,0.11,0,2,0,0,0,0,0,0.00,0,0,0,0,0,0
159,Ben Foster,eng  ENG,GK,Watford,38,1983,26.0,7,0.27,7,0,0,0,0,0,1,0.04,1,0,0,0,0,0
160,Tariqe Fosu,gh  GHA,DF,Brentford,25,1995,0.2,0,0.00,0,0,0,0,0,0,0,0.00,0,0,0,0,0,0
161,Ryan Fraser,sct  SCO,"FW,MF",Newcastle Utd,27,1994,16.3,47,2.89,28,8,0,5,5,1,6,0.37,3,1,0,1,1,0
162,Fred,br  BRA,MF,Manchester Utd,28,1993,22.5,57,2.53,47,0,1,1,4,4,8,0.36,6,0,0,0,1,1
163,Ryan Fredericks,eng  ENG,DF,West Ham,28,1992,3.4,2,0.59,2,0,0,0,0,0,0,0.00,0,0,0,0,0,0
164,Leo Fuhr Hjelde,no  NOR,DF,Leeds United,17,2003,1.7,3,1.80,3,0,0,0,0,0,0,0.00,0,0,0,0,0,0
165,Conor Gallagher,eng  ENG,MF,Crystal Palace,21,2000,31.6,89,2.82,44,23,3,7,10,2,13,0.41,8,1,2,0,1,1
166,Alejandro Garnacho,es  ESP,FW,Manchester Utd,17,2004,0.1,0,0.00,0,0,0,0,0,0,0,0.00,0,0,0,0,0,0
167,Dwight Gayle,eng  ENG,FW,Newcastle Utd,30,1990,0.4,2,4.74,2,0,0,0,0,0,0,0.00,0,0,0,0,0,0
168,Jean-Philippe Gbamin,ci  CIV,MF,Everton,25,1995,0.7,0,0.00,0,0,0,0,0,0,0,0.00,0,0,0,0,0,0
169,David de Gea,es  ESP,GK,Manchester Utd,30,1990,38.0,3,0.08,3,0,0,0,0,0,0,0.00,0,0,0,0,0,0
170,Joe Gelhardt,eng  ENG,"FW,MF",Leeds United,19,2002,8.3,22,2.65,14,0,3,1,4,0,6,0.72,2,0,2,0,2,0
171,Saman Ghoddos,ir  IRN,"DF,MF",Brentford,27,1993,6.0,25,4.20,18,2,0,1,3,1,2,0.34,1,0,0,0,1,0
172,Dimitris Giannoulis,gr  GRE,DF,Norwich City,25,1995,13.0,17,1.31,14,1,0,0,2,0,2,0.15,2,0,0,0,0,0
173,Morgan Gibbs-White,eng  ENG,"FW,MF",Wolves,21,2000,0.1,0,0.00,0,0,0,0,0,0,0,0.00,0,0,0,0,0,0
174,Ben Gibson,eng  ENG,DF,Norwich City,28,1993,27.7,11,0.40,10,0,0,0,0,1,1,0.04,1,0,0,0,0,0
175,Billy Gilmour,sct  SCO,MF,Norwich City,20,2001,20.6,48,2.33,21,22,1,3,0,1,1,0.05,0,1,0,0,0,0
176,Ben Godfrey,eng  ENG,DF,Everton,23,1998,22.5,31,1.38,24,2,1,2,0,2,2,0.09,1,0,0,1,0,0
177,André Gomes,pt  POR,MF,Everton,28,1993,6.9,13,1.89,9,0,2,1,1,0,2,0.29,1,0,1,0,0,0
178,Toti Gomes,pt  POR,DF,Wolves,22,1999,4.0,0,0.00,0,0,0,0,0,0,0,0.00,0,0,0,0,0,0
179,Joe Gomez,eng  ENG,DF,Liverpool,24,1997,3.7,8,2.18,7,0,0,0,1,0,2,0.54,2,0,0,0,0,0
180,Charlie Goode,eng  ENG,DF,Brentford,25,1995,5.0,12,2.40,2,7,1,1,0,1,0,0.00,0,0,0,0,0,0
181,Anthony Gordon,eng  ENG,"MF,FW",Everton,20,2001,25.4,73,2.88,38,14,5,2,12,2,5,0.20,1,2,0,0,2,0
182,Kaide Gordon,eng  ENG,FW,Liverpool,16,2004,0.1,0,0.00,0,0,0,0,0,0,0,0.00,0,0,0,0,0,0
183,Dan Gosling,eng  ENG,MF,Watford,31,1990,1.8,2,1.08,1,0,0,0,1,0,0,0.00,0,0,0,0,0,0
184,Demarai Gray,eng  ENG,"MF,FW",Everton,25,1996,26.0,83,3.20,48,13,12,4,6,0,6,0.23,3,1,1,1,0,0
185,Jack Grealish,eng  ENG,FW,Manchester City,25,1995,21.3,110,5.17,87,1,5,5,11,1,7,0.33,7,0,0,0,0,0
186,Mason Greenwood,eng  ENG,"FW,MF",Manchester Utd,19,2001,14.1,44,3.12,37,0,4,1,2,0,7,0.50,6,0,0,1,0,0
187,Sam Greenwood,eng  ENG,"MF,FW",Leeds United,19,2002,2.6,6,2.28,5,0,0,1,0,0,2,0.76,2,0,0,0,0,0
188,Pascal Groß,de  GER,"MF,DF",Brighton,30,1991,22.6,91,4.02,49,37,1,4,0,0,7,0.31,2,3,1,1,0,0
189,Vicente Guaita,es  ESP,GK,Crystal Palace,34,1987,29.5,1,0.03,1,0,0,0,0,0,0,0.00,0,0,0,0,0,0
190,Marc Guéhi,eng  ENG,DF,Crystal Palace,21,2000,35.8,21,0.59,18,0,0,2,0,1,2,0.06,1,0,0,1,0,0
191,Bruno Guimarães,br  BRA,MF,Newcastle Utd,23,1997,11.5,24,2.09,19,0,1,2,0,2,3,0.26,1,0,0,1,0,1
192,İlkay Gündoğan,de  GER,MF,Manchester City,30,1990,20.6,71,3.44,52,12,5,1,0,1,7,0.34,6,0,1,0,0,0
193,Angus Gunn,eng  ENG,GK,Norwich City,25,1996,9.0,0,0.00,0,0,0,0,0,0,0,0.00,0,0,0,0,0,0
194,Grant Hanley,sct  SCO,DF,Norwich City,29,1991,32.2,10,0.31,5,1,0,4,0,0,0,0.00,0,0,0,0,0,0
195,Jack Harrison,eng  ENG,"FW,MF",Leeds United,24,1996,29.3,79,2.69,52,7,8,6,5,1,3,0.10,1,0,1,1,0,0
196,Kortney Hause,eng  ENG,DF,Aston Villa,26,1995,4.4,0,0.00,0,0,0,0,0,0,0,0.00,0,0,0,0,0,0
197,Kai Havertz,de  GER,"FW,MF",Chelsea,22,1999,20.1,53,2.64,40,0,2,6,5,0,7,0.35,4,0,1,1,1,0
198,Isaac Hayden,eng  ENG,"MF,DF",Newcastle Utd,26,1995,11.1,6,0.54,6,0,0,0,0,0,0,0.00,0,0,0,0,0,0
199,Hwang Hee-chan,kr  KOR,"FW,MF",Wolves,25,1996,20.2,34,1.69,23,0,3,3,3,2,3,0.15,1,0,1,0,0,1
200,Jordan Henderson,eng  ENG,MF,Liverpool,31,1990,28.9,78,2.70,71,4,2,0,0,1,11,0.38,11,0,0,0,0,0
201,Jeff Hendrick,ie  IRL,MF,Newcastle Utd,29,1992,0.8,1,1.25,1,0,0,0,0,0,0,0.00,0,0,0,0,0,0
202,Wayne Hennessey,wls  WAL,GK,Burnley,34,1987,2.0,3,1.50,1,2,0,0,0,0,0,0.00,0,0,0,0,0,0
203,Rico Henry,eng  ENG,DF,Brentford,24,1997,30.8,41,1.33,36,1,3,0,1,0,1,0.03,1,0,0,0,0,0
204,Son Heung-min,kr  KOR,"FW,MF",Tottenham,29,1992,33.4,129,3.86,75,35,4,8,6,1,15,0.45,8,4,0,0,3,0
205,Ki-Jana Hoever,nl  NED,DF,Wolves,19,2002,3.4,3,0.88,3,0,0,0,0,0,0,0.00,0,0,0,0,0,0
206,Rob Holding,eng  ENG,DF,Arsenal,25,1995,9.4,3,0.32,3,0,0,0,0,0,0,0.00,0,0,0,0,0,0
207,Mason Holgate,eng  ENG,DF,Everton,24,1996,23.7,3,0.13,3,0,0,0,0,0,1,0.04,1,0,0,0,0,0
208,Callum Hudson-Odoi,eng  ENG,"FW,MF",Chelsea,20,2000,10.7,51,4.77,37,0,7,3,4,0,6,0.56,4,0,0,0,2,0
209,Will Hughes,eng  ENG,MF,Crystal Palace,26,1995,11.7,20,1.71,12,3,0,0,2,3,3,0.26,1,1,0,0,1,0
210,Pierre Højbjerg,dk  DEN,MF,Tottenham,25,1995,35.5,81,2.28,67,3,5,1,2,3,5,0.14,5,0,0,0,0,0
211,Adam Idah,ie  IRL,"FW,MF",Norwich City,20,2001,6.9,12,1.73,8,1,1,0,2,0,1,0.14,1,0,0,0,0,0
212,Kelechi Iheanacho,ng  NGA,FW,Leicester City,24,1996,14.0,36,2.56,28,1,2,2,1,2,8,0.57,5,0,0,1,0,2
213,Danny Ings,eng  ENG,FW,Aston Villa,29,1992,21.1,31,1.47,24,0,1,4,1,1,8,0.38,8,0,0,0,0,0
214,Tim Iroegbunam,eng  ENG,MF,Aston Villa,18,2003,1.0,0,0.00,0,0,0,0,0,0,0,0.00,0,0,0,0,0,0
215,Alex Iwobi,ng  NGA,"MF,DF",Everton,25,1996,22.6,62,2.74,58,2,0,1,0,1,6,0.27,6,0,0,0,0,0
216,Reece James,eng  ENG,DF,Chelsea,21,1999,20.7,79,3.81,61,8,3,4,3,0,11,0.53,9,1,1,0,0,0
217,Vitaly Janelt,de  GER,MF,Brentford,23,1998,25.5,53,2.08,40,3,2,4,3,1,4,0.16,3,0,0,1,0,0
218,Pontus Jansson,se  SWE,DF,Brentford,30,1991,36.9,15,0.41,7,0,0,7,1,0,4,0.11,1,0,0,2,1,0
219,Mathias Jensen,dk  DEN,MF,Brentford,25,1996,17.8,57,3.20,35,19,1,0,0,2,3,0.17,2,1,0,0,0,0
220,Gabriel Jesus,br  BRA,FW,Manchester City,24,1997,20.9,78,3.74,52,0,13,7,4,2,18,0.86,11,0,2,1,2,2
221,Raúl Jiménez,mx  MEX,FW,Wolves,30,1991,29.2,67,2.29,47,1,4,7,5,3,15,0.51,7,0,3,3,1,1
222,Joelinton,br  BRA,"MF,FW",Newcastle Utd,24,1996,28.4,64,2.25,44,0,3,8,6,3,6,0.21,4,0,0,1,1,0
223,Ben Johnson,eng  ENG,DF,West Ham,21,2000,15.5,16,1.03,14,1,0,0,1,0,2,0.13,2,0,0,0,0,0
224,Curtis Jones,eng  ENG,MF,Liverpool,20,2001,9.5,26,2.75,15,1,2,3,3,2,2,0.21,1,0,0,1,0,0
225,Phil Jones,eng  ENG,DF,Manchester Utd,29,1992,1.8,2,1.10,1,0,0,0,1,0,0,0.00,0,0,0,0,0,0
226,Jorginho,it  ITA,MF,Chelsea,29,1991,25.3,60,2.38,52,1,1,2,2,2,8,0.32,8,0,0,0,0,0
227,Diogo Jota,pt  POR,FW,Liverpool,24,1996,26.3,87,3.31,58,0,12,4,9,4,14,0.53,7,0,4,1,2,0
228,James Justin,eng  ENG,DF,Leicester City,23,1998,11.1,16,1.44,15,0,0,0,1,0,1,0.09,1,0,0,0,0,0
229,Mathias Jørgensen,dk  DEN,DF,Brentford,31,1990,5.8,6,1.04,3,2,0,1,0,0,0,0.00,0,0,0,0,0,0
230,Ozan Kabak,tr  TUR,DF,Norwich City,21,2000,10.2,10,0.98,4,0,1,1,3,1,0,0.00,0,0,0,0,0,0
231,Christian Kabasele,be  BEL,DF,Watford,30,1991,13.3,5,0.38,4,0,0,1,0,0,0,0.00,0,0,0,0,0,0
232,Samuel Kalu,ng  NGA,FW,Watford,23,1997,2.5,6,2.43,3,0,0,0,2,1,0,0.00,0,0,0,0,0,0
233,Hassane Kamara,ci  CIV,DF,Watford,27,1994,18.0,21,1.16,16,0,1,1,0,3,0,0.00,0,0,0,0,0,0
234,Harry Kane,eng  ENG,FW,Tottenham,28,1993,35.9,117,3.26,86,2,10,11,6,2,21,0.58,17,0,1,3,0,0
235,N'Golo Kanté,fr  FRA,MF,Chelsea,30,1991,19.7,61,3.10,52,0,4,2,0,3,13,0.66,11,0,1,1,0,0
236,Edo Kayembe,cd  COD,MF,Watford,22,1998,8.9,13,1.46,12,0,0,1,0,0,0,0.00,0,0,0,0,0,0
237,Moise Kean,it  ITA,FW,Everton,21,2000,0.0,0,0.00,0,0,0,0,0,0,0,0.00,0,0,0,0,0,0
238,Michael Keane,eng  ENG,DF,Everton,28,1993,31.0,14,0.45,9,2,0,3,0,0,1,0.03,1,0,0,0,0,0
239,Naby Keïta,gn  GUI,MF,Liverpool,26,1995,13.0,43,3.30,33,0,3,4,0,3,6,0.46,4,0,1,1,0,0
240,Caoimhín Kelleher,ie  IRL,GK,Liverpool,22,1998,2.0,0,0.00,0,0,0,0,0,0,0,0.00,0,0,0,0,0,0
241,Kenedy,br  BRA,DF,Chelsea,25,1996,0.6,3,4.66,2,0,0,1,0,0,1,1.55,1,0,0,0,0,0
242,Jonjoe Kenny,eng  ENG,DF,Everton,24,1997,11.3,20,1.77,15,2,2,1,0,0,2,0.18,2,0,0,0,0,0
243,Max Kilman,eng  ENG,DF,Wolves,24,1997,29.9,9,0.30,6,0,1,1,0,1,1,0.03,0,0,0,1,0,0
244,Joshua King,no  NOR,FW,Watford,29,1992,25.0,60,2.40,46,0,4,4,5,1,7,0.28,5,0,1,1,0,0
245,Kristoffer Klaesson,no  NOR,GK,Leeds United,20,2000,0.4,0,0.00,0,0,0,0,0,0,0,0.00,0,0,0,0,0,0
246,Mateusz Klich,pl  POL,MF,Leeds United,31,1990,23.0,68,2.95,54,3,3,4,3,1,6,0.26,5,0,0,1,0,0
247,Robin Koch,de  GER,"MF,DF",Leeds United,25,1996,17.5,18,1.03,16,0,0,1,1,0,1,0.06,1,0,0,0,0,0
248,Sead Kolašinac,ba  BIH,DF,Arsenal,28,1993,1.0,0,0.00,0,0,0,0,0,0,0,0.00,0,0,0,0,0,0
249,Ibrahima Konaté,fr  FRA,DF,Liverpool,22,1999,11.0,6,0.55,6,0,0,0,0,0,2,0.18,2,0,0,0,0,0
250,Ezri Konsa,eng  ENG,DF,Aston Villa,23,1997,27.5,10,0.36,8,0,0,1,0,1,0,0.00,0,0,0,0,0,0
251,Cheikhou Kouyaté,sn  SEN,MF,Crystal Palace,31,1989,21.9,17,0.78,14,0,2,0,0,1,1,0.05,1,0,0,0,0,0
252,Mateo Kovačić,hr  CRO,MF,Chelsea,27,1994,17.3,58,3.35,50,0,2,3,3,0,6,0.35,6,0,0,0,0,0
253,Emil Krafth,se  SWE,DF,Newcastle Utd,26,1994,18.2,13,0.72,7,4,1,1,0,0,1,0.06,1,0,0,0,0,0
254,Alex Král,cz  CZE,MF,West Ham,23,1998,0.0,0,0.00,0,0,0,0,0,0,0,0.00,0,0,0,0,0,0
255,Tim Krul,nl  NED,GK,Norwich City,33,1988,29.0,5,0.17,3,2,0,0,0,0,0,0.00,0,0,0,0,0,0
256,Juraj Kucka,sk  SVK,MF,Watford,34,1987,21.3,37,1.73,23,0,5,2,5,2,2,0.09,1,0,0,0,1,0
257,Dejan Kulusevski,se  SWE,"MF,FW",Tottenham,21,2000,14.0,47,3.35,35,0,6,5,1,0,14,1.00,10,0,3,1,0,0
258,Alexandre Lacazette,fr  FRA,"FW,MF",Arsenal,30,1991,19.8,65,3.28,43,0,7,4,9,2,9,0.45,6,0,0,1,1,1
259,Adam Lallana,eng  ENG,MF,Brighton,33,1988,17.3,27,1.56,23,0,1,0,2,1,3,0.17,3,0,0,0,0,0
260,Tariq Lamptey,eng  ENG,"DF,FW",Brighton,20,2000,17.3,47,2.71,33,0,4,3,4,3,2,0.12,2,0,0,0,0,0
261,Manuel Lanzini,ar  ARG,"MF,FW",West Ham,28,1993,19.8,55,2.77,45,5,2,0,2,1,10,0.50,6,1,1,0,1,1
262,Aymeric Laporte,es  ESP,DF,Manchester City,27,1994,31.4,30,0.95,26,0,0,3,1,0,4,0.13,2,0,0,1,1,0
263,Jamaal Lascelles,eng  ENG,DF,Newcastle Utd,27,1993,22.9,6,0.26,6,0,0,0,0,0,1,0.04,1,0,0,0,0,0
264,Pierre Lees-Melou,fr  FRA,MF,Norwich City,28,1993,25.2,52,2.07,44,1,1,1,1,4,1,0.04,0,0,0,0,1,0
265,Aaron Lennon,eng  ENG,MF,Burnley,34,1987,17.2,32,1.86,20,0,5,1,6,0,5,0.29,1,0,2,0,2,0
266,Bernd Leno,de  GER,GK,Arsenal,29,1992,4.0,0,0.00,0,0,0,0,0,0,0,0.00,0,0,0,0,0,0
267,Jamal Lewis,nir  NIR,DF,Newcastle Utd,23,1998,2.9,2,0.69,2,0,0,0,0,0,1,0.34,1,0,0,0,0,0
268,Victor Lindelöf,se  SWE,DF,Manchester Utd,27,1994,26.2,10,0.38,10,0,0,0,0,0,3,0.11,3,0,0,0,0,0
269,Jesse Lingard,eng  ENG,"FW,MF",Manchester Utd,28,1992,4.1,15,3.68,12,0,0,2,1,0,1,0.25,0,0,0,1,0,0
270,Valentino Livramento,eng  ENG,DF,Southampton,18,2002,24.5,40,1.63,37,0,1,0,2,0,2,0.08,1,0,0,0,1,0
271,Diego Llorente,es  ESP,DF,Leeds United,27,1993,26.0,6,0.23,6,0,0,0,0,0,0,0.00,0,0,0,0,0,0
272,Hugo Lloris,fr  FRA,GK,Tottenham,34,1986,38.0,6,0.16,6,0,0,0,0,0,2,0.05,2,0,0,0,0,0
273,Giovani Lo Celso,ar  ARG,"MF,FW",Tottenham,25,1996,2.6,10,3.78,5,2,0,1,2,0,0,0.00,0,0,0,0,0,0
274,Jürgen Locadia,nl  NED,FW,Brighton,27,1993,0.3,0,0.00,0,0,0,0,0,0,0,0.00,0,0,0,0,0,0
275,Ruben Loftus-Cheek,eng  ENG,"MF,DF",Chelsea,25,1996,15.5,52,3.36,39,0,3,4,3,3,7,0.45,4,0,0,2,0,1
276,Kevin Long,ie  IRL,DF,Burnley,30,1990,4.6,1,0.22,1,0,0,0,0,0,0,0.00,0,0,0,0,0,0
277,Shane Long,ie  IRL,FW,Southampton,34,1987,3.4,5,1.46,2,0,0,0,3,0,0,0.00,0,0,0,0,0,0
278,Sean Longstaff,eng  ENG,MF,Newcastle Utd,23,1997,16.3,24,1.48,20,1,0,1,0,2,4,0.25,3,0,0,0,0,1
279,Ademola Lookman,ng  NGA,"FW,MF",Leicester City,23,1997,16.1,40,2.48,30,1,4,2,2,1,2,0.12,1,0,0,0,1,0
280,Jonas Lössl,dk  DEN,GK,Brentford,32,1989,2.0,0,0.00,0,0,0,0,0,0,0,0.00,0,0,0,0,0,0
281,Imran Louza,ma  MAR,MF,Watford,22,1999,15.7,30,1.91,13,11,1,2,1,2,1,0.06,1,0,0,0,0,0
282,Matthew Lowton,eng  ENG,DF,Burnley,32,1989,19.7,33,1.68,25,4,0,1,2,1,2,0.10,1,0,0,1,0,0
283,Douglas Luiz,br  BRA,MF,Aston Villa,23,1998,30.2,75,2.49,46,19,1,3,6,0,8,0.27,3,2,0,2,1,0
284,Romelu Lukaku,be  BEL,FW,Chelsea,28,1993,17.7,44,2.49,30,0,4,2,6,2,5,0.28,0,0,1,0,3,1
285,Lyanco,br  BRA,DF,Southampton,24,1997,10.1,9,0.89,6,0,0,1,0,2,1,0.10,1,0,0,0,0,0
286,Alexis Mac Allister,ar  ARG,"MF,FW",Brighton,22,1998,23.6,66,2.80,46,9,1,2,4,4,4,0.17,1,2,0,1,0,0
287,James Maddison,eng  ENG,"MF,FW",Leicester City,24,1996,27.3,100,3.66,56,12,9,8,12,3,19,0.70,13,1,1,1,2,1
288,Harry Maguire,eng  ENG,DF,Manchester Utd,28,1993,27.9,20,0.72,11,2,1,4,1,1,1,0.04,1,0,0,0,0,0
289,Riyad Mahrez,dz  ALG,FW,Manchester City,30,1991,16.6,64,3.85,49,9,1,3,1,1,7,0.42,4,2,0,1,0,0
290,Ainsley Maitland-Niles,eng  ENG,MF,Arsenal,23,1997,3.0,8,2.69,5,1,0,1,0,1,0,0.00,0,0,0,0,0,0
291,Sadio Mané,sn  SEN,FW,Liverpool,29,1992,31.3,97,3.10,67,0,5,14,8,3,13,0.42,7,0,1,4,1,0
292,Javier Manquillo,es  ESP,DF,Newcastle Utd,27,1994,14.0,9,0.64,8,0,0,0,1,0,4,0.29,3,0,0,0,1,0
293,Fernando Marçal,br  BRA,DF,Wolves,32,1989,16.1,17,1.06,15,0,0,1,1,0,1,0.06,0,0,0,1,0,0
294,Solly March,eng  ENG,"DF,FW",Brighton,27,1994,19.4,67,3.45,41,14,7,0,3,2,4,0.21,3,0,0,0,1,0
295,Pablo Marí,es  ESP,DF,Arsenal,27,1993,2.0,1,0.50,1,0,0,0,0,0,0,0.00,0,0,0,0,0,0
296,Anthony Martial,fr  FRA,FW,Manchester Utd,25,1995,2.4,3,1.27,3,0,0,0,0,0,2,0.85,2,0,0,0,0,0
297,Martinelli,br  BRA,"FW,MF",Arsenal,20,2001,20.7,70,3.39,47,4,8,7,2,2,11,0.53,6,2,1,2,0,0
298,Emiliano Martínez,ar  ARG,GK,Aston Villa,28,1992,36.0,3,0.08,3,0,0,0,0,0,1,0.03,1,0,0,0,0,0
299,Adam Masina,ma  MAR,DF,Watford,27,1994,12.0,11,0.92,6,3,0,0,1,1,1,0.08,1,0,0,0,0,0
300,Arthur Masuaku,cd  COD,"DF,FW",West Ham,27,1993,7.2,6,0.83,4,2,0,0,0,0,2,0.28,1,1,0,0,0,0
301,Juan Mata,es  ESP,MF,Manchester Utd,33,1988,2.6,6,2.30,6,0,0,0,0,0,0,0.00,0,0,0,0,0,0
302,Jean-Philippe Mateta,fr  FRA,FW,Crystal Palace,24,1997,12.7,18,1.41,15,0,0,3,0,0,2,0.16,1,0,0,1,0,0
303,Nemanja Matić,rs  SRB,MF,Manchester Utd,32,1988,15.4,28,1.82,25,0,0,0,1,2,5,0.33,5,0,0,0,0,0
304,Joël Matip,cm  CMR,DF,Liverpool,29,1991,31.0,34,1.10,26,0,0,7,1,0,9,0.29,7,0,0,1,1,0
305,Neal Maupay,fr  FRA,FW,Brighton,24,1996,25.3,64,2.53,46,0,7,6,5,0,3,0.12,3,0,0,0,0,0
306,Bryan Mbeumo,fr  FRA,FW,Brentford,21,1999,32.3,77,2.39,49,9,8,5,5,1,12,0.37,10,1,0,0,1,0
307,James McArthur,sct  SCO,MF,Crystal Palace,33,1987,16.0,29,1.81,25,1,1,0,1,1,3,0.19,3,0,0,0,0,0
308,James Mcatee,eng  ENG,"MF,FW",Manchester City,18,2002,0.2,0,0.00,0,0,0,0,0,0,0,0.00,0,0,0,0,0,0
309,Kasey McAteer,eng  ENG,FW,Leicester City,19,2001,0.0,0,0.00,0,0,0,0,0,0,0,0.00,0,0,0,0,0,0
310,Liam McCarron,sct  SCO,FW,Leeds United,20,2001,0.1,0,0.00,0,0,0,0,0,0,0,0.00,0,0,0,0,0,0
311,Alex McCarthy,eng  ENG,GK,Southampton,31,1989,17.0,1,0.06,1,0,0,0,0,0,0,0.00,0,0,0,0,0,0
312,John McGinn,sct  SCO,MF,Aston Villa,26,1994,34.3,96,2.80,66,20,3,2,4,1,5,0.15,4,1,0,0,0,0
313,Stuart McKinstry,sct  SCO,MF,Leeds United,18,2002,0.0,0,0.00,0,0,0,0,0,0,0,0.00,0,0,0,0,0,0
314,Kenny McLean,sct  SCO,MF,Norwich City,29,1992,30.1,34,1.13,27,2,0,2,0,3,2,0.07,2,0,0,0,0,0
315,Dwight McNeil,eng  ENG,MF,Burnley,21,1999,34.5,97,2.81,52,22,5,6,10,2,5,0.14,3,2,0,0,0,0
316,Scott McTominay,sct  SCO,MF,Manchester Utd,24,1996,26.5,45,1.70,37,0,3,1,2,2,6,0.23,4,0,0,1,0,1
317,Ben Mee,eng  ENG,DF,Burnley,31,1989,20.4,8,0.39,5,0,0,2,1,0,0,0.00,0,0,0,0,0,0
318,Hannibal Mejbri,tn  TUN,FW,Manchester Utd,18,2003,0.8,0,0.00,0,0,0,0,0,0,0,0.00,0,0,0,0,0,0
319,Benjamin Mendy,fr  FRA,DF,Manchester City,27,1994,0.9,4,4.62,4,0,0,0,0,0,0,0.00,0,0,0,0,0,0
320,Edouard Mendy,sn  SEN,GK,Chelsea,29,1992,34.0,2,0.06,2,0,0,0,0,0,0,0.00,0,0,0,0,0,0
321,Nampalys Mendy,sn  SEN,MF,Leicester City,29,1992,11.5,6,0.52,5,0,0,0,0,1,3,0.26,3,0,0,0,0,0
322,Illan Meslier,fr  FRA,GK,Leeds United,21,2000,37.6,2,0.05,1,1,0,0,0,0,0,0.00,0,0,0,0,0,0
323,Luka Milivojević,rs  SRB,MF,Crystal Palace,30,1991,8.6,16,1.86,6,9,0,0,1,0,1,0.12,1,0,0,0,0,0
324,James Milner,eng  ENG,"MF,DF",Liverpool,35,1986,9.5,31,3.27,23,6,1,1,0,0,1,0.11,1,0,0,0,0,0
325,Yerry Mina,co  COL,DF,Everton,26,1994,9.4,3,0.32,2,0,0,0,0,1,0,0.00,0,0,0,0,0,0
326,Takumi Minamino,jp  JPN,"FW,MF",Liverpool,26,1995,2.1,7,3.39,5,0,0,0,1,1,1,0.48,1,0,0,0,0,0
327,Tyrone Mings,eng  ENG,DF,Aston Villa,28,1993,35.4,26,0.73,20,0,0,3,2,1,4,0.11,3,0,0,1,0,0
328,Tyrick Mitchell,eng  ENG,DF,Crystal Palace,21,1999,34.5,41,1.19,35,2,1,1,1,1,5,0.15,5,0,0,0,0,0
329,Jakub Moder,pl  POL,"MF,FW",Brighton,22,1999,18.9,37,1.96,23,3,3,6,0,2,4,0.21,3,0,0,1,0,0
330,Wesley Moraes,br  BRA,FW,Aston Villa,24,1996,0.0,0,0.00,0,0,0,0,0,0,0,0.00,0,0,0,0,0,0
331,Tyler Morton,eng  ENG,MF,Liverpool,18,2002,0.7,1,1.36,1,0,0,0,0,0,0,0.00,0,0,0,0,0,0
332,Mason Mount,eng  ENG,"MF,FW",Chelsea,22,1999,26.3,111,4.23,72,21,5,8,4,1,15,0.57,9,4,0,1,1,0
333,Lucas Moura,br  BRA,"FW,MF",Tottenham,28,1992,19.7,63,3.19,52,0,3,2,5,1,9,0.46,9,0,0,0,0,0
334,João Moutinho,pt  POR,MF,Wolves,34,1986,33.0,68,2.06,44,18,1,2,0,3,4,0.12,3,1,0,0,0,0
335,Bali Mumba,eng  ENG,DF,Norwich City,19,2001,0.5,0,0.00,0,0,0,0,0,0,0,0.00,0,0,0,0,0,0
336,Jacob Murphy,eng  ENG,"FW,DF",Newcastle Utd,26,1995,16.4,45,2.75,34,2,4,4,1,0,5,0.31,2,0,0,2,1,0
337,Enock Mwepu,zm  ZAM,"MF,FW",Brighton,23,1998,11.1,22,1.99,17,0,0,2,3,0,7,0.63,6,0,0,0,1,0
338,Vitaliy Mykolenko,ua  UKR,DF,Everton,22,1999,11.7,14,1.19,8,4,0,0,1,1,3,0.26,1,1,0,0,1,0
339,Marvelous Nakamba,zw  ZIM,MF,Aston Villa,27,1994,10.0,6,0.60,5,0,0,0,1,0,0,0.00,0,0,0,0,0,0
340,Wilfred Ndidi,ng  NGA,"MF,DF",Leicester City,24,1996,18.0,14,0.78,9,0,0,3,1,1,2,0.11,1,0,0,1,0,0
341,Tanguy Ndombele,fr  FRA,MF,Tottenham,24,1996,5.4,13,2.42,10,0,1,1,1,0,1,0.19,1,0,0,0,0,0
342,Reiss Nelson,eng  ENG,FW,Arsenal,21,1999,0.2,3,13.50,2,0,0,1,0,0,0,0.00,0,0,0,0,0,0
343,Pedro Neto,pt  POR,"FW,MF",Wolves,21,2000,5.2,23,4.44,13,4,2,2,2,0,1,0.19,1,0,0,0,0,0
344,Rúben Neves,pt  POR,MF,Wolves,24,1997,29.6,55,1.86,45,2,1,3,2,2,3,0.10,3,0,0,0,0,0
345,Jeremy Ngakia,eng  ENG,DF,Watford,20,2000,10.0,12,1.20,8,2,0,1,1,0,1,0.10,1,0,0,0,0,0
346,Saúl Ñíguez,es  ESP,"MF,DF",Chelsea,26,1994,5.3,8,1.50,7,0,0,1,0,0,0,0.00,0,0,0,0,0,0
347,Eddie Nketiah,eng  ENG,FW,Arsenal,22,1999,9.3,23,2.48,15,0,2,3,1,2,4,0.43,1,0,0,1,0,2
348,Nicolas Nkoulou,cm  CMR,DF,Watford,31,1990,1.9,1,0.54,1,0,0,0,0,0,0,0.00,0,0,0,0,0,0
349,Mark Noble,eng  ENG,MF,West Ham,34,1987,3.7,5,1.36,5,0,0,0,0,0,0,0.00,0,0,0,0,0,0
350,Mathias Normann,no  NOR,MF,Norwich City,25,1996,18.3,34,1.86,14,5,5,3,4,3,3,0.16,3,0,0,0,0,0
351,Christian Nørgaard,dk  DEN,MF,Brentford,27,1994,33.9,49,1.44,43,0,3,1,1,1,6,0.18,5,0,1,0,0,0
352,Angelo Ogbonna,it  ITA,DF,West Ham,33,1988,10.2,2,0.20,2,0,0,0,0,0,1,0.10,1,0,0,0,0,0
353,Michael Olise,fr  FRA,"FW,MF",Crystal Palace,19,2001,12.7,38,3.00,32,3,1,1,1,0,7,0.55,6,0,0,1,0,0
354,Robin Olsen,se  SWE,GK,Aston Villa,31,1990,1.0,1,1.00,0,1,0,0,0,0,1,1.00,0,1,0,0,0,0
355,Andrew Omobamidele,ie  IRL,DF,Norwich City,19,2002,4.2,0,0.00,0,0,0,0,0,0,0,0.00,0,0,0,0,0,0
356,Tyler Onyango,eng  ENG,"MF,FW",Everton,18,2003,0.3,0,0.00,0,0,0,0,0,0,0,0.00,0,0,0,0,0,0
357,Frank Onyeka,ng  NGA,MF,Brentford,23,1998,11.6,17,1.46,11,0,1,1,4,0,1,0.09,0,0,0,0,1,0
358,Divock Origi,be  BEL,FW,Liverpool,26,1995,1.5,2,1.35,1,0,0,1,0,0,2,1.35,1,0,0,1,0,0
359,Alex Oxlade-Chamberlain,eng  ENG,"MF,FW",Liverpool,27,1993,8.7,21,2.41,17,0,2,0,1,1,1,0.11,1,0,0,0,0,0
360,Cole Palmer,eng  ENG,"FW,MF",Manchester City,19,2002,1.4,7,5.12,4,0,0,2,1,0,1,0.73,0,0,0,1,0,0
361,Emerson Palmieri,it  ITA,DF,Chelsea,26,1994,0.1,0,0.00,0,0,0,0,0,0,0,0.00,0,0,0,0,0,0
362,Thomas Partey,gh  GHA,MF,Arsenal,28,1993,22.5,51,2.26,39,0,5,4,3,0,3,0.13,2,0,0,1,0,0
363,João Pedro,br  BRA,"FW,MF",Watford,19,2001,18.3,49,2.68,33,0,7,4,4,1,4,0.22,3,0,0,1,0,0
364,Nicolas Pépé,ci  CIV,"FW,MF",Arsenal,26,1995,7.7,28,3.62,15,9,2,2,0,0,4,0.52,2,0,0,2,0,0
365,Ricardo Pereira,pt  POR,DF,Leicester City,27,1993,11.0,23,2.09,19,0,3,0,0,1,6,0.54,4,0,1,0,0,1
366,Ayoze Pérez,es  ESP,"MF,FW",Leicester City,28,1993,4.9,18,3.64,14,0,2,1,0,1,2,0.40,2,0,0,0,0,0
367,Sonny Perkins,eng  ENG,FW,West Ham,17,2004,0.0,0,0.00,0,0,0,0,0,0,0,0.00,0,0,0,0,0,0
368,Romain Perraud,fr  FRA,DF,Southampton,23,1997,18.0,27,1.50,20,1,2,2,1,1,3,0.17,3,0,0,0,0,0
369,Kalvin Phillips,eng  ENG,MF,Leeds United,25,1995,17.7,23,1.30,17,3,0,1,0,2,4,0.23,3,1,0,0,0,0
370,Jaden Philogene Bidace,eng  ENG,FW,Aston Villa,19,2002,0.1,1,18.00,0,0,0,0,1,0,0,0.00,0,0,0,0,0,0
371,Jordan Pickford,eng  ENG,GK,Everton,27,1994,35.0,7,0.20,4,3,0,0,0,0,1,0.03,1,0,0,0,0,0
372,Erik Pieters,nl  NED,DF,Burnley,32,1988,8.1,7,0.86,5,2,0,0,0,0,1,0.12,1,0,0,0,0,0
373,Ethan Pinnock,jm  JAM,DF,Brentford,28,1993,29.9,20,0.67,14,3,0,3,0,0,3,0.10,1,1,0,1,0,0
374,Daniel Podence,pt  POR,"FW,MF",Wolves,25,1995,16.5,62,3.76,48,0,4,5,4,1,4,0.24,3,0,0,1,0,0
375,Paul Pogba,fr  FRA,"MF,FW",Manchester Utd,28,1993,15.0,51,3.40,40,1,4,1,5,0,11,0.73,10,1,0,0,0,0
376,Nick Pope,eng  ENG,GK,Burnley,29,1992,36.0,8,0.22,5,3,0,0,0,0,0,0.00,0,0,0,0,0,0
377,Isaac Price,nir  NIR,MF,Everton,17,2003,0.2,0,0.00,0,0,0,0,0,0,0,0.00,0,0,0,0,0,0
378,Teemu Pukki,fi  FIN,FW,Norwich City,31,1990,36.1,60,1.66,36,0,9,2,11,2,4,0.11,3,0,0,0,1,0
379,Christian Pulisic,us  USA,"MF,FW",Chelsea,22,1998,14.3,33,2.30,23,0,0,2,5,3,2,0.14,2,0,0,0,0,0
380,Przemysław Płacheta,pl  POL,"FW,MF",Norwich City,23,1998,5.6,14,2.50,5,2,2,0,5,0,0,0.00,0,0,0,0,0,0
381,Jesuran Rak Sakyi,eng  ENG,"FW,MF",Crystal Palace,18,2002,0.9,0,0.00,0,0,0,0,0,0,0,0.00,0,0,0,0,0,0
382,Aaron Ramsdale,eng  ENG,GK,Arsenal,23,1998,34.0,1,0.03,0,1,0,0,0,0,1,0.03,0,1,0,0,0,0
383,Jacob Ramsey,eng  ENG,MF,Aston Villa,20,2001,27.4,63,2.30,49,0,3,2,8,1,3,0.11,2,0,0,1,0,0
384,Marcus Rashford,eng  ENG,"FW,MF",Manchester Utd,23,1997,13.7,29,2.11,18,0,4,2,5,0,3,0.22,3,0,0,0,0,0
385,Milot Rashica,xk  KVX,"FW,MF",Norwich City,25,1996,24.8,56,2.26,33,14,2,3,2,2,4,0.16,3,1,0,0,0,0
386,David Raya,es  ESP,GK,Brentford,25,1995,24.0,2,0.08,2,0,0,0,0,0,0,0.00,0,0,0,0,0,0
387,Nathan Redmond,eng  ENG,"MF,FW",Southampton,27,1994,20.4,66,3.24,53,4,2,4,2,1,8,0.39,6,1,0,0,1,0
388,Sergio Reguilón,es  ESP,DF,Tottenham,24,1996,21.3,52,2.44,41,3,3,2,3,0,5,0.23,5,0,0,0,0,0
389,Declan Rice,eng  ENG,MF,West Ham,22,1999,35.3,59,1.67,50,1,2,2,1,3,8,0.23,8,0,0,0,0,0
390,Taylor Richards,eng  ENG,"MF,FW",Brighton,20,2000,0.3,1,3.60,1,0,0,0,0,0,0,0.00,0,0,0,0,0,0
391,Richarlison,br  BRA,"FW,MF",Everton,24,1997,28.0,62,2.21,43,0,1,7,10,1,8,0.29,4,0,0,3,1,0
392,Jaïro Riedewald,nl  NED,MF,Crystal Palace,24,1996,1.3,3,2.29,2,1,0,0,0,0,0,0.00,0,0,0,0,0,0
393,Matt Ritchie,sct  SCO,DF,Newcastle Utd,31,1989,14.9,40,2.69,18,21,0,1,0,0,3,0.20,2,1,0,0,0,0
394,Connor Roberts,wls  WAL,DF,Burnley,25,1995,18.8,22,1.17,17,1,1,1,2,0,1,0.05,1,0,0,0,0,0
395,Tyler Roberts,wls  WAL,"MF,FW",Leeds United,22,1999,11.0,28,2.55,22,0,2,2,2,0,1,0.09,1,0,0,0,0,0
396,Andrew Robertson,sct  SCO,DF,Liverpool,27,1994,28.2,95,3.37,64,22,3,1,3,2,16,0.57,13,2,1,0,0,0
397,Joe Rodon,wls  WAL,DF,Tottenham,23,1997,1.0,0,0.00,0,0,0,0,0,0,0,0.00,0,0,0,0,0,0
398,Rodri,es  ESP,MF,Manchester City,25,1996,32.0,75,2.34,63,1,2,5,1,3,3,0.09,3,0,0,0,0,0
399,Rodrigo,es  ESP,"MF,FW",Leeds United,30,1991,25.2,73,2.90,61,3,2,1,2,4,4,0.16,2,0,1,0,0,1
400,Jay Rodriguez,eng  ENG,FW,Burnley,32,1989,15.4,24,1.56,15,0,1,6,2,0,3,0.20,2,0,0,1,0,0
401,Mads Roerslev,dk  DEN,DF,Brentford,22,1999,13.8,16,1.16,12,0,1,1,2,0,3,0.22,2,0,0,1,0,0
402,Cristian Romero,ar  ARG,DF,Tottenham,23,1998,20.5,17,0.83,14,1,0,0,1,1,2,0.10,1,0,0,0,0,1
403,Oriol Romeu,es  ESP,MF,Southampton,29,1991,32.1,67,2.09,63,0,1,1,0,2,4,0.12,4,0,0,0,0,0
404,Cristiano Ronaldo,pt  POR,FW,Manchester Utd,36,1985,27.3,76,2.79,56,0,9,5,5,1,9,0.33,4,0,2,1,2,0
405,Salomón Rondón,ve  VEN,FW,Everton,31,1989,8.8,17,1.94,13,0,1,2,0,1,1,0.11,1,0,0,0,0,0
406,Danny Rose,eng  ENG,DF,Watford,31,1990,7.7,11,1.44,10,1,0,0,0,0,1,0.13,0,1,0,0,0,0
407,Jon Rowe,eng  ENG,"FW,MF",Norwich City,18,2003,2.5,6,2.42,5,1,0,0,0,0,1,0.40,1,0,0,0,0,0
408,John Ruddy,eng  ENG,GK,Wolves,34,1986,1.5,0,0.00,0,0,0,0,0,0,0,0.00,0,0,0,0,0,0
409,Antonio Rüdiger,de  GER,DF,Chelsea,28,1993,33.7,39,1.16,34,0,1,2,2,0,8,0.24,5,0,0,1,2,0
410,Lukas Rupp,de  GER,MF,Norwich City,30,1991,8.5,27,3.16,22,0,3,1,1,0,0,0.00,0,0,0,0,0,0
411,José Sá,pt  POR,GK,Wolves,28,1993,36.5,4,0.11,3,1,0,0,0,0,1,0.03,0,1,0,0,0,0
412,Allan Saint-Maximin,fr  FRA,"FW,MF",Newcastle Utd,24,1997,31.2,114,3.66,74,2,23,5,7,3,9,0.29,7,0,0,1,1,0
413,Romain Saïss,ma  MAR,DF,Wolves,31,1990,30.1,15,0.50,14,0,0,1,0,0,0,0.00,0,0,0,0,0,0
414,Bukayo Saka,eng  ENG,"FW,MF",Arsenal,19,2001,33.1,142,4.29,94,18,12,7,10,1,16,0.48,8,4,0,1,3,0
415,Mohamed Salah,eg  EGY,FW,Liverpool,29,1992,30.7,133,4.33,93,0,21,15,3,1,25,0.81,17,0,5,2,1,0
416,Mohammed Salisu,gh  GHA,DF,Southampton,22,1999,33.0,27,0.82,21,1,0,3,0,2,3,0.09,3,0,0,0,0,0
417,Albert Sambi Lokonga,be  BEL,MF,Arsenal,21,1999,12.6,34,2.70,32,0,0,0,1,1,0,0.00,0,0,0,0,0,0
418,Davinson Sánchez,co  COL,DF,Tottenham,25,1996,18.1,16,0.88,15,0,0,1,0,0,1,0.06,1,0,0,0,0,0
419,Robert Sánchez,es  ESP,GK,Brighton,23,1997,37.0,4,0.11,4,0,0,0,0,0,0,0.00,0,0,0,0,0,0
420,Jadon Sancho,eng  ENG,"FW,MF",Manchester Utd,21,2000,21.1,82,3.88,67,3,9,2,1,0,8,0.38,6,0,2,0,0,0
421,Morgan Sanson,fr  FRA,MF,Aston Villa,26,1994,4.0,3,0.76,2,0,0,0,0,1,0,0.00,0,0,0,0,0,0
422,Samir Santos,br  BRA,DF,Watford,26,1994,18.6,4,0.22,3,0,0,1,0,0,0,0.00,0,0,0,0,0,0
423,Josh Sargent,us  USA,"FW,MF",Norwich City,21,2000,17.5,26,1.49,18,0,1,3,4,0,2,0.11,1,0,1,0,0,0
424,Jeremy Sarmiento,ec  ECU,"FW,MF",Brighton,19,2002,0.5,0,0.00,0,0,0,0,0,0,0,0.00,0,0,0,0,0,0
425,Ismaila Sarr,sn  SEN,"FW,MF",Watford,23,1998,20.7,44,2.13,34,0,4,0,4,2,3,0.15,3,0,0,0,0,0
426,Malang Sarr,fr  FRA,DF,Chelsea,22,1999,6.1,7,1.15,7,0,0,0,0,0,1,0.16,1,0,0,0,0,0
427,Dane Scarlett,eng  ENG,MF,Tottenham,17,2004,0.0,0,0.00,0,0,0,0,0,0,0,0.00,0,0,0,0,0,0
428,Fabian Schär,ch  SUI,DF,Newcastle Utd,29,1991,24.0,24,1.00,16,3,2,2,1,0,4,0.17,3,0,1,0,0,0
429,Jeffrey Schlupp,gh  GHA,"MF,FW",Crystal Palace,28,1992,20.6,41,1.99,31,0,4,3,3,0,5,0.24,2,0,1,0,2,0
430,Kasper Schmeichel,dk  DEN,GK,Leicester City,34,1986,37.0,5,0.14,5,0,0,0,0,0,2,0.05,2,0,0,0,0,0
431,Ken Sema,se  SWE,"MF,FW",Watford,27,1993,9.5,20,2.11,8,7,1,0,3,1,0,0.00,0,0,0,0,0,0
432,Nélson Semedo,pt  POR,DF,Wolves,27,1993,23.7,37,1.56,29,0,4,2,2,0,1,0.04,1,0,0,0,0,0
433,Ryan Sessegnon,eng  ENG,DF,Tottenham,21,2000,11.6,21,1.81,19,1,1,0,0,0,4,0.34,4,0,0,0,0,0
434,Jamie Shackleton,eng  ENG,"DF,MF",Leeds United,21,1999,7.9,8,1.02,6,1,0,1,0,0,1,0.13,0,0,0,1,0,0
435,Luke Shaw,eng  ENG,DF,Manchester Utd,26,1995,17.8,64,3.60,41,21,0,0,0,2,6,0.34,5,1,0,0,0,0
436,Jonjo Shelvey,eng  ENG,MF,Newcastle Utd,29,1992,22.0,42,1.91,30,8,1,0,0,3,2,0.09,1,0,0,0,0,1
437,Shola Shoretire,eng  ENG,FW,Manchester Utd,17,2004,0.2,0,0.00,0,0,0,0,0,0,0,0.00,0,0,0,0,0,0
438,Francisco Sierralta,cl  CHI,DF,Watford,24,1997,4.7,1,0.21,1,0,0,0,0,0,0,0.00,0,0,0,0,0,0
439,Bernardo Silva,pt  POR,"MF,FW",Manchester City,26,1994,31.7,127,4.00,100,3,11,7,6,0,13,0.41,10,1,0,1,1,0
440,Fábio Silva,pt  POR,FW,Wolves,19,2002,6.4,16,2.52,9,0,3,3,0,1,1,0.16,0,0,0,1,0,0
441,Thiago Silva,br  BRA,DF,Chelsea,36,1984,29.4,26,0.88,21,0,0,3,1,1,1,0.03,0,0,0,0,1,0
442,Ellis Simms,eng  ENG,FW,Everton,20,2001,0.7,1,1.48,1,0,0,0,0,0,0,0.00,0,0,0,0,0,0
443,Moussa Sissoko,fr  FRA,MF,Watford,31,1989,35.8,62,1.73,52,0,4,2,1,3,4,0.11,2,0,1,0,0,1
444,Oliver Skipp,eng  ENG,MF,Tottenham,20,2000,15.0,22,1.47,21,0,0,0,1,0,3,0.20,3,0,0,0,0,0
445,William Smallbone,ie  IRL,"MF,FW",Southampton,21,2000,1.5,1,0.68,0,1,0,0,0,0,0,0.00,0,0,0,0,0,0
446,Emile Smith Rowe,eng  ENG,"MF,FW",Arsenal,21,2000,21.3,65,3.05,49,4,5,4,3,0,6,0.28,5,1,0,0,0,0
447,Cédric Soares,pt  POR,DF,Arsenal,29,1991,16.5,36,2.18,25,9,0,0,1,1,2,0.12,1,1,0,0,0,0
448,Tomáš Souček,cz  CZE,MF,West Ham,26,1995,34.0,34,1.00,29,0,0,3,1,1,4,0.12,4,0,0,0,0,0
449,Boubakary Soumaré,fr  FRA,MF,Leicester City,22,1999,12.2,15,1.23,12,0,2,0,0,1,2,0.16,2,0,0,0,0,0
450,Çağlar Söyüncü,tr  TUR,DF,Leicester City,25,1996,27.7,11,0.40,11,0,0,0,0,0,0,0.00,0,0,0,0,0,0
451,Tony Springett,eng  ENG,"FW,MF",Norwich City,18,2002,1.6,3,1.91,2,0,0,1,0,0,0,0.00,0,0,0,0,0,0
452,Jason Steele,eng  ENG,GK,Brighton,30,1990,1.0,0,0.00,0,0,0,0,0,0,0,0.00,0,0,0,0,0,0
453,Jed Steer,eng  ENG,GK,Aston Villa,28,1992,1.0,0,0.00,0,0,0,0,0,0,0,0.00,0,0,0,0,0,0
454,Zack Steffen,us  USA,GK,Manchester City,26,1995,1.0,0,0.00,0,0,0,0,0,0,0,0.00,0,0,0,0,0,0
455,Dale Stephens,eng  ENG,MF,Burnley,32,1989,1.4,2,1.45,1,0,0,0,1,0,0,0.00,0,0,0,0,0,0
456,Jack Stephens,eng  ENG,DF,Southampton,27,1994,9.0,6,0.67,5,0,0,0,0,1,0,0.00,0,0,0,0,0,0
457,Raheem Sterling,eng  ENG,FW,Manchester City,26,1994,23.6,90,3.81,69,1,11,3,5,1,11,0.47,5,0,0,2,4,0
458,Finley Stevens,wls  WAL,DF,Brentford,18,2003,0.2,1,6.00,1,0,0,0,0,0,0,0.00,0,0,0,0,0,0
459,John Stones,eng  ENG,DF,Manchester City,27,1994,12.4,14,1.13,12,1,0,1,0,0,1,0.08,0,0,0,1,0,0
460,Pascal Struijk,nl  NED,DF,Leeds United,21,1999,22.8,19,0.83,13,0,0,2,1,3,2,0.09,0,0,0,1,0,1
461,Crysencio Summerville,nl  NED,"MF,FW",Leeds United,19,2001,1.4,2,1.38,2,0,0,0,0,0,0,0.00,0,0,0,0,0,0
462,Jakob Sørensen,dk  DEN,"MF,DF",Norwich City,23,1998,6.7,2,0.30,1,0,0,0,0,1,0,0.00,0,0,0,0,0,0
463,Japhet Tanganga,eng  ENG,DF,Tottenham,22,1999,8.2,3,0.37,2,0,0,1,0,0,0,0.00,0,0,0,0,0,0
464,James Tarkowski,eng  ENG,DF,Burnley,28,1992,34.5,23,0.67,20,0,0,2,0,1,2,0.06,2,0,0,0,0,0
465,Nuno Tavares,pt  POR,DF,Arsenal,21,2000,13.1,26,1.99,18,0,3,1,2,2,3,0.23,2,0,0,1,0,0
466,Charlie Taylor,eng  ENG,DF,Burnley,27,1993,30.3,41,1.35,32,2,1,0,6,0,6,0.20,4,1,0,0,1,0
467,Nathan Tella,eng  ENG,"MF,FW",Southampton,22,1999,8.9,18,2.01,12,0,2,0,4,0,3,0.34,2,0,0,0,1,0
468,Alex Telles,br  BRA,DF,Manchester Utd,28,1992,18.4,45,2.44,24,18,0,1,1,1,5,0.27,0,4,0,0,1,0
469,Luke Thomas,eng  ENG,DF,Leicester City,20,2001,21.2,20,0.94,14,4,0,1,0,1,1,0.05,1,0,0,0,0,0
470,Dominic Thompson,eng  ENG,DF,Brentford,21,2000,1.6,1,0.62,0,1,0,0,0,0,0,0.00,0,0,0,0,0,0
471,Youri Tielemans,be  BEL,MF,Leicester City,24,1997,29.2,84,2.87,65,4,4,4,2,5,12,0.41,10,0,0,1,0,1
472,Kieran Tierney,sct  SCO,DF,Arsenal,24,1997,21.3,38,1.79,33,2,1,1,1,0,3,0.14,3,0,0,0,0,0
473,Takehiro Tomiyasu,jp  JPN,DF,Arsenal,22,1998,18.7,30,1.61,25,1,0,0,0,4,4,0.21,3,0,0,0,0,1
474,James Tomkins,eng  ENG,DF,Crystal Palace,32,1989,6.1,3,0.49,3,0,0,0,0,0,0,0.00,0,0,0,0,0,0
475,Ivan Toney,eng  ENG,FW,Brentford,25,1996,32.3,80,2.48,53,1,4,9,11,2,10,0.31,6,0,1,0,3,0
476,Ferrán Torres,es  ESP,FW,Manchester City,21,2000,3.4,5,1.49,4,0,0,1,0,0,2,0.59,2,0,0,0,0,0
477,Cenk Tosun,tr  TUR,FW,Everton,30,1991,0.1,0,0.00,0,0,0,0,0,0,0,0.00,0,0,0,0,0,0
478,Andros Townsend,eng  ENG,MF,Everton,30,1991,16.2,54,3.34,38,8,1,2,4,1,4,0.25,4,0,0,0,0,0
479,Adama Traoré,es  ESP,FW,Wolves,25,1996,11.9,50,4.22,30,0,12,0,6,2,2,0.17,1,0,0,0,1,0
480,Bertrand Traoré,bf  BFA,"MF,FW",Aston Villa,25,1995,2.4,11,4.50,6,0,3,1,1,0,2,0.82,0,0,1,0,1,0
481,Trézéguet,eg  EGY,FW,Aston Villa,26,1994,0.1,0,0.00,0,0,0,0,0,0,0,0.00,0,0,0,0,0,0
482,Francisco Trincão,pt  POR,"FW,MF",Wolves,21,1999,14.8,39,2.63,24,3,9,0,2,1,2,0.13,2,0,0,0,0,0
483,Kieran Trippier,eng  ENG,DF,Newcastle Utd,30,1990,4.8,9,1.89,1,8,0,0,0,0,1,0.21,1,0,0,0,0,0
484,William Troost-Ekong,ng  NGA,DF,Watford,27,1993,15.4,4,0.26,3,0,0,0,0,1,0,0.00,0,0,0,0,0,0
485,Leandro Trossard,be  BEL,"FW,MF",Brighton,26,1994,31.2,91,2.92,65,4,15,4,3,0,10,0.32,6,1,2,0,1,0
486,Kostas Tsimikas,gr  GRE,DF,Liverpool,25,1996,9.7,37,3.80,24,13,0,0,0,0,3,0.31,2,1,0,0,0,0
487,Axel Tuanzebe,eng  ENG,DF,Aston Villa,23,1997,5.6,1,0.18,1,0,0,0,0,0,0,0.00,0,0,0,0,0,0
488,Ozan Tufan,tr  TUR,MF,Watford,26,1995,3.7,7,1.89,6,1,0,0,0,0,0,0.00,0,0,0,0,0,0
489,Christos Tzolis,gr  GRE,"FW,MF",Norwich City,19,2002,3.7,11,2.95,11,0,0,0,0,0,0,0.00,0,0,0,0,0,0
490,Yan Valery,fr  FRA,DF,Southampton,22,1999,4.1,1,0.24,1,0,0,0,0,0,0,0.00,0,0,0,0,0,0
491,Raphaël Varane,fr  FRA,DF,Manchester Utd,28,1993,20.3,10,0.49,9,0,0,0,0,1,2,0.10,2,0,0,0,0,0
492,Jamie Vardy,eng  ENG,FW,Leicester City,34,1987,20.1,38,1.89,30,0,2,3,1,2,5,0.25,2,0,2,1,0,0
493,Joël Veltman,nl  NED,DF,Brighton,29,1992,31.9,36,1.13,29,2,1,1,2,1,2,0.06,2,0,0,0,0,0
494,Jannik Vestergaard,dk  DEN,DF,Leicester City,28,1992,6.3,3,0.48,3,0,0,0,0,0,0,0.00,0,0,0,0,0,0
495,Nikola Vlašić,hr  CRO,"FW,MF",West Ham,23,1997,6.2,18,2.89,14,0,2,0,2,0,0,0.00,0,0,0,0,0,0
496,Matěj Vydra,cz  CZE,FW,Burnley,29,1992,7.5,12,1.59,11,0,0,0,1,0,3,0.40,3,0,0,0,0,0
497,Theo Walcott,eng  ENG,"MF,FW",Southampton,32,1989,4.2,4,0.95,4,0,0,0,0,0,1,0.24,1,0,0,0,0,0
498,Kyle Walker,eng  ENG,DF,Manchester City,31,1990,19.5,36,1.85,32,0,0,1,3,0,5,0.26,4,0,0,0,1,0
499,Kyle Walker-Peters,eng  ENG,DF,Southampton,24,1997,29.3,61,2.09,42,0,6,3,7,3,8,0.27,5,0,0,0,2,1
500,Aaron Wan-Bissaka,eng  ENG,DF,Manchester Utd,23,1997,19.9,31,1.56,25,0,3,1,1,1,1,0.05,1,0,0,0,0,0
501,Danny Ward,wls  WAL,GK,Leicester City,28,1993,1.0,1,1.00,1,0,0,0,0,0,1,1.00,1,0,0,0,0,0
502,Joel Ward,eng  ENG,DF,Crystal Palace,31,1989,27.6,16,0.58,14,2,0,0,0,0,2,0.07,2,0,0,0,0,0
503,James Ward-Prowse,eng  ENG,MF,Southampton,26,1994,35.7,113,3.16,55,51,0,3,1,3,7,0.20,3,4,0,0,0,0
504,Ollie Watkins,eng  ENG,FW,Aston Villa,25,1995,32.8,72,2.20,51,0,6,7,4,4,8,0.24,3,0,1,2,2,0
505,Adam Webster,eng  ENG,DF,Brighton,26,1995,15.9,10,0.63,10,0,0,0,0,0,1,0.06,1,0,0,0,0,0
506,Wout Weghorst,nl  NED,FW,Burnley,28,1992,16.1,28,1.74,20,0,3,1,3,1,5,0.31,4,0,1,0,0,0
507,Danny Welbeck,eng  ENG,FW,Brighton,30,1990,16.4,36,2.19,27,0,0,4,5,0,4,0.24,2,0,0,1,1,0
508,Timo Werner,de  GER,"FW,MF",Chelsea,25,1996,14.3,26,1.82,19,0,4,3,0,0,4,0.28,3,0,0,1,0,0
509,Ashley Westwood,eng  ENG,MF,Burnley,31,1990,25.4,55,2.16,33,17,1,2,1,1,7,0.28,5,2,0,0,0,0
510,Ben White,eng  ENG,DF,Arsenal,23,1997,32.0,25,0.78,18,1,0,4,1,1,1,0.03,1,0,0,0,0,0
511,Brandon Williams,eng  ENG,DF,Norwich City,20,2000,23.6,31,1.32,27,0,0,0,3,1,2,0.08,1,0,0,0,0,1
512,Neco Williams,wls  WAL,DF,Liverpool,20,2001,0.1,2,22.50,1,0,1,0,0,0,2,22.50,1,0,1,0,0,0
513,Joe Willock,eng  ENG,MF,Newcastle Utd,21,1999,22.6,46,2.03,29,0,9,1,5,2,4,0.18,1,0,1,0,2,0
514,Callum Wilson,eng  ENG,FW,Newcastle Utd,29,1992,15.4,20,1.30,18,0,0,1,0,1,0,0.00,0,0,0,0,0,0
515,Harry Winks,eng  ENG,MF,Tottenham,25,1996,10.1,23,2.27,17,3,1,0,2,0,4,0.39,4,0,0,0,0,0
516,Yoane Wissa,cd  COD,"FW,MF",Brentford,24,1996,14.3,19,1.33,13,0,1,1,4,0,4,0.28,2,0,0,1,1,0
517,Freddie Woodman,eng  ENG,GK,Newcastle Utd,24,1997,4.0,0,0.00,0,0,0,0,0,0,0,0.00,0,0,0,0,0,0
518,Granit Xhaka,ch  SUI,"MF,DF",Arsenal,28,1992,25.9,79,3.06,72,2,2,1,0,2,3,0.12,3,0,0,0,0,0
519,Andriy Yarmolenko,ua  UKR,FW,West Ham,31,1989,3.5,7,1.99,4,0,2,1,0,0,0,0.00,0,0,0,0,0,0
520,Ashley Young,eng  ENG,"DF,FW",Aston Villa,36,1985,13.9,22,1.58,16,3,1,0,1,1,4,0.29,2,1,1,0,0,0
521,Nathan Young-Coombes,eng  ENG,FW,Brentford,18,2003,0.0,0,0.00,0,0,0,0,0,0,0,0.00,0,0,0,0,0,0
522,Wilfried Zaha,ci  CIV,FW,Crystal Palace,28,1992,30.7,104,3.39,73,0,14,8,8,1,12,0.39,6,0,3,2,1,0
523,Christoph Zimmermann,de  GER,DF,Norwich City,28,1993,1.7,0,0.00,0,0,0,0,0,0,0,0.00,0,0,0,0,0,0
524,Oleksandr Zinchenko,ua  UKR,DF,Manchester City,24,1996,11.6,42,3.61,33,4,2,1,1,1,10,0.86,7,0,1,1,0,1
525,Hakim Ziyech,ma  MAR,"FW,MF",Chelsea,28,1993,14.7,64,4.37,45,5,6,4,3,1,7,0.48,6,0,1,0,0,0
526,Kurt Zouma,fr  FRA,DF,West Ham,26,1994,23.1,6,0.26,5,0,0,1,0,0,0,0.00,0,0,0,0,0,0
527,Martin Ødegaard,no  NOR,MF,Arsenal,22,1998,30.9,134,4.33,105,13,6,7,2,1,12,0.39,12,0,0,0,0,0
