,Player,Nation,Pos,Squad,Age,Born,90s,CrdY_Performance,CrdR_Performance,2CrdY_Performance,Fls_Performance,Fld_Performance,Off_Performance,Crs,Int,TklW,PKwon_Performance,PKcon_Performance,OG_Performance,Recov_Performance,Won_Aerial Duels,Lost_Aerial Duels,Won%_Aerial Duels
0,Ismael Aaneba,fr  FRA,DF,Strasbourg,19,1999,2.3,3,0,0,6,0,0,5,5,4,0,0,0,22,1,4,20.0
1,Yunis Abdelhamid,ma  MAR,DF,Reims,30,1987,38.0,2,0,0,33,21,1,0,46,35,0,1,1,327,88,47,65.2
2,Mehdi Abeid,dz  ALG,MF,Dijon,25,1992,22.5,6,0,0,57,29,1,13,24,40,0,0,0,256,16,14,53.3
3,Charles Abi,fr  FRA,"FW,MF",Saint-Étienne,18,2000,0.4,0,0,0,2,1,0,0,1,4,0,0,0,6,2,1,66.7
4,Khaled Adénon,bj  BEN,DF,Amiens,33,1985,22.2,7,1,1,33,21,2,0,19,24,0,0,1,249,42,37,53.2
5,Yacine Adli,fr  FRA,"MF,FW",Bordeaux,18,2000,2.4,1,0,0,4,1,0,7,1,1,0,0,0,21,2,1,66.7
6,Nayef Aguerd,ma  MAR,DF,Dijon,22,1996,11.7,4,1,0,20,8,1,1,4,14,0,0,0,90,30,12,71.4
7,Ruben Aguilar,fr  FRA,"DF,MF",Montpellier,25,1993,28.1,8,0,0,38,41,1,81,26,55,0,1,0,269,25,28,47.2
8,Jean-Eudes Aholou,ci  CIV,MF,Monaco,24,1994,11.9,2,0,0,26,17,0,2,11,17,0,0,0,119,12,12,50.0
9,Rayan Aït Nouri,fr  FRA,DF,Angers,17,2001,0.6,1,0,0,1,1,0,1,0,2,0,1,0,3,0,2,0.0
10,Ludovic Ajorque,re  REU,FW,Strasbourg,24,1994,17.0,5,0,0,45,17,3,8,6,7,1,0,0,63,87,52,62.6
11,Sofiane Alakouch,fr  FRA,DF,Nîmes,20,1998,21.1,4,0,0,29,31,0,26,29,36,0,0,0,202,12,22,35.3
12,Alexis Alegue,fr  FRA,FW,Nantes,21,1996,0.1,0,0,0,0,0,0,0,0,0,0,0,0,0,0,0,
13,Rúnar Alex Rúnarsson,is  ISL,GK,Dijon,23,1995,25.0,0,0,0,0,4,0,0,0,0,0,0,0,136,0,0,
14,Rachid Alioui,ma  MAR,FW,Nîmes,26,1992,13.9,1,0,0,11,12,7,23,3,6,0,0,0,79,35,60,36.8
15,Bobby Allain,fr  FRA,GK,Dijon,26,1991,13.0,1,0,0,1,6,0,0,0,0,0,1,0,78,0,0,
16,Mickaël Alphonse,GPE,DF,Dijon,29,1989,6.3,0,0,0,8,10,0,15,5,3,0,0,0,71,12,4,75.0
17,Dani Alves,br  BRA,"MF,DF",Paris S-G,35,1983,18.0,4,0,0,43,23,4,45,9,29,0,0,0,180,9,11,45.0
18,Romain Amalfitano,fr  FRA,"MF,FW",Dijon,28,1989,28.0,3,1,0,43,30,1,17,34,41,0,0,0,252,11,24,31.4
19,Jordan Amavi,fr  FRA,DF,Marseille,24,1994,24.2,7,2,0,47,33,1,62,32,29,0,1,0,303,58,27,68.2
20,Kelvin Amian,fr  FRA,DF,Toulouse,20,1998,32.0,6,0,0,40,11,3,17,23,46,0,0,0,261,36,33,52.2
21,Yanis Ammour,fr  FRA,MF,Montpellier,19,1999,0.0,0,0,0,1,0,0,0,0,0,0,0,0,0,0,0,
22,Benjamin André,fr  FRA,MF,Rennes,27,1990,27.7,8,1,1,59,48,4,11,37,66,1,0,0,338,116,66,63.7
23,Yoann Andreu,fr  FRA,DF,Angers,29,1989,0.0,0,0,0,1,0,0,0,0,0,0,0,0,0,0,0,
24,Houssem Aouar,fr  FRA,MF,Lyon,20,1998,34.0,2,0,0,30,53,11,12,31,36,2,0,0,284,8,25,24.2
25,Luiz Araújo,br  BRA,"FW,MF",Lille,22,1996,8.7,2,1,0,22,9,1,17,1,11,0,0,0,47,2,8,20.0
26,Alphonse Areola,fr  FRA,GK,Paris S-G,25,1993,21.0,1,0,0,0,2,0,0,0,0,0,0,0,84,0,0,
27,Yoël Armougom,fr  FRA,"DF,MF",Caen,20,1998,20.6,5,1,1,20,15,1,49,8,18,0,0,0,159,17,12,58.6
28,Youcef Attal,dz  ALG,"DF,MF",Nice,22,1996,25.1,8,0,0,42,58,9,58,26,33,3,0,0,222,33,31,51.6
29,Ludovic Baal,gf  GUF,DF,Rennes,32,1986,1.4,0,0,0,0,2,0,3,0,1,0,0,0,24,0,1,0.0
30,Stéphane Bahoken,cm  CMR,FW,Angers,26,1992,27.4,3,0,0,55,37,31,32,5,12,0,0,0,110,27,65,29.3
31,Florent Balmont,fr  FRA,MF,Dijon,38,1980,12.0,3,0,0,22,22,1,12,4,21,0,0,0,115,1,8,11.1
32,Abdoulaye Bamba,ci  CIV,DF,Angers,28,1990,28.6,6,0,0,22,25,2,48,31,30,0,0,0,252,19,21,47.5
33,Jonathan Bamba,fr  FRA,"FW,MF",Lille,22,1996,33.4,4,0,0,26,68,2,39,25,20,0,0,0,253,25,30,45.5
34,Yacine Bammou,ma  MAR,"FW,MF",Caen,26,1991,10.3,2,0,0,9,9,3,22,7,6,0,0,0,90,7,21,25.0
35,Danilo Barbosa,br  BRA,MF,Nice,22,1996,17.2,1,1,0,18,34,0,4,12,20,0,0,0,111,15,9,62.5
36,Antonio Barreca,it  ITA,DF,Monaco,23,1995,6.6,0,0,0,7,7,0,13,4,3,0,0,0,56,8,9,47.1
37,Toma Bašić,hr  CRO,MF,Bordeaux,21,1996,14.8,3,0,0,24,23,0,20,7,17,0,0,0,113,27,22,55.1
38,Thomas Basila,fr  FRA,DF,Nantes,19,1999,1.0,0,0,0,0,1,0,0,1,2,0,0,0,8,3,1,75.0
39,Claudio Beauvue,GPE,FW,Caen,30,1988,16.7,1,0,0,23,28,4,26,3,12,1,0,0,75,38,54,41.3
40,Hatem Ben Arfa,fr  FRA,"MF,FW",Rennes,31,1987,22.6,1,0,0,18,42,4,25,2,7,1,0,0,111,1,10,9.1
41,Diego Benaglio,ch  SUI,GK,Monaco,34,1983,22.9,2,0,0,1,2,0,0,0,0,0,1,0,119,0,0,
42,Nicolas Benezet,fr  FRA,"MF,FW",Guingamp,27,1991,18.5,1,0,0,24,43,8,57,13,28,0,0,0,173,10,31,24.4
43,Walter Benítez,ar  ARG,GK,Nice,25,1993,35.0,1,0,0,0,4,0,0,0,0,0,0,0,161,0,0,
44,Yassine Benrahou,fr  FRA,"MF,DF",Bordeaux,19,1999,2.0,0,0,0,2,4,0,5,2,3,0,0,0,17,1,3,25.0
45,Ramy Bensebaini,dz  ALG,DF,Rennes,23,1995,23.9,9,0,0,31,35,1,29,25,30,0,1,1,238,39,25,60.9
46,Yassine Benzia,dz  ALG,MF,Lille,23,1994,1.8,0,0,0,3,3,0,2,0,1,0,0,0,14,0,0,
47,Robert Berić,si  SVN,FW,Saint-Étienne,27,1991,13.1,0,0,0,33,23,5,5,3,5,0,0,0,44,22,44,33.3
48,Paul Bernardoni,fr  FRA,GK,Nîmes,21,1997,38.0,0,0,0,0,7,0,0,0,0,0,0,0,199,0,1,0.0
49,Juan Bernat,es  ESP,"DF,MF",Paris S-G,25,1993,20.4,6,1,0,33,20,6,47,14,28,0,0,0,141,12,17,41.4
50,Antoine Bernede,fr  FRA,MF,Paris S-G,19,1999,1.9,0,0,0,2,1,0,0,3,6,0,0,0,16,0,5,0.0
51,Dimitry Bertaud,fr  FRA,GK,Montpellier,20,1998,1.0,0,0,0,0,0,0,0,0,0,0,0,0,5,0,0,
52,Giulian Biancone,fr  FRA,DF,Monaco,18,2000,1.0,0,0,0,2,0,0,1,2,2,0,0,0,9,1,2,33.3
53,Ludovic Blas,fr  FRA,"MF,FW",Guingamp,20,1997,26.4,5,0,0,38,35,2,19,24,43,0,0,0,306,32,57,36.0
54,Alexis Blin,fr  FRA,MF,Amiens,21,1996,22.1,4,0,0,29,31,1,2,23,58,0,1,0,290,35,51,40.7
55,Antonin Bobichon,fr  FRA,MF,Nîmes,22,1995,23.9,2,0,0,35,11,1,14,15,21,0,0,0,223,16,27,37.2
56,Yann Bodiger,fr  FRA,MF,Toulouse,23,1995,0.1,0,0,0,0,0,0,0,0,0,0,0,0,5,0,0,
57,Mathieu Bodmer,fr  FRA,"MF,FW",Amiens,35,1982,11.9,1,0,0,13,13,1,7,4,12,0,0,0,64,27,30,47.4
58,Sacha Boey,fr  FRA,"DF,MF",Rennes,17,2000,0.2,0,0,0,0,0,0,0,0,0,0,0,0,1,0,1,0.0
59,Olivier Boscagli,fr  FRA,"DF,MF",Nice,20,1997,9.6,1,0,0,6,22,0,18,13,6,0,0,0,94,11,17,39.3
60,Gabriel Boschilia,br  BRA,"FW,MF",Nantes,22,1996,14.7,1,0,0,19,24,0,15,9,18,0,0,0,112,1,14,6.7
61,John Bostock,tt  TRI,MF,Toulouse,26,1992,10.9,1,0,0,19,14,0,5,11,13,0,0,0,103,8,7,53.3
62,Denis Bouanga,ga  GAB,"FW,MF",Nîmes,23,1994,29.3,5,0,0,41,28,7,50,11,44,0,0,0,206,20,52,27.8
63,Zacharie Boucher,fr  FRA,GK,Angers,26,1992,2.0,0,0,0,0,0,0,0,0,0,0,0,0,10,0,0,
64,Arnold Bouka Moutou,cg  CGO,"DF,FW",Dijon,29,1988,0.7,0,0,0,1,1,0,2,2,1,0,0,0,10,0,0,
65,Benjamin Bourigeaud,fr  FRA,"MF,FW",Rennes,24,1994,26.9,5,0,0,36,14,3,58,14,27,0,0,0,210,10,28,26.3
66,Bilal Boutobba,fr  FRA,MF,Montpellier,19,1998,0.4,0,0,0,0,3,0,2,0,0,0,0,0,4,0,0,
67,Umut Bozok,tr  TUR,FW,Nîmes,21,1996,13.7,1,0,0,16,29,11,5,2,7,0,0,0,51,14,30,31.8
68,Pedro Brazão,pt  POR,"FW,DF",Nice,15,2002,0.2,0,0,0,0,0,0,0,0,0,0,0,0,1,0,0,
69,Anthony Briançon,fr  FRA,DF,Nîmes,23,1994,32.5,9,1,0,34,24,1,2,47,26,0,3,0,330,56,39,58.9
70,Jimmy Briand,fr  FRA,FW,Bordeaux,32,1985,27.7,1,0,0,37,48,19,12,6,11,0,0,0,110,31,76,29.0
71,Gianluigi Buffon,it  ITA,GK,Paris S-G,40,1978,17.0,0,0,0,1,1,0,0,0,0,0,0,0,78,1,0,100.0
72,Patrick Burner,fr  FRA,DF,Nice,22,1996,15.0,3,0,0,14,12,0,22,20,18,0,1,0,108,10,12,45.5
73,Ludovic Butelle,fr  FRA,GK,Angers,35,1983,36.0,1,1,0,2,5,0,0,0,0,0,1,0,199,0,0,
74,Rémy Cabella,fr  FRA,"MF,FW",Saint-Étienne,28,1990,33.3,5,1,1,35,67,4,65,12,45,0,0,0,268,12,25,32.4
75,Anthony Caci,fr  FRA,DF,Strasbourg,21,1997,25.5,1,0,0,27,9,1,27,31,33,0,1,0,228,17,23,42.5
76,Mathieu Cafaro,fr  FRA,"FW,MF",Reims,21,1997,23.3,5,0,0,36,29,3,64,13,29,0,0,0,158,10,32,23.8
77,Yannick Cahuzac,fr  FRA,"MF,DF",Toulouse,33,1985,15.9,8,1,0,24,21,0,1,22,30,0,1,0,209,17,17,50.0
78,Marc-Aurèle Caillard,fr  FRA,GK,Guingamp,24,1994,21.0,0,0,0,0,5,0,0,0,0,0,0,0,92,0,0,
79,Duje Ćaleta-Car,hr  CRO,DF,Marseille,21,1996,17.2,1,2,0,13,5,1,1,9,11,0,0,0,174,56,22,71.8
80,Mahdi Camara,fr  FRA,FW,Saint-Étienne,20,1998,0.1,0,0,0,1,0,0,0,0,0,0,0,0,2,0,0,
81,Souleymane Camara,sn  SEN,"FW,MF",Montpellier,35,1982,1.5,0,0,0,3,6,2,1,0,0,0,0,0,11,6,11,35.3
82,Eduardo Camavinga,fr  FRA,MF,Rennes,15,2002,4.0,1,0,0,9,11,0,0,2,12,0,0,0,39,3,2,60.0
83,Pierrick Capelle,fr  FRA,"MF,DF",Angers,31,1987,20.5,2,0,0,33,8,1,36,30,28,0,0,0,188,23,20,53.5
84,Yoan Cardinale,fr  FRA,GK,Nice,24,1994,3.0,0,0,0,0,0,0,0,0,0,0,0,0,12,0,0,
85,Diego Carlos,br  BRA,DF,Nantes,25,1993,35.0,8,0,0,46,26,2,3,22,44,0,1,0,382,58,52,52.7
86,Louis Carnot,fr  FRA,MF,Guingamp,17,2001,0.1,0,0,0,0,0,0,0,0,0,0,0,0,0,0,0,
87,Lionel Carole,fr  FRA,"DF,MF",Strasbourg,27,1991,19.2,2,0,0,12,27,2,42,29,17,0,0,0,165,24,24,50.0
88,Moreto Cassamã,gw  GNB,MF,Reims,20,1998,0.7,0,0,0,2,0,0,0,0,3,0,0,0,5,0,0,
89,Edinson Cavani,uy  URU,FW,Paris S-G,31,1987,18.6,1,0,0,13,16,12,10,9,7,2,0,0,72,3,6,33.3
90,Zeki Çelik,tr  TUR,DF,Lille,21,1997,33.0,5,1,0,55,29,1,70,34,55,2,3,0,300,15,28,34.9
91,Nacer Chadli,be  BEL,"MF,FW",Monaco,28,1989,7.7,1,0,0,10,8,3,10,4,3,0,0,0,51,10,6,62.5
92,Fouad Chafik,ma  MAR,DF,Dijon,31,1986,20.5,2,0,0,14,18,1,38,14,35,0,0,0,182,19,17,52.8
93,Kwon Chang-hoon,kr  KOR,"FW,MF",Dijon,24,1994,10.4,1,0,0,9,12,4,21,4,6,0,0,0,78,12,22,35.3
94,Xavier Chavalerin,fr  FRA,MF,Reims,27,1991,36.0,8,0,0,49,12,1,39,55,66,0,1,0,331,14,17,45.2
95,Pablo Chavarría,ar  ARG,FW,Reims,30,1988,21.9,3,0,0,47,24,30,29,3,19,0,0,0,81,52,77,40.3
96,Pape Cheikh Diop,sn  SEN,MF,Lyon,20,1997,5.0,3,0,0,13,8,0,0,1,2,0,0,0,35,0,6,0.0
97,Laurent Ciman,be  BEL,DF,Dijon,32,1985,8.0,3,0,0,11,5,0,0,4,9,0,0,0,87,14,8,63.6
98,Till Cissokho,fr  FRA,DF,Bordeaux,18,2000,0.9,0,0,0,1,1,0,0,1,1,0,0,0,6,4,0,100.0
99,Marcus Coco,fr  FRA,"FW,MF",Guingamp,22,1996,20.4,3,1,0,48,50,7,49,12,33,1,0,0,141,53,52,50.5
100,Racine Coly,sn  SEN,"DF,MF",Nice,22,1995,5.6,2,0,0,7,7,0,9,7,3,0,0,0,51,7,8,46.7
101,Daniel Congré,fr  FRA,DF,Montpellier,33,1985,36.6,5,1,0,37,30,1,5,44,40,0,0,0,347,63,39,61.8
102,Benjamin Corgnet,fr  FRA,"MF,FW",Strasbourg,31,1987,7.5,0,0,0,17,19,2,10,2,8,0,0,0,44,18,21,46.2
103,Andreas Cornelius,dk  DEN,FW,Bordeaux,25,1993,8.8,4,0,0,39,17,8,4,1,2,0,0,0,47,52,32,61.9
104,Maxwel Cornet,ci  CIV,FW,Lyon,21,1996,14.2,2,0,0,8,18,9,42,6,11,0,0,0,77,11,20,35.5
105,Quentin Cornette,fr  FRA,"MF,FW",Amiens,24,1994,2.3,0,0,0,3,7,1,3,1,5,0,0,0,18,1,0,100.0
106,Nuno da Costa,cv  CPV,FW,Strasbourg,27,1991,22.8,3,0,0,41,42,9,19,23,21,1,0,0,97,41,53,43.6
107,Benoît Costil,fr  FRA,GK,Bordeaux,31,1987,37.0,0,0,0,0,5,0,0,0,0,0,0,0,162,0,0,
108,Kalifa Coulibaly,ml  MLI,FW,Nantes,26,1991,19.5,6,1,1,55,22,20,22,2,11,1,0,0,74,86,72,54.4
109,Senou Coulibaly,ml  MLI,"DF,MF",Dijon,23,1994,4.6,1,1,0,9,1,0,0,7,5,0,0,0,47,8,5,61.5
110,Nicolas Cozza,fr  FRA,DF,Montpellier,19,1999,10.9,0,0,0,11,10,0,3,15,11,0,1,0,111,14,11,56.0
111,Enzo Crivelli,fr  FRA,FW,Caen,23,1995,25.1,7,0,0,44,46,5,7,2,10,0,0,0,91,72,98,42.4
112,Wylan Cyprien,fr  FRA,MF,Nice,23,1995,26.2,2,1,1,24,49,1,38,12,24,0,0,0,259,9,7,56.3
113,Damien Da Silva,fr  FRA,DF,Rennes,30,1988,31.9,4,0,0,24,25,0,2,34,24,0,2,0,318,65,36,64.4
114,Kouadio-Yves Dabila,ci  CIV,DF,Lille,21,1997,8.7,2,0,0,6,3,0,0,2,9,0,1,0,90,4,10,28.6
115,Abdoulaye Dabo,fr  FRA,FW,Nantes,17,2001,1.3,0,0,0,2,2,0,1,0,0,0,0,0,8,0,2,0.0
116,Colin Dagba,fr  FRA,DF,Paris S-G,19,1998,10.2,2,0,0,19,6,1,22,4,11,0,0,0,66,3,12,20.0
117,Dante,br  BRA,DF,Nice,34,1983,35.8,11,0,0,43,20,1,4,34,39,0,1,0,323,49,34,59.0
118,Lucas Deaux,fr  FRA,MF,Guingamp,29,1988,13.2,4,0,0,33,12,2,14,10,35,0,0,0,134,22,24,47.8
119,Mathieu Debuchy,fr  FRA,DF,Saint-Étienne,33,1985,21.6,5,1,1,35,20,7,67,24,22,0,2,0,204,68,36,65.4
120,Romain Del Castillo,fr  FRA,"FW,MF",Rennes,22,1996,14.9,1,0,0,31,21,3,47,14,23,0,0,0,129,19,24,44.2
121,Andy Delort,dz  ALG,FW,Montpellier,26,1991,34.6,4,0,0,91,54,25,116,10,20,0,0,0,198,97,122,44.3
122,Moussa Dembélé,fr  FRA,FW,Lyon,22,1996,22.4,1,0,0,35,13,17,13,5,9,3,0,0,87,32,46,41.0
123,Jessy Deminguet,fr  FRA,"MF,FW",Caen,20,1998,14.1,2,0,0,22,14,0,6,13,28,0,0,0,129,12,11,52.2
124,Jason Denayer,be  BEL,DF,Lyon,23,1995,30.6,2,0,0,14,10,0,2,24,22,0,0,0,278,37,25,59.7
125,Memphis Depay,nl  NED,"FW,MF",Lyon,24,1994,30.4,5,0,0,36,33,11,78,7,15,0,0,0,158,7,13,35.0
126,Clément Depres,fr  FRA,FW,Nîmes,23,1994,4.9,1,0,0,13,6,1,2,1,4,0,0,0,27,36,24,60.0
127,Ángel Di María,ar  ARG,"FW,MF",Paris S-G,30,1988,25.8,2,0,0,11,19,6,89,20,19,1,0,0,165,0,1,0.0
128,Boulaye Dia,sn  SEN,FW,Reims,21,1996,8.3,2,0,0,9,13,2,3,1,7,1,0,0,46,16,28,36.4
129,Moussa Diaby,fr  FRA,"MF,FW",Paris S-G,19,1999,12.7,1,0,0,15,6,2,28,10,12,0,0,0,73,1,9,10.0
130,Bafodé Diakité,fr  FRA,DF,Toulouse,17,2001,7.0,2,0,0,8,7,0,4,9,7,0,1,0,77,19,10,65.5
131,Abdoulaye Diallo,sn  SEN,GK,Rennes,26,1992,5.5,0,0,0,0,1,0,0,0,0,0,0,0,22,0,0,
132,Mustapha Diallo,sn  SEN,MF,Nîmes,32,1986,5.1,5,0,0,20,10,0,2,11,14,0,0,0,79,12,4,75.0
133,Lassana Diarra,fr  FRA,MF,Paris S-G,33,1985,1.8,0,0,0,6,3,0,0,2,2,0,0,0,14,1,1,50.0
134,Bakaye Dibassy,ml  MLI,DF,Amiens,28,1989,32.7,5,1,0,35,17,2,40,25,28,0,1,0,326,46,52,46.9
135,Étienne Didot,fr  FRA,MF,Guingamp,35,1983,23.4,4,0,0,42,28,2,21,22,35,0,0,0,352,22,25,46.8
136,Tristan Dingomé,cm  CMR,MF,Reims,27,1991,14.9,5,0,0,29,12,2,10,8,16,0,0,0,114,4,16,20.0
137,Ismaël Diomandé,ci  CIV,"MF,DF",Caen,25,1992,14.4,5,1,1,27,19,1,3,8,17,0,0,0,137,8,4,66.7
138,Lois Diony,fr  FRA,FW,Saint-Étienne,25,1992,17.7,3,0,0,29,28,6,28,2,12,0,0,0,86,23,37,38.3
139,Sofiane Diop,fr  FRA,"MF,FW",Monaco,18,2000,8.2,1,0,0,18,11,1,12,13,8,0,0,0,49,5,4,55.6
140,Assane Dioussé,sn  SEN,MF,Saint-Étienne,20,1997,2.4,0,0,0,2,3,0,2,1,6,0,0,0,34,2,2,50.0
141,Axel Disasi,fr  FRA,DF,Reims,20,1998,1.8,0,0,0,0,0,0,0,2,1,0,0,0,17,5,2,71.4
142,Koffi Djidji,ci  CIV,DF,Nantes,25,1992,1.0,0,0,0,0,0,0,0,1,1,0,0,0,5,0,0,
143,Alexander Djiku,gh  GHA,DF,Caen,23,1994,30.6,9,1,0,51,43,1,0,52,38,0,2,0,358,62,41,60.2
144,Papy Djilobodji,sn  SEN,"DF,FW",Guingamp,29,1988,1.9,1,1,0,3,0,0,1,0,1,0,0,0,22,8,3,72.7
145,Keagan Dolly,za  RSA,FW,Montpellier,25,1993,1.0,0,0,0,2,2,0,1,0,1,0,0,0,7,0,3,0.0
146,Gabriel Dos Santos,br  BRA,DF,Lille,20,1997,11.8,1,0,0,14,13,0,0,11,11,0,0,0,88,38,13,74.5
147,Mathieu Dossevi,tg  TOG,"FW,MF",Toulouse,30,1988,27.4,0,0,0,30,46,19,113,26,31,1,0,0,168,6,22,21.4
148,Moussa Doumbia,ml  MLI,"FW,MF",Reims,23,1994,17.8,5,0,0,30,68,10,29,5,18,1,0,0,147,9,21,30.0
149,Souleyman Doumbia,ci  CIV,DF,Rennes,21,1996,6.7,0,0,0,7,7,1,5,1,8,0,0,0,59,11,5,68.8
150,Julian Draxler,de  GER,"MF,FW",Paris S-G,24,1993,22.7,6,0,0,25,14,1,22,11,21,0,0,0,181,13,10,56.5
151,Leo Dubois,fr  FRA,DF,Lyon,23,1994,22.7,2,0,0,30,15,2,78,19,34,0,0,0,236,27,21,56.3
152,Maxime Dupé,fr  FRA,GK,Nantes,25,1993,10.4,1,0,0,0,0,0,0,0,0,0,0,0,42,0,0,
153,Jimmy Durmaz,se  SWE,"MF,FW",Toulouse,29,1989,21.1,5,0,0,28,19,1,40,12,27,0,0,0,173,4,18,18.2
154,Félix Eboa Eboa,cm  CMR,DF,Guingamp,21,1997,27.0,5,0,0,25,18,0,10,26,34,0,1,0,317,80,38,67.8
155,Björn Engels,be  BEL,DF,Reims,23,1994,33.0,4,0,0,21,17,2,4,23,9,0,0,1,271,70,38,64.8
156,Lucas Evangelista,br  BRA,"FW,MF",Nantes,23,1995,8.0,0,0,0,19,31,0,17,5,16,0,0,0,72,14,12,53.8
157,Valentin Eysseric,fr  FRA,"MF,FW",Nantes,26,1992,2.3,1,0,0,8,9,0,4,1,1,1,0,0,20,0,4,0.0
158,Fábio,br  BRA,DF,Nantes,28,1990,14.2,4,1,0,18,19,1,32,19,34,0,1,0,113,13,11,54.2
159,Cesc Fàbregas,es  ESP,MF,Monaco,31,1987,10.7,2,0,0,6,17,0,5,6,12,0,0,0,107,6,16,27.3
160,Romain Faivre,fr  FRA,"MF,FW",Monaco,20,1998,1.0,1,0,0,3,2,0,0,1,1,0,0,0,8,0,1,0.0
161,Fayçal Fajr,ma  MAR,MF,Caen,29,1988,36.0,6,0,0,43,89,4,64,22,30,0,0,0,390,11,21,34.4
162,Radamel Falcao,co  COL,FW,Monaco,32,1986,28.4,10,0,0,70,63,14,7,5,17,1,1,0,112,62,77,44.6
163,Nabil Fekir,fr  FRA,MF,Lyon,25,1993,22.1,5,0,0,44,65,18,38,11,26,1,0,0,114,10,27,27.0
164,Yassin Fekir,fr  FRA,FW,Lyon,21,1997,0.1,0,0,0,0,0,0,1,0,1,0,0,0,2,0,0,
165,Juan Ferney Otero,co  COL,"FW,MF",Amiens,23,1995,24.2,1,0,0,29,39,14,61,15,17,0,0,0,186,30,54,35.7
166,Wesley Fofana,fr  FRA,DF,Saint-Étienne,17,2000,1.8,0,0,0,2,4,0,1,1,6,0,0,0,14,4,2,66.7
167,Youssouf Fofana,fr  FRA,MF,Strasbourg,19,1999,10.1,0,0,0,17,9,0,4,12,19,0,0,0,68,3,3,50.0
168,Thomas Foket,be  BEL,DF,Reims,23,1994,32.0,7,0,0,51,42,4,32,35,49,0,2,0,295,20,28,41.7
169,Thomas Fontaine,mg  MAD,"DF,MF",Reims,27,1991,4.7,1,0,0,6,3,0,0,3,4,0,0,0,41,6,3,66.7
170,José Fonte,pt  POR,DF,Lille,34,1983,34.6,5,1,0,30,17,0,3,25,19,0,2,0,361,89,35,71.8
171,Rui Fonte,pt  POR,FW,Lille,28,1990,7.0,1,0,0,22,4,2,3,1,15,0,0,0,35,25,22,53.2
172,Steven Fortes,cv  CPV,DF,Toulouse,26,1992,1.5,0,0,0,1,1,0,0,2,3,0,0,0,14,3,1,75.0
173,Angelo Fulgini,fr  FRA,"MF,FW",Angers,21,1996,18.2,1,0,0,20,46,1,18,29,20,1,0,0,144,13,19,40.6
174,Milan Gajić,rs  SRB,DF,Bordeaux,22,1996,1.0,0,0,0,1,1,0,3,1,2,0,0,0,7,2,2,50.0
175,Ignatius Ganago,cm  CMR,FW,Nice,19,1999,11.5,1,0,0,9,12,2,6,1,4,1,0,0,35,11,17,39.3
176,Ganso,br  BRA,"MF,FW",Amiens,28,1989,5.8,0,0,0,9,9,0,5,4,9,0,0,0,36,3,1,75.0
177,Manu García,es  ESP,MF,Toulouse,20,1998,20.5,2,1,1,29,47,0,7,12,22,0,0,0,158,2,7,22.2
178,Jérémy Gélin,fr  FRA,"DF,MF",Rennes,21,1997,14.2,3,1,0,18,8,0,1,20,16,0,0,0,167,7,15,31.8
179,Romain Genevois,ht  HAI,DF,Caen,30,1987,4.0,0,0,0,4,0,0,3,4,6,0,0,0,35,2,3,40.0
180,Valère Germain,fr  FRA,FW,Marseille,28,1990,24.1,1,0,0,23,20,5,17,7,17,0,0,0,105,72,116,38.3
181,Willem Geubbels,fr  FRA,MF,Monaco,16,2001,0.1,0,0,0,0,0,0,0,0,0,0,0,0,1,0,0,
182,Lamine Ghezali,fr  FRA,"FW,MF",Saint-Étienne,19,1999,0.5,1,0,0,3,2,0,2,0,1,0,0,0,7,0,2,0.0
183,Saman Ghoddos,ir  IRN,"FW,MF",Amiens,24,1993,20.3,4,0,0,29,43,5,35,3,18,0,0,0,129,11,21,34.4
184,Andrei Girotto,br  BRA,MF,Nantes,26,1992,16.4,6,3,2,34,23,0,7,15,36,0,0,0,214,38,29,56.7
185,Kamil Glik,pl  POL,DF,Monaco,30,1988,33.0,10,0,0,31,40,0,2,39,23,0,2,0,286,82,58,58.6
186,Eddy Gnahoré,fr  FRA,MF,Amiens,24,1993,24.9,4,2,2,34,9,3,6,15,35,0,0,0,218,27,22,55.1
187,Mauro Goicoechea,uy  URU,GK,Toulouse,30,1988,7.9,0,0,0,0,2,0,0,0,0,0,0,0,49,0,0,
188,Aleksandr Golovin,ru  RUS,"MF,FW",Monaco,22,1996,25.4,7,1,0,45,43,1,54,15,26,0,0,0,223,9,21,30.0
189,Anthony Gonçalves,fr  FRA,"MF,FW",Strasbourg,32,1986,11.8,3,0,0,32,9,2,50,7,12,0,0,0,84,9,11,45.0
190,Mathieu Gorgelin,fr  FRA,GK,Lyon,27,1990,4.0,0,0,0,0,0,0,0,0,0,0,0,0,18,0,0,
191,Prince-Désir Gouano,fr  FRA,DF,Amiens,24,1993,29.1,2,0,0,30,41,0,0,29,21,0,2,1,267,61,32,65.6
192,Yoann Gourcuff,fr  FRA,"MF,FW",Dijon,32,1986,1.5,0,0,0,2,3,0,2,0,1,0,0,0,14,0,1,0.0
193,Max Gradel,ci  CIV,"FW,MF",Toulouse,30,1987,36.0,6,0,0,70,94,17,96,14,35,2,0,0,248,33,55,37.5
194,Jonathan Gradit,fr  FRA,DF,Caen,25,1992,22.3,1,0,0,21,37,1,13,28,32,0,0,1,198,38,34,52.8
195,Clément Grenier,fr  FRA,MF,Rennes,27,1991,29.6,6,0,0,34,25,0,43,21,25,0,1,0,299,5,16,23.8
196,Jérémy Grimm,fr  FRA,MF,Strasbourg,31,1987,1.9,2,0,0,4,3,1,1,4,2,0,1,0,19,4,3,57.1
197,Metehan Güçlü,tr  TUR,FW,Paris S-G,19,1999,0.2,0,0,0,1,0,0,0,0,0,0,0,0,0,0,0,
198,Makhtar Gueye,sn  SEN,"FW,MF",Saint-Étienne,20,1997,0.6,0,0,0,1,1,0,0,0,2,0,0,0,4,3,1,75.0
199,Frederic Guilbert,fr  FRA,DF,Caen,23,1994,32.4,10,1,1,57,37,1,62,49,53,0,0,0,358,53,52,50.5
200,Baptiste Guillaume,be  BEL,FW,Nîmes,23,1995,13.1,4,0,0,24,20,3,5,5,7,1,0,0,50,53,50,51.5
201,Sehrou Guirassy,fr  FRA,FW,Amiens,22,1996,12.3,0,1,0,16,38,8,5,2,4,0,0,0,61,63,54,53.8
202,Régis Gurtner,fr  FRA,GK,Amiens,31,1986,38.0,4,0,0,1,8,0,0,0,0,0,0,0,209,0,0,
203,Luiz Gustavo,br  BRA,"MF,DF",Marseille,31,1987,27.1,8,0,0,38,41,2,5,24,38,0,2,0,258,7,21,25.0
204,Oussama Haddadi,tn  TUN,"DF,MF",Dijon,26,1992,29.7,6,1,1,30,12,4,103,33,34,0,0,0,290,24,21,53.3
205,Oualid El Hajjam,ma  MAR,"DF,MF",Amiens,27,1991,6.0,1,0,0,10,8,0,13,10,9,0,1,0,58,6,3,66.7
206,Romain Hamouma,fr  FRA,"FW,MF",Saint-Étienne,31,1987,17.6,3,1,1,24,34,4,56,10,23,0,0,0,109,19,39,32.8
207,Féthi Harek,dz  ALG,DF,Nîmes,35,1982,2.0,1,0,0,2,1,0,0,2,3,0,0,0,21,4,2,66.7
208,Benjamin Henrichs,de  GER,"DF,MF",Monaco,21,1997,20.3,3,0,0,35,42,4,41,36,34,0,0,0,152,13,10,56.5
209,Christophe Hérelle,mq  MTQ,DF,Nice,25,1992,32.6,9,1,0,36,46,0,5,45,36,0,1,0,311,73,34,68.2
210,Vitorino Hilton,br  BRA,DF,Montpellier,40,1977,35.9,5,1,0,23,45,0,1,44,28,0,0,1,397,64,32,66.7
211,Tomáš Hubočan,sk  SVK,DF,Marseille,32,1985,0.8,1,0,0,1,0,0,0,2,2,0,0,0,6,4,0,100.0
212,Adrien Hunou,fr  FRA,"FW,MF",Rennes,24,1994,13.8,1,0,0,13,23,13,8,4,8,0,0,0,57,7,18,28.0
213,Suk Hyun-jun,kr  KOR,FW,Reims,27,1991,8.8,3,0,0,25,16,13,8,3,4,0,0,0,28,54,37,59.3
214,Didier Ibrahim Ndong,ga  GAB,MF,Guingamp,24,1994,8.3,3,0,0,18,10,0,4,13,11,0,0,0,88,13,16,44.8
215,Jordan Ikoko,cd  COD,DF,Guingamp,24,1994,19.0,3,0,0,18,21,2,34,16,30,0,1,0,153,9,15,37.5
216,Jonathan Ikone,fr  FRA,"MF,FW",Lille,20,1998,31.1,3,0,0,36,29,2,29,2,21,0,0,0,156,9,39,18.8
217,Emmanuel Imorou,bj  BEN,DF,Caen,29,1988,12.4,2,0,0,9,8,1,17,22,11,0,0,0,121,14,7,66.7
218,Wilson Isidor,fr  FRA,FW,Monaco,17,2000,0.5,0,0,0,1,0,0,1,1,0,0,0,0,1,0,0,
219,Christophe Jallet,fr  FRA,"DF,MF",Nice,34,1983,9.8,3,0,0,8,4,0,17,8,15,0,0,0,71,6,9,40.0
220,Nicolas Janvier,fr  FRA,MF,Rennes,19,1998,0.0,0,0,0,0,0,0,0,0,0,0,0,0,0,0,0,
221,Assil Jaziri,tn  TUN,"FW,MF",Nice,18,1999,0.4,0,0,0,2,1,0,2,1,2,0,0,0,5,0,1,0.0
222,Corentin Jean,fr  FRA,"FW,MF",Toulouse,23,1995,7.0,1,0,0,9,15,5,16,5,6,1,0,0,51,9,22,29.0
223,Benjamin Jeannot,fr  FRA,FW,Dijon,26,1992,16.0,3,0,0,34,22,7,9,7,12,0,0,0,92,53,59,47.3
224,Jemerson,br  BRA,"DF,MF",Monaco,25,1992,24.7,9,1,1,43,22,1,0,20,36,0,1,0,216,53,28,65.4
225,Jakob Johansson,se  SWE,MF,Rennes,28,1990,7.9,0,0,0,7,7,0,1,5,13,0,0,0,106,12,9,57.1
226,Karl-Johan Johnsson,se  SWE,GK,Guingamp,28,1990,17.0,0,0,0,0,3,0,0,0,0,0,0,0,95,0,0,
227,Evens Joseph,fr  FRA,"FW,MF",Caen,19,1999,3.6,0,0,0,4,12,0,1,2,4,1,0,0,22,2,7,22.2
228,Vukašin Jovanović,rs  SRB,DF,Bordeaux,22,1996,15.3,7,1,0,18,16,0,0,24,13,0,1,0,178,26,27,49.1
229,Stevan Jovetić,me  MNE,"MF,FW",Monaco,28,1989,4.4,1,0,0,5,3,1,3,0,2,0,0,0,26,4,7,36.4
230,Nathaël Julan,fr  FRA,"FW,MF",Guingamp,22,1996,4.8,1,0,0,4,9,1,2,0,2,0,0,0,27,23,21,52.3
231,Christopher Jullien,fr  FRA,DF,Toulouse,25,1993,33.5,8,0,0,44,21,2,4,27,26,0,1,0,323,112,29,79.4
232,Sory Kaba,gn  GUI,"FW,MF",Dijon,23,1995,2.6,0,0,0,12,6,3,0,0,1,0,0,0,19,13,9,59.1
233,Samuel Kalu,ng  NGA,FW,Bordeaux,20,1997,14.2,3,1,0,19,38,2,38,12,14,1,0,0,99,17,24,41.5
234,François Kamano,gn  GUI,"FW,MF",Bordeaux,22,1996,28.5,6,0,0,51,50,11,33,18,27,1,0,0,155,4,16,20.0
235,Boubacar Kamara,fr  FRA,DF,Marseille,18,1999,26.8,6,0,0,25,31,1,5,24,33,0,1,0,283,58,37,61.1
236,Hassane Kamara,ci  CIV,"DF,FW",Reims,23,1994,10.3,1,0,0,12,10,0,10,15,13,0,1,0,93,8,14,36.4
237,Wilfried Kanga,fr  FRA,FW,Angers,20,1998,5.5,3,0,0,11,7,0,5,1,1,1,0,0,19,9,9,50.0
238,Yann Karamoh,fr  FRA,"FW,MF",Bordeaux,20,1998,13.6,2,0,0,12,27,3,37,4,6,0,0,0,84,1,12,7.7
239,Eiji Kawashima,jp  JPN,GK,Strasbourg,35,1983,1.0,0,0,0,0,0,0,0,0,0,0,0,0,8,0,0,
240,Thilo Kehrer,de  GER,DF,Paris S-G,21,1996,21.1,4,0,0,26,18,0,8,18,44,0,3,0,194,43,27,61.4
241,Jules Keita,gn  GUI,"FW,MF",Dijon,20,1998,5.1,3,0,0,12,8,4,5,1,4,0,0,0,32,0,4,0.0
242,Christophe Kerbrat,fr  FRA,DF,Guingamp,31,1986,23.3,3,1,0,7,22,1,3,44,24,0,0,0,263,17,34,33.3
243,Saîf-Eddine Khaoui,tn  TUN,"MF,FW",Caen,23,1995,15.0,0,0,0,19,10,0,11,15,7,0,0,0,121,8,12,40.0
244,Wahbi Khazri,tn  TUN,"FW,MF",Saint-Étienne,27,1991,31.3,10,1,0,56,52,24,63,17,27,3,0,0,150,11,29,27.5
245,Presnel Kimpembe,fr  FRA,DF,Paris S-G,22,1995,22.3,4,1,0,30,41,1,3,24,26,0,0,1,226,22,19,53.7
246,Djégui Koita,fr  FRA,DF,Guingamp,18,1999,1.9,0,0,0,1,1,0,0,1,3,0,0,0,11,0,3,0.0
247,Randal Kolo Muani,fr  FRA,"FW,MF",Nantes,19,1998,1.4,1,0,0,8,1,0,2,0,1,0,0,0,6,1,4,20.0
248,Timothée Kolodziejczak,fr  FRA,DF,Saint-Étienne,26,1991,35.4,7,0,0,31,13,0,38,30,26,0,0,0,318,36,22,62.1
249,Ghislain Konan,ci  CIV,DF,Reims,22,1995,20.0,0,0,0,15,29,3,51,25,28,0,1,0,230,19,28,40.4
250,Moussa Konaté,sn  SEN,FW,Amiens,25,1993,20.8,2,0,0,43,38,24,8,5,9,1,0,0,74,40,67,37.4
251,Kouadio Koné,fr  FRA,MF,Toulouse,17,2001,0.8,0,0,0,1,1,0,0,0,3,0,0,0,4,0,1,0.0
252,Lamine Koné,ci  CIV,DF,Strasbourg,29,1989,23.9,2,0,0,23,22,0,3,25,19,0,2,0,230,43,23,65.2
253,Youssouf Koné,ml  MLI,DF,Lille,23,1995,19.0,3,0,0,18,27,2,53,28,45,0,0,0,142,12,16,42.9
254,Christian Kouakou,ci  CIV,FW,Caen,27,1991,0.1,0,0,0,0,0,0,0,0,0,0,0,0,,,,
255,Tomáš Koubek,cz  CZE,GK,Rennes,25,1992,32.5,1,0,0,0,1,0,0,0,0,0,0,0,149,0,0,
256,Jules Koundé,fr  FRA,DF,Bordeaux,19,1998,37.0,4,0,0,26,22,0,5,46,23,0,2,0,430,78,64,54.9
257,Emil Krafth,se  SWE,DF,Amiens,23,1994,33.0,2,0,0,40,36,1,66,17,38,0,0,0,321,30,29,50.8
258,Rene Krhin,si  SVN,MF,Nantes,28,1990,11.7,2,0,0,6,13,0,0,20,13,0,0,0,138,20,10,66.7
259,Layvin Kurzawa,fr  FRA,"DF,MF",Paris S-G,25,1992,11.2,4,0,0,28,6,6,25,6,14,0,0,0,100,21,12,63.6
260,Rafał Kurzawa,pl  POL,"FW,MF",Amiens,25,1993,2.7,0,0,0,4,6,0,9,4,3,0,0,0,22,3,5,37.5
261,Enock Kwateng,fr  FRA,DF,Nantes,21,1997,22.7,4,0,0,26,21,1,57,65,32,0,0,0,268,36,18,66.7
262,Grejohn Kyei,fr  FRA,FW,Reims,22,1995,0.0,0,0,0,0,0,0,0,0,0,0,0,0,1,0,0,
263,Kenny Lala,fr  FRA,"DF,MF",Strasbourg,26,1991,34.0,4,0,0,34,38,0,108,29,43,0,1,0,333,17,26,39.5
264,Mohamed Lamine Diaby,fr  FRA,FW,Nice,17,2001,1.8,0,0,0,4,3,3,0,1,1,0,0,0,4,2,10,16.7
265,Loïck Landre,fr  FRA,DF,Nîmes,26,1992,17.7,6,1,0,23,16,2,0,14,28,0,0,0,170,26,19,57.8
266,Johan Larsson,se  SWE,DF,Guingamp,28,1990,1.0,0,0,0,1,0,0,4,2,1,0,0,0,8,0,0,
267,Paul Lasne,fr  FRA,"MF,DF",Montpellier,29,1989,19.9,5,0,0,31,26,4,37,18,33,0,1,0,190,15,14,51.7
268,Alexandre Lauray,fr  FRA,DF,Bordeaux,21,1997,2.9,1,0,0,2,1,0,0,5,5,0,0,0,18,4,5,44.4
269,Armand Lauriente,fr  FRA,FW,Rennes,19,1998,0.0,0,0,0,0,0,0,0,0,0,0,0,0,0,0,0,
270,Wesley Lautoa,nc  NCL,"DF,MF",Dijon,30,1987,33.6,12,1,1,53,38,0,2,46,50,0,1,1,339,37,39,48.7
271,Mickaël Le Bihan,fr  FRA,FW,Nice,28,1990,2.3,2,0,0,2,3,1,2,1,1,0,0,0,12,0,4,0.0
272,Damien Le Tallec,fr  FRA,MF,Montpellier,28,1990,31.2,3,0,0,55,30,1,5,30,46,0,0,0,368,70,50,58.3
273,James Lea Siliki,cm  CMR,"MF,FW",Rennes,22,1996,13.6,2,0,0,25,25,0,55,10,15,0,0,0,86,4,5,44.4
274,Rafael Leão,pt  POR,FW,Lille,19,1999,14.3,3,0,0,25,17,3,12,2,4,1,0,0,49,19,40,32.2
275,Benjamin Lecomte,fr  FRA,GK,Montpellier,27,1991,37.0,1,0,0,2,7,0,0,0,0,0,1,0,232,0,0,
276,Pierre Lees-Melou,fr  FRA,MF,Nice,25,1993,26.6,5,1,0,44,31,2,15,25,49,0,0,0,213,10,14,41.7
277,Jordan Lefort,fr  FRA,"DF,MF",Amiens,24,1993,20.0,4,1,0,16,15,1,15,31,17,0,1,0,217,39,25,60.9
278,Lukas Lerager,dk  DEN,MF,Bordeaux,25,1993,14.4,4,0,0,21,14,0,4,15,25,0,0,0,172,21,14,60.0
279,Igor Lewczuk,pl  POL,DF,Bordeaux,33,1985,5.0,0,0,0,4,0,0,1,2,4,0,0,0,47,9,6,60.0
280,Aaron Leya Iseka,be  BEL,FW,Toulouse,20,1997,16.0,2,1,0,23,14,7,2,1,2,0,0,0,50,21,39,35.0
281,Dimitri Liénard,fr  FRA,"MF,DF",Strasbourg,30,1988,14.3,1,0,0,5,16,3,34,16,18,0,0,0,148,4,9,30.8
282,Lucas Lima,br  BRA,"DF,FW",Nantes,26,1991,27.7,6,0,0,46,31,7,135,24,34,0,0,0,316,26,29,47.3
283,Anthony Limbombe,be  BEL,FW,Nantes,24,1994,13.7,2,0,0,6,27,9,39,6,10,0,0,0,91,9,11,45.0
284,Giovani Lo Celso,ar  ARG,MF,Paris S-G,22,1996,0.1,0,0,0,1,2,0,0,0,2,0,0,0,2,0,0,
285,Enzo Loiodice,fr  FRA,MF,Dijon,17,2000,9.4,4,1,1,13,18,0,1,6,16,0,0,0,100,5,6,45.5
286,Anthony Lopes,pt  POR,GK,Lyon,27,1990,34.0,0,0,0,1,7,0,0,0,0,0,1,0,152,0,0,
287,Rony Lopes,pt  POR,"FW,MF",Monaco,22,1995,20.5,1,0,0,16,28,5,64,7,26,0,0,0,118,7,15,31.8
288,Cristian López,es  ESP,FW,Angers,29,1989,4.1,2,0,0,11,12,1,1,2,10,1,0,0,10,14,21,40.0
289,Maxime Lopez,fr  FRA,MF,Marseille,20,1997,24.2,4,0,0,31,15,0,32,13,28,0,0,0,257,5,10,33.3
290,Albert Lottin,fr  FRA,"MF,FW",Bordeaux,16,2001,0.2,0,0,0,1,0,0,0,0,0,0,0,0,5,0,0,
291,Imran Louza,fr  FRA,MF,Nantes,19,1999,1.0,1,0,0,4,0,0,1,0,1,0,0,0,12,0,0,
292,Hervé Lybohy,ne  NIG,DF,Nîmes,35,1983,16.4,3,0,0,18,10,0,1,8,15,0,1,0,155,21,21,50.0
293,Yann M'Vila,fr  FRA,MF,Saint-Étienne,28,1990,36.2,5,1,0,24,33,0,7,44,54,0,0,0,431,39,27,59.1
294,Thiago Maia,br  BRA,MF,Lille,21,1997,11.3,4,0,0,18,14,1,3,15,24,0,0,0,158,13,11,54.2
295,Mike Maignan,fr  FRA,GK,Lille,22,1995,38.0,1,0,0,0,10,0,0,0,0,0,0,0,189,0,0,
296,Josh Maja,ng  NGA,"FW,MF",Bordeaux,19,1998,2.2,1,0,0,4,2,0,0,1,2,0,0,0,10,1,4,20.0
297,Abdul Majeed Waris,gh  GHA,FW,Nantes,26,1991,25.0,3,0,0,17,73,11,28,9,17,3,0,0,109,7,26,21.2
298,Jean-Victor Makengo,fr  FRA,"FW,MF",Nice,20,1998,11.4,3,0,0,12,14,0,6,8,8,0,0,0,61,4,16,20.0
299,Antonio Mance,hr  CRO,"FW,MF",Nantes,22,1995,0.6,1,0,0,3,0,0,3,0,1,0,0,0,0,1,3,25.0
300,Vincent Manceau,fr  FRA,DF,Angers,29,1989,31.0,2,0,0,29,35,1,47,38,49,0,0,1,309,18,10,64.3
301,Steve Mandanda,fr  FRA,GK,Marseille,33,1985,30.4,1,1,0,3,2,0,0,0,0,0,2,0,127,0,0,
302,Reinildo Mandava,mz  MOZ,DF,Lille,24,1994,1.1,0,0,0,5,2,0,3,2,3,0,0,0,7,2,1,66.7
303,Thomas Mangani,fr  FRA,MF,Angers,31,1987,17.8,2,1,0,14,12,0,27,13,30,0,0,0,204,12,22,35.3
304,Harrison Manzala,cd  COD,"MF,FW",Angers,24,1994,0.8,0,0,0,1,4,1,2,0,2,0,0,0,6,1,2,33.3
305,Myziane Maolida,fr  FRA,"FW,MF",Nice,19,1999,10.6,2,0,0,5,7,3,15,0,7,0,0,0,61,4,8,33.3
306,Faitout Maouassa,fr  FRA,DF,Nîmes,20,1998,23.7,2,1,1,13,26,0,55,12,26,0,0,0,186,16,10,61.5
307,Fernando Marçal,br  BRA,DF,Lyon,29,1989,9.8,2,0,0,9,8,0,12,16,12,0,0,0,122,33,18,64.7
308,Marcelo,br  BRA,DF,Lyon,31,1987,32.0,6,0,0,33,12,0,5,50,29,0,0,2,414,141,31,82.0
309,Mariano,do  DOM,FW,Lyon,24,1993,1.6,0,0,0,3,1,0,0,1,0,0,0,0,2,2,0,100.0
310,Jordan Marié,fr  FRA,MF,Dijon,26,1991,20.0,4,0,0,22,14,0,11,33,34,0,0,0,220,17,20,45.9
311,Marquinhos,br  BRA,"DF,MF",Paris S-G,24,1994,29.9,2,1,0,30,11,1,5,23,35,0,0,0,315,60,35,63.2
312,Jonas Martin,fr  FRA,MF,Strasbourg,28,1990,22.9,9,0,0,35,23,0,20,26,31,0,0,0,246,13,14,48.1
313,Marvin Martin,fr  FRA,"MF,FW",Reims,30,1988,6.9,1,0,0,6,15,1,4,1,3,0,0,0,41,1,12,7.7
314,Pablo Martinez,fr  FRA,DF,Strasbourg,29,1989,31.3,7,0,0,29,48,0,6,37,28,1,0,0,314,44,31,58.7
315,Gelson Martins,pt  POR,"FW,MF",Monaco,23,1995,15.4,1,0,0,14,25,2,47,5,22,0,0,0,110,6,16,27.3
316,Han-Noah Massengo,fr  FRA,"FW,MF",Monaco,17,2001,0.7,0,0,0,0,1,0,2,0,2,0,0,0,3,1,0,100.0
317,Eric Maxim Choupo-Moting,cm  CMR,"FW,MF",Paris S-G,29,1989,8.9,0,0,0,16,6,12,4,6,4,0,0,0,40,8,16,33.3
318,Kylian Mbappé,fr  FRA,FW,Paris S-G,19,1998,26.0,5,1,0,19,44,30,48,5,4,4,0,0,80,2,5,28.6
319,Loïc Mbe Soh,fr  FRA,DF,Paris S-G,17,2001,2.0,0,0,0,1,0,0,0,0,0,0,0,0,23,8,3,72.7
320,Nolan Mbemba,cg  CGO,"MF,DF",Reims,23,1995,4.0,0,0,0,3,5,0,2,8,10,0,0,0,61,8,1,88.9
321,Adama Mbengue,sn  SEN,DF,Caen,24,1993,8.2,3,0,0,21,8,0,21,6,27,0,1,0,90,5,6,45.5
322,Stéphane Mbia,cm  CMR,"DF,MF",Toulouse,32,1986,5.0,1,0,0,5,9,0,0,11,0,0,0,0,40,8,6,57.1
323,Kara Mbodji,sn  SEN,DF,Nantes,28,1989,5.6,0,0,0,3,7,0,1,4,7,0,0,0,57,10,2,83.3
324,Jordi Mboula,es  ESP,FW,Monaco,19,1999,3.1,1,0,0,6,4,0,20,1,2,0,0,0,21,1,3,25.0
325,Farid El Melali,dz  ALG,"FW,MF",Angers,21,1997,3.6,1,0,0,7,8,0,4,5,5,0,0,0,39,1,4,20.0
326,Pedro Mendes,pt  POR,DF,Montpellier,27,1990,29.6,7,0,0,44,47,0,9,26,35,1,0,0,275,27,36,42.9
327,Thiago Mendes,br  BRA,MF,Lille,26,1992,34.2,10,0,0,39,66,0,28,51,70,0,2,0,479,21,27,43.8
328,Stiven Mendoza,co  COL,"FW,MF",Amiens,26,1992,20.9,4,0,0,25,45,2,53,9,22,0,0,0,154,8,11,42.1
329,Alexandre Mendy,gw  GNB,FW,Guingamp,24,1994,8.5,2,0,0,14,9,10,1,2,3,0,0,0,29,15,28,34.9
330,Edouard Mendy,sn  SEN,GK,Reims,26,1992,38.0,3,0,0,2,15,0,1,1,0,0,0,0,227,0,0,
331,Ferland Mendy,fr  FRA,DF,Lyon,23,1995,28.1,2,0,0,29,42,0,74,25,30,0,1,0,293,39,26,60.0
332,Mehdi Merghem,fr  FRA,"FW,MF",Guingamp,21,1997,8.0,3,0,0,12,7,0,20,5,13,0,0,0,74,9,6,60.0
333,Romain Métanire,mg  MAD,"DF,MF",Reims,28,1990,3.5,1,1,0,6,5,1,2,4,7,0,1,0,33,1,3,25.0
334,Thomas Meunier,be  BEL,"DF,MF",Paris S-G,26,1991,17.9,2,0,0,23,4,5,59,9,26,1,0,1,180,26,10,72.2
335,Mexer,mz  MOZ,DF,Rennes,29,1988,27.4,3,0,0,13,10,0,1,16,12,0,0,0,232,49,22,69.0
336,Matt Miazga,us  USA,DF,Nantes,23,1995,8.0,5,0,0,11,4,0,0,9,6,0,1,0,126,23,5,82.1
337,Clément Michelin,fr  FRA,DF,Toulouse,21,1997,1.0,0,0,0,1,0,0,1,2,1,0,0,0,12,2,1,66.7
338,Florian Miguel,fr  FRA,DF,Nîmes,21,1996,12.4,2,1,1,14,19,1,9,11,11,0,0,0,98,16,18,47.1
339,Kostas Mitroglou,gr  GRE,FW,Marseille,30,1988,6.4,0,0,0,8,5,6,0,0,0,0,0,0,13,8,11,42.1
340,Stefan Mitrović,rs  SRB,DF,Strasbourg,28,1990,33.6,8,2,0,19,10,1,0,31,7,0,1,1,268,45,35,56.3
341,Hakim El Mokeddem,br  BRA,"FW,MF",Toulouse,19,1999,0.3,0,0,0,0,0,0,1,0,0,0,0,0,5,1,1,50.0
342,Florent Mollet,fr  FRA,"MF,FW",Montpellier,26,1991,28.5,6,1,1,46,33,7,65,17,17,0,0,0,194,8,26,23.5
343,Thomas Monconduit,fr  FRA,MF,Amiens,27,1991,31.3,6,0,0,51,43,1,8,23,61,0,0,0,376,40,22,64.5
344,Kévin Monnet-Paquet,fr  FRA,"MF,DF",Saint-Étienne,29,1988,16.5,4,0,0,22,10,1,28,10,32,0,1,0,153,16,50,24.2
345,Steven Moreira,fr  FRA,"DF,MF",Toulouse,23,1994,9.6,2,0,0,13,5,2,13,6,6,0,0,0,75,5,8,38.5
346,Jérémy Morel,mg  MAD,DF,Lyon,34,1984,11.8,4,0,0,13,9,0,0,10,8,0,1,0,130,19,24,44.2
347,François Moubandje,ch  SUI,DF,Toulouse,28,1990,21.5,3,0,0,24,19,1,43,22,23,0,0,0,230,27,25,51.9
348,Jessy Moulin,fr  FRA,GK,Saint-Étienne,32,1986,1.0,0,0,0,0,0,0,0,0,0,0,0,1,11,0,0,
349,Herman Moussaki,fr  FRA,"MF,FW",Caen,19,1999,2.3,1,0,0,4,6,0,1,0,3,0,0,0,9,4,13,23.5
350,Samuel Moutoussamy,cd  COD,"MF,FW",Nantes,21,1996,18.3,0,0,0,17,11,3,21,5,27,0,0,0,131,8,15,34.8
351,Ndombe Mubele,cd  COD,FW,Toulouse,24,1994,5.2,0,0,0,6,13,2,6,1,3,0,0,0,26,3,8,27.3
352,Benoît Mukinayi,fr  FRA,DF,Monaco,17,2001,19.6,4,0,0,13,5,0,0,20,18,1,1,1,173,35,13,72.9
353,Kévin N'Doram,fr  FRA,"DF,MF",Monaco,22,1996,2.2,2,0,0,8,2,0,0,4,2,0,0,0,27,3,2,60.0
354,Abdallah N'dour,sn  SEN,"DF,MF",Strasbourg,24,1993,3.2,0,0,0,3,4,0,7,6,5,0,0,0,34,2,1,66.7
355,Cheikh N'Doye,sn  SEN,MF,Angers,32,1986,25.9,4,0,0,32,23,3,17,22,24,1,0,0,222,124,53,70.1
356,Nathan N'Goumou,fr  FRA,FW,Toulouse,18,2000,0.8,0,0,0,1,0,0,0,0,1,0,0,0,5,0,1,0.0
357,Clinton N'Jie,cm  CMR,"FW,MF",Marseille,24,1993,4.0,0,0,0,7,3,1,5,0,5,0,0,0,23,5,6,45.5
358,Georges-Kévin N'Koudou,fr  FRA,MF,Monaco,23,1995,0.3,0,0,0,1,3,0,1,0,1,0,0,0,5,0,1,0.0
359,Stanley N'Soki,fr  FRA,DF,Paris S-G,19,1999,7.8,2,0,0,9,3,1,8,14,12,0,0,0,78,11,4,73.3
360,Naldo,br  BRA,DF,Monaco,35,1982,3.3,0,2,0,3,1,0,0,3,3,0,0,0,23,14,6,70.0
361,Tanguy Ndombele,fr  FRA,MF,Lyon,21,1996,29.9,3,0,0,44,73,0,5,30,53,0,1,0,267,14,12,53.8
362,Neymar,br  BRA,"MF,FW",Paris S-G,26,1992,16.0,2,0,0,13,58,7,24,4,10,2,0,0,90,5,2,71.4
363,Yeni Ngbakoto,cd  COD,"FW,MF",Guingamp,26,1992,6.3,0,0,0,11,8,1,16,4,5,0,0,0,39,13,9,59.1
364,M'Baye Niang,sn  SEN,FW,Rennes,23,1994,19.9,5,0,0,45,45,11,22,9,16,3,0,0,76,33,39,45.8
365,Casimir Ninga,td  CHA,"FW,MF",Caen,25,1993,27.4,9,0,0,64,35,15,41,18,32,0,0,0,189,21,49,30.0
366,Christopher Nkunku,fr  FRA,"MF,FW",Paris S-G,20,1997,12.8,0,0,0,21,30,0,15,11,11,0,0,0,94,10,9,52.6
367,Arnaud Nordin,fr  FRA,"FW,MF",Saint-Étienne,20,1998,11.7,2,0,0,14,35,2,20,8,6,0,0,0,83,13,11,54.2
368,Gerzino Nyamsi,fr  FRA,DF,Rennes,21,1997,6.0,1,1,1,13,2,0,0,2,6,0,0,0,31,20,13,60.6
369,Lucas Ocampos,ar  ARG,"FW,MF",Marseille,24,1994,30.1,11,0,0,51,64,6,65,31,55,0,0,0,235,24,50,32.4
370,Sheyi Ojo,eng  ENG,"FW,MF",Reims,21,1997,5.2,0,0,0,3,10,0,13,2,3,0,0,0,27,3,16,15.8
371,Alexandre Olliero,fr  FRA,GK,Nantes,22,1996,1.0,0,0,0,0,0,0,0,0,0,0,0,0,5,0,0,
372,Prince Oniangué,cg  CGO,MF,Caen,29,1988,26.0,3,0,0,27,28,1,6,16,35,0,0,0,220,36,38,48.6
373,Otávio,br  BRA,MF,Bordeaux,24,1994,31.9,4,0,0,56,24,0,4,27,80,0,0,0,354,17,30,36.2
374,Remi Oudin,fr  FRA,FW,Reims,21,1996,29.0,4,0,0,32,17,8,57,24,31,0,0,0,201,17,46,27.0
375,Ambroise Oyongo,cm  CMR,"DF,MF",Montpellier,27,1991,23.7,5,0,0,25,24,0,63,21,20,0,0,1,171,8,28,22.2
376,Pablo,br  BRA,DF,Bordeaux,27,1991,21.5,2,3,0,18,12,1,0,27,20,0,2,0,291,59,19,75.6
377,Vincent Pajot,fr  FRA,MF,Angers,27,1990,7.9,2,0,0,19,12,1,2,10,14,0,0,0,50,26,15,63.4
378,Sergi Palencia,es  ESP,DF,Bordeaux,22,1996,22.1,6,0,0,27,26,1,55,15,49,0,1,0,214,15,28,34.9
379,Nicolas Pallois,fr  FRA,DF,Nantes,30,1987,24.0,8,0,0,25,12,2,4,31,42,0,2,0,313,35,21,62.5
380,Mickaël Panos,fr  FRA,DF,Saint-Étienne,21,1997,0.3,0,0,0,0,0,0,1,1,1,0,0,0,1,0,1,0.0
381,Elhadji Pape Diaw,sn  SEN,DF,Angers,23,1994,0.2,0,0,0,0,0,0,0,0,0,0,0,0,0,1,0,100.0
382,Gaëtan Paquiez,fr  FRA,DF,Nîmes,24,1994,14.8,5,0,0,18,11,0,14,7,26,0,0,0,134,13,18,41.9
383,Leandro Paredes,ar  ARG,MF,Paris S-G,24,1994,13.9,1,0,0,14,23,0,7,11,17,0,0,0,119,7,8,46.7
384,Mateo Pavlović,ba  BIH,DF,Angers,28,1990,27.7,7,1,0,29,10,0,2,11,20,0,0,0,192,42,25,62.7
385,Dimitri Payet,fr  FRA,"MF,FW",Marseille,31,1987,21.2,3,0,0,13,34,2,92,2,7,1,0,0,116,2,9,18.2
386,Stef Peeters,be  BEL,MF,Caen,26,1992,4.5,0,0,0,9,1,0,3,5,7,0,0,0,27,0,0,
387,Jordan Pefok,us  USA,FW,Rennes,22,1996,6.8,0,0,0,13,7,2,1,1,6,1,0,0,26,7,14,33.3
388,Pelé,gw  GNB,MF,Monaco,26,1991,5.2,1,0,0,9,7,0,1,4,4,1,0,0,58,6,5,54.5
389,Yohann Pelé,fr  FRA,GK,Marseille,35,1982,7.6,0,0,0,0,1,0,0,0,0,0,0,0,39,0,0,
390,Maxime Pélican,fr  FRA,FW,Nice,20,1998,1.0,0,0,0,1,1,0,1,0,0,0,0,0,6,0,8,0.0
391,Pietro Pellegri,it  ITA,"FW,MF",Monaco,17,2001,0.9,1,0,0,4,2,0,1,1,1,0,0,0,4,1,4,20.0
392,Théo Pellenard,fr  FRA,DF,Angers,24,1994,5.5,0,0,0,10,1,0,13,6,8,0,0,0,35,10,1,90.9
393,Andy Pelmard,fr  FRA,DF,Nice,18,2000,3.1,0,0,0,4,2,0,0,1,3,0,0,0,31,3,2,60.0
394,Nicolas Pépé,ci  CIV,"FW,MF",Lille,23,1995,36.9,1,0,0,27,108,12,59,10,17,5,0,0,206,31,28,52.5
395,Loïc Perrin,fr  FRA,DF,Saint-Étienne,32,1985,30.0,2,0,0,26,20,0,3,28,31,0,3,0,301,72,26,73.5
396,Matthias Phaeton,GPE,"FW,MF",Guingamp,18,2000,0.6,0,0,0,1,2,0,0,0,1,0,0,0,3,0,3,0.0
397,Lebogang Phiri,za  RSA,MF,Guingamp,23,1994,21.4,3,0,0,25,13,0,2,23,41,1,0,0,238,13,17,43.3
398,Jérémy Pied,fr  FRA,DF,Lille,29,1989,5.2,0,0,0,6,5,0,9,3,6,0,0,0,51,6,11,35.3
399,Ronaël Pierre-Gabriel,fr  FRA,DF,Monaco,20,1998,3.9,1,0,0,5,6,0,2,2,6,0,0,0,33,5,5,50.0
400,Erik Pieters,nl  NED,DF,Amiens,29,1988,14.0,2,0,0,18,23,0,26,11,35,0,0,0,153,20,13,60.6
401,Virgile Pinson,fr  FRA,FW,Reims,22,1996,0.1,0,0,0,0,0,0,1,0,0,0,0,0,2,0,0,
402,Lenny Pintor,fr  FRA,FW,Lyon,17,2000,0.0,0,0,0,0,0,0,0,0,0,0,0,0,0,0,0,
403,Facundo Píriz,uy  URU,MF,Montpellier,28,1990,1.3,0,0,0,2,0,0,0,3,3,0,0,0,16,5,4,55.6
404,Jaroslav Plašil,cz  CZE,MF,Bordeaux,36,1982,16.0,2,0,0,19,25,0,12,16,28,0,0,0,171,17,17,50.0
405,Morgan Poaty,cg  CGO,MF,Montpellier,21,1997,1.0,0,0,0,0,3,0,5,0,0,0,0,0,8,0,0,
406,Denis-Will Poha,fr  FRA,MF,Rennes,21,1997,0.3,0,0,0,1,1,0,1,0,0,0,0,0,4,0,0,
407,Pierre-Yves Polomat,fr  FRA,"DF,MF",Saint-Étienne,24,1993,10.6,2,0,0,12,6,1,33,13,14,0,0,0,91,11,15,42.3
408,Maxime Poundjé,fr  FRA,DF,Bordeaux,25,1992,28.2,4,0,0,26,20,1,83,21,23,0,0,0,229,33,27,55.0
409,Gaëtan Poussin,fr  FRA,GK,Bordeaux,19,1999,1.0,0,0,0,0,1,0,0,0,0,0,0,0,4,0,0,
410,Sanjin Prcić,ba  BIH,MF,Strasbourg,24,1993,11.7,1,0,0,11,4,0,12,14,14,0,0,0,135,12,5,70.6
411,Nicolas de Préville,fr  FRA,"FW,MF",Bordeaux,27,1991,14.1,5,0,0,44,36,4,32,7,20,0,1,0,100,24,20,54.5
412,Adrien Rabiot,fr  FRA,MF,Paris S-G,23,1995,11.8,3,0,0,23,8,0,0,9,23,0,0,1,118,10,8,55.6
413,Nemanja Radonjić,rs  SRB,FW,Marseille,22,1996,7.6,2,0,0,6,3,5,13,2,5,0,1,0,36,2,10,16.7
414,Rafael,br  BRA,DF,Lyon,28,1990,11.4,4,1,0,21,20,2,36,11,15,0,0,1,112,12,7,63.2
415,Andrea Raggi,it  ITA,"DF,MF",Monaco,34,1984,5.5,1,1,0,1,6,1,7,5,4,0,0,0,33,1,2,33.3
416,Baba Rahman,gh  GHA,DF,Reims,24,1994,10.7,3,0,0,15,14,0,4,19,17,0,0,0,102,16,22,42.1
417,Adil Rami,fr  FRA,DF,Marseille,32,1985,15.7,2,0,0,17,11,2,1,7,11,0,3,0,206,41,12,77.4
418,Pedro Rebocho,pt  POR,DF,Guingamp,23,1995,36.0,4,0,0,21,36,2,125,28,35,0,1,0,390,35,33,51.5
419,Jeff Reine-Adélaïde,fr  FRA,"FW,MF",Angers,20,1998,28.4,2,0,0,31,68,4,9,23,24,1,0,0,194,9,25,26.5
420,Loïc Rémy,fr  FRA,FW,Lille,31,1987,13.4,3,0,0,18,10,10,3,0,3,1,0,0,40,20,42,32.3
421,Baptiste Reynet,fr  FRA,GK,Toulouse,27,1990,30.0,0,1,0,1,10,0,0,0,0,0,0,1,160,0,0,
422,Kévin Rimane,gf  GUF,MF,Paris S-G,27,1991,0.1,0,0,0,0,0,0,0,0,0,0,0,0,0,0,0,
423,Renaud Ripart,fr  FRA,"FW,DF",Nîmes,25,1993,33.4,2,0,0,37,72,8,48,23,43,0,0,0,245,79,115,40.7
424,Mihailo Ristić,rs  SRB,DF,Montpellier,22,1995,3.6,0,0,0,3,5,0,5,5,8,0,0,0,18,4,4,50.0
425,Christopher Rocchia,fr  FRA,DF,Marseille,20,1998,0.0,0,0,0,0,0,0,1,0,0,0,0,0,0,0,0,
426,Kenny Rocha Santos,cv  CPV,DF,Saint-Étienne,18,2000,0.0,0,0,0,0,0,0,0,0,0,0,0,0,0,0,0,
427,Ronny Rodelin,fr  FRA,"MF,FW",Guingamp,28,1989,8.8,0,0,0,10,9,3,7,3,5,0,0,0,55,35,14,71.4
428,Rolando,pt  POR,DF,Marseille,32,1985,8.9,2,0,0,8,2,0,0,4,12,0,0,0,91,16,14,53.3
429,Alaixys Romao,tg  TOG,MF,Reims,34,1984,35.1,8,1,0,87,81,0,9,42,70,0,0,0,432,40,46,46.5
430,Valentin Rongier,fr  FRA,MF,Nantes,23,1994,35.8,3,0,0,46,32,3,50,28,50,0,0,0,374,23,34,40.4
431,Valentin Rosier,fr  FRA,"DF,MF",Dijon,21,1996,16.2,2,0,0,36,19,3,19,23,24,0,0,0,168,12,10,54.5
432,Nolan Roux,fr  FRA,FW,Guingamp,30,1988,17.1,2,0,0,25,37,6,6,2,8,0,0,0,62,39,49,44.3
433,Stéphane Ruffier,fr  FRA,GK,Saint-Étienne,31,1986,37.0,1,0,0,1,0,0,0,0,0,0,1,0,202,0,0,
434,Idriss Saadi,dz  ALG,MF,Strasbourg,26,1992,0.1,0,0,0,0,0,1,0,0,0,0,0,0,0,0,0,
435,Youssouf Sabaly,sn  SEN,DF,Bordeaux,25,1993,21.2,3,0,0,31,30,3,41,22,26,0,0,0,242,15,26,36.6
436,Ihsan Sacko,fr  FRA,FW,Nice,21,1997,4.9,0,1,0,12,6,4,3,3,6,1,0,0,22,4,11,26.7
437,Wesley Saïd,fr  FRA,"FW,MF",Dijon,23,1995,25.0,4,0,0,50,16,7,33,8,17,0,0,0,110,13,28,31.7
438,Allan Saint-Maximin,fr  FRA,"FW,MF",Nice,21,1997,32.2,2,0,0,12,68,8,102,5,7,2,0,0,176,16,20,44.4
439,Théo Sainte-Luce,fr  FRA,FW,Nîmes,19,1998,0.0,0,0,0,0,0,0,0,0,0,0,0,0,0,0,0,
440,Hiroki Sakai,jp  JPN,DF,Marseille,28,1990,26.4,3,0,0,33,25,1,44,17,28,0,1,0,289,58,30,65.9
441,Diafra Sakho,sn  SEN,FW,Rennes,28,1989,1.6,0,0,0,0,1,2,1,1,2,0,0,0,7,3,0,100.0
442,Emiliano Sala,ar  ARG,FW,Nantes,27,1990,15.2,0,0,0,16,34,14,7,3,6,1,0,0,62,15,40,27.3
443,William Saliba,fr  FRA,DF,Saint-Étienne,17,2001,14.2,1,0,0,10,10,0,2,17,26,0,2,0,136,29,13,69.0
444,Brice Samba,cg  CGO,GK,Caen,24,1994,38.0,1,0,0,0,3,0,0,0,0,0,0,0,175,0,0,
445,Junior Sambia,fr  FRA,"MF,FW",Montpellier,21,1996,10.3,3,0,0,20,24,4,20,6,9,0,0,0,79,11,11,50.0
446,Frédéric Sammaritano,fr  FRA,"FW,MF",Dijon,32,1986,6.0,3,1,1,14,6,0,13,4,11,0,0,0,42,2,10,16.7
447,Ibrahim Sangaré,ci  CIV,MF,Toulouse,20,1997,27.4,7,0,0,51,38,3,13,22,77,0,0,0,343,31,24,56.4
448,Younousse Sankharé,sn  SEN,MF,Bordeaux,28,1989,16.4,6,0,0,35,35,5,1,11,10,1,0,0,128,15,17,46.9
449,Baissama Sankoh,gn  GUI,"MF,FW",Caen,26,1992,7.2,2,1,0,9,11,0,3,3,5,0,0,0,59,11,10,52.4
450,Yaya Sanogo,fr  FRA,FW,Toulouse,25,1993,13.8,3,0,0,41,27,5,3,2,1,3,1,0,57,41,47,46.6
451,Morgan Sanson,fr  FRA,MF,Marseille,23,1994,26.7,9,0,0,52,50,2,40,35,46,0,0,0,293,19,30,38.8
452,Baptiste Santamaria,fr  FRA,MF,Angers,23,1995,36.1,2,0,0,51,49,1,7,58,89,0,0,0,436,29,27,51.8
453,Bouna Sarr,gn  GUI,"DF,FW",Marseille,26,1992,24.9,3,1,1,37,32,3,67,30,52,0,0,0,271,32,20,61.5
454,Ismaila Sarr,sn  SEN,"FW,MF",Rennes,20,1998,31.0,6,0,0,40,98,10,53,15,20,3,0,0,159,15,26,36.6
455,Malang Sarr,fr  FRA,DF,Nice,19,1999,33.3,1,0,0,31,30,0,10,51,24,0,1,1,312,42,21,66.7
456,Téji Savanier,fr  FRA,MF,Nîmes,26,1991,31.8,6,1,0,49,96,0,66,44,63,0,0,0,447,34,32,51.5
457,Stanley Segarel,fr  FRA,"FW,MF",Amiens,24,1994,0.2,0,0,0,1,0,0,0,0,0,0,0,0,0,1,0,100.0
458,Ole Selnæs,no  NOR,MF,Saint-Étienne,24,1994,18.5,6,0,0,30,12,1,5,16,23,0,0,0,210,15,21,41.7
459,Matz Sels,be  BEL,GK,Strasbourg,26,1992,37.0,2,0,0,1,6,0,0,0,0,0,0,0,180,0,0,
460,Julien Serrano,fr  FRA,"MF,DF",Monaco,20,1998,1.3,1,0,0,2,1,1,3,3,4,0,0,0,6,1,1,50.0
461,Grégory Sertic,fr  FRA,MF,Marseille,28,1989,1.2,1,0,0,3,0,0,1,1,0,0,0,0,23,2,0,100.0
462,Gen Shoji,jp  JPN,DF,Toulouse,25,1992,18.0,2,0,0,10,9,0,0,19,20,0,0,0,186,16,21,43.2
463,Djibril Sidibé,fr  FRA,"DF,MF",Monaco,26,1992,23.1,5,0,0,38,33,9,71,24,31,0,2,0,218,26,25,51.0
464,Kalidou Sidibé,fr  FRA,MF,Toulouse,19,1999,14.0,8,0,0,38,14,0,3,12,20,0,0,0,210,52,25,67.5
465,Adrien Silva,pt  POR,MF,Monaco,29,1989,13.2,6,0,0,22,16,0,3,7,28,0,0,0,201,16,10,61.5
466,Gabriel Silva,br  BRA,"DF,MF",Saint-Étienne,27,1991,15.9,1,0,0,18,30,2,25,16,11,0,0,0,140,21,22,48.8
467,Thiago Silva,br  BRA,DF,Paris S-G,33,1984,23.1,4,0,0,20,25,2,1,14,10,0,2,0,243,39,15,72.2
468,Giovanni Sio,ci  CIV,FW,Montpellier,29,1989,0.7,0,0,0,2,2,1,1,0,0,0,0,0,5,3,1,75.0
469,Ibrahima Sissoko,fr  FRA,MF,Strasbourg,20,1997,29.6,9,0,0,73,28,0,15,28,40,0,0,0,328,44,39,53.0
470,Ellyes Skhiri,tn  TUN,MF,Montpellier,23,1995,34.3,5,0,0,42,33,0,12,42,66,0,0,0,406,36,22,62.1
471,Petar Škuletić,rs  SRB,"FW,MF",Montpellier,28,1990,6.7,0,0,0,17,7,4,3,1,5,1,0,0,40,29,20,59.2
472,Naïm Sliti,tn  TUN,"MF,FW",Dijon,26,1992,25.4,2,0,0,32,70,9,40,14,28,1,0,0,178,4,27,12.9
473,Oumar Solet,fr  FRA,DF,Lyon,18,2000,0.7,1,0,0,2,0,0,0,1,0,0,0,0,12,3,0,100.0
474,Jérémy Sorbon,fr  FRA,DF,Guingamp,34,1983,29.4,2,0,0,26,27,1,0,26,31,0,0,0,295,48,40,54.5
475,Adama Soumaoro,fr  FRA,DF,Lille,26,1992,19.1,6,1,1,26,21,0,0,13,16,0,0,0,186,28,17,62.2
476,Boubakary Soumaré,fr  FRA,MF,Lille,19,1999,6.3,2,0,0,6,8,0,1,7,16,0,0,0,60,5,7,41.7
477,Bassem Srarfi,tn  TUN,"FW,MF",Nice,21,1997,9.1,2,0,0,14,21,4,12,2,13,0,0,0,61,5,10,33.3
478,Timo Stavitski,fi  FIN,FW,Caen,19,1999,0.2,0,0,0,0,0,0,0,0,0,0,0,0,0,0,0,
479,Kevin Strootman,nl  NED,MF,Marseille,28,1990,21.6,7,0,0,36,9,2,14,18,40,0,0,0,257,27,30,47.4
480,Mathías Suárez,uy  URU,DF,Montpellier,22,1996,6.1,2,0,0,15,16,1,17,6,7,0,0,0,46,8,7,53.3
481,Danijel Subašić,hr  CRO,GK,Monaco,33,1984,12.6,1,0,0,1,2,0,0,0,0,0,0,0,53,0,0,
482,Neven Subotić,rs  SRB,DF,Saint-Étienne,29,1988,23.9,2,1,0,12,5,0,2,27,20,0,0,0,244,28,14,66.7
483,Sanasi Sy,fr  FRA,MF,Amiens,19,1999,0.0,0,0,0,0,0,0,0,0,0,0,0,0,1,0,0,
484,Seydou Sy,sn  SEN,GK,Monaco,22,1995,2.5,0,0,0,0,0,0,0,0,0,0,0,0,12,0,0,
485,Issiaga Sylla,gn  GUI,"DF,MF",Toulouse,24,1994,22.2,5,0,0,34,15,2,40,31,38,0,0,0,251,41,33,55.4
486,Moussa Sylla,fr  FRA,"FW,MF",Monaco,18,1999,8.5,1,0,0,8,13,1,7,2,7,1,0,0,51,11,29,27.5
487,Eddy Sylvestre,fr  FRA,FW,Nice,18,1999,3.0,0,0,0,4,6,0,2,4,2,0,0,0,14,0,2,0.0
488,Franck Tabanou,fr  FRA,DF,Guingamp,29,1989,2.0,0,0,0,3,2,0,0,5,1,0,1,0,10,2,3,40.0
489,Flavien Tait,fr  FRA,"MF,FW",Angers,25,1993,33.2,2,0,0,33,69,5,95,19,29,2,0,0,253,7,15,31.8
490,Adrien Tameze,cm  CMR,MF,Nice,24,1994,32.7,7,0,0,46,37,0,7,33,52,0,1,0,269,27,26,50.9
491,Ciprian Tătărușanu,ro  ROU,GK,Nantes,32,1986,26.6,0,0,0,0,3,0,1,0,0,0,0,0,166,0,0,
492,Júlio Tavares,cv  CPV,FW,Dijon,29,1988,31.2,4,0,0,44,43,15,18,8,9,0,0,0,125,198,174,53.2
493,Malik Tchokounté,fr  FRA,"FW,MF",Caen,29,1988,16.4,3,0,0,49,30,11,7,8,8,1,0,0,105,74,53,58.3
494,Aurélien Tchouaméni,fr  FRA,MF,Bordeaux,18,2000,7.8,3,0,0,17,8,1,3,10,16,0,0,0,67,9,15,37.5
495,Martin Terrier,fr  FRA,FW,Lyon,21,1997,16.5,2,0,0,13,12,5,14,8,9,0,0,0,98,21,21,50.0
496,Kenny Tete,nl  NED,DF,Lyon,22,1995,11.6,1,0,0,20,12,1,46,19,15,0,0,0,123,14,17,45.2
497,Florian Thauvin,fr  FRA,"FW,MF",Marseille,25,1993,29.0,5,1,0,30,48,10,73,10,17,1,0,0,148,16,21,43.2
498,Sada Thioub,sn  SEN,"FW,MF",Nîmes,23,1995,27.5,3,0,0,39,28,3,73,11,26,1,0,0,201,16,28,36.4
499,Romain Thomas,fr  FRA,DF,Angers,30,1988,26.6,4,0,0,27,17,0,0,19,30,2,1,1,230,46,29,61.3
500,Adrien Thomasson,fr  FRA,"MF,FW",Strasbourg,24,1993,27.5,5,1,1,27,42,6,35,11,30,0,1,0,207,9,34,20.9
501,Marcus Thuram,fr  FRA,"FW,MF",Guingamp,20,1997,28.6,4,2,0,44,43,8,58,8,36,2,1,0,184,85,82,50.9
502,Youri Tielemans,be  BEL,MF,Monaco,21,1997,18.7,5,0,0,23,31,1,15,10,28,0,0,0,216,15,12,55.6
503,Cheick Timite,ci  CIV,"FW,MF",Amiens,20,1997,16.2,2,0,0,43,25,1,23,7,17,0,1,0,93,12,30,28.6
504,Jean-Clair Todibo,fr  FRA,DF,Toulouse,18,1999,9.3,3,1,1,12,5,0,0,8,18,1,1,0,110,10,12,45.5
505,Abdoulaye Touré,fr  FRA,MF,Nantes,24,1994,30.5,4,1,0,29,47,1,18,40,32,1,0,0,342,38,43,46.9
506,Almamy Touré,ml  MLI,DF,Monaco,22,1996,3.8,0,0,0,5,2,0,3,6,8,0,0,0,27,7,2,77.8
507,Lucas Tousart,fr  FRA,MF,Lyon,21,1997,19.2,3,2,2,26,18,1,3,18,44,0,0,1,216,24,28,46.2
508,Adama Traoré,ml  MLI,"MF,FW",Monaco,23,1995,2.7,0,0,0,3,3,0,1,3,1,0,0,0,13,5,3,62.5
509,Bertrand Traoré,bf  BFA,FW,Lyon,22,1995,23.5,5,0,0,20,45,18,33,20,14,3,0,0,130,14,23,37.8
510,Charles Traore,ml  MLI,DF,Nantes,26,1992,12.9,3,0,0,26,22,0,24,14,27,0,1,0,114,21,15,58.3
511,Cheick Traoré,ml  MLI,DF,Guingamp,23,1995,16.8,3,0,0,25,11,1,46,8,28,0,1,0,129,22,20,52.4
512,Gaoussou Traoré,fr  FRA,MF,Amiens,18,1999,1.2,1,0,0,1,4,0,0,0,4,0,0,0,10,3,0,100.0
513,Hamari Traoré,ml  MLI,DF,Rennes,26,1992,33.0,7,0,0,49,26,5,66,38,31,0,0,0,352,29,42,40.8
514,Ismaël Traoré,ci  CIV,DF,Angers,31,1986,29.3,2,1,0,14,6,2,1,43,25,1,1,0,218,22,23,48.9
515,Driss Trichard,fr  FRA,DF,Bordeaux,23,1995,1.0,0,0,0,2,1,0,2,0,1,0,0,0,12,0,1,0.0
516,William Vainqueur,fr  FRA,MF,Monaco,29,1988,0.9,0,0,0,0,1,0,0,1,5,0,0,0,14,2,1,66.7
517,Pierrick Valdivia,fr  FRA,MF,Nîmes,30,1988,0.3,0,0,0,0,1,0,0,1,1,0,0,0,2,1,0,100.0
518,Theo Valls,fr  FRA,MF,Nîmes,22,1995,19.7,2,0,0,19,12,0,10,11,20,1,0,0,211,16,16,50.0
519,Marco Verratti,it  ITA,MF,Paris S-G,25,1992,20.9,7,0,0,36,56,0,6,13,47,0,0,0,196,1,12,7.7
520,Carlos Vinícius,br  BRA,"FW,MF",Monaco,23,1995,5.8,3,0,0,13,7,8,4,1,2,1,0,0,34,10,16,38.5
521,Paul Wade,fr  FRA,FW,Nice,18,2000,0.1,0,0,0,0,0,0,0,0,0,0,0,0,0,0,0,
522,Anthony Walongwa,cd  COD,DF,Nantes,24,1993,1.0,0,0,0,1,0,0,0,0,0,0,0,0,9,4,0,100.0
523,Rémi Walter,fr  FRA,"MF,FW",Nice,23,1995,9.3,1,0,0,9,14,0,4,8,12,0,0,0,78,6,6,50.0
524,Timothy Weah,us  USA,FW,Paris S-G,18,2000,0.6,1,0,0,2,0,0,1,0,1,0,0,0,2,1,0,100.0
525,Xeka,pt  POR,MF,Lille,23,1994,25.1,10,0,0,56,28,0,8,15,37,0,0,0,254,24,28,46.2
526,Cédric Yamberé,cf  CTA,DF,Dijon,27,1990,31.2,4,0,0,32,33,2,0,22,23,0,0,0,271,39,50,43.8
527,Elie Youan,fr  FRA,FW,Nantes,19,1999,0.2,0,0,0,0,0,0,2,0,0,0,0,0,2,1,0,100.0
528,Zaydou Youssouf,fr  FRA,"FW,MF",Bordeaux,19,1999,4.7,1,0,0,9,12,1,4,3,3,0,0,0,21,5,7,41.7
529,Younn Zahary,km  COM,DF,Caen,19,1998,8.2,3,0,0,12,3,0,2,9,8,0,3,0,62,11,18,37.9
530,Mehdi Zeffane,dz  ALG,DF,Rennes,26,1992,13.5,4,0,0,12,5,1,21,14,10,0,0,0,100,12,12,50.0
531,Arton Zekaj,xk  KVX,FW,Lille,18,2000,0.0,0,0,0,0,0,0,0,0,0,0,0,0,0,0,0,
532,Mootaz Zemzemi,tn  TUN,"FW,MF",Strasbourg,18,1999,0.0,0,0,0,0,0,0,0,0,1,0,0,0,1,0,0,
533,Arber Zeneli,xk  KVX,"FW,MF",Reims,23,1995,9.0,0,0,0,8,12,2,22,1,6,0,0,0,76,2,1,66.7
534,Kévin Zohi,ml  MLI,"FW,MF",Strasbourg,21,1996,7.0,0,0,0,7,10,2,10,2,10,0,0,0,37,3,7,30.0
535,Bongani Zungu,za  RSA,MF,Amiens,25,1992,2.6,2,0,0,5,5,0,0,2,4,0,0,0,30,0,5,0.0
