,Player,Nation,Pos,Squad,Age,Born,90s,Tkl_Tackles,TklW_Tackles,Def 3rd_Tackles,Mid 3rd_Tackles,Att 3rd_Tackles,Tkl_Vs Dribbles,Att_Vs Dribbles,Tkl%_Vs Dribbles,Past_Vs Dribbles,Press_Pressures,Succ_Pressures,%_Pressures,Def 3rd_Pressures,Mid 3rd_Pressures,Att 3rd_Pressures,Blocks_Blocks,Sh_Blocks,ShSv_Blocks,Pass_Blocks,Int,Tkl+Int,Clr,Err
0,Antonio Adán,es  ESP,GK,Atlético Madrid,31,1987,1.0,0,0,0,0,0,0,0,,0,0,0,,0,0,0,0,0,0,0,0,0,0,0
1,Aday,es  ESP,"DF,MF",Girona,30,1987,7.2,13,7,5,7,1,9,17,52.9,8,87,21,24.1,33,37,17,9,1,0,8,8,21,10,0
2,Aritz Aduriz,es  ESP,FW,Athletic Club,37,1981,10.5,5,3,2,3,0,0,5,0.0,5,121,27,22.3,7,63,51,4,1,0,3,1,6,4,0
3,Luis Advíncula,pe  PER,DF,Rayo Vallecano,28,1990,26.5,54,34,38,11,5,16,38,42.1,22,371,116,31.3,199,134,38,41,3,0,38,16,70,50,1
4,Martin Agirregabiria,es  ESP,DF,Alavés,22,1996,22.6,46,28,30,12,4,28,52,53.8,24,222,52,23.4,129,63,30,40,8,1,32,28,74,85,0
5,Juan Aguilera,es  ESP,MF,Huesca,32,1985,3.8,2,2,0,1,1,1,12,8.3,11,41,8,19.5,8,27,6,7,3,0,4,2,4,3,0
6,Carlos Akapo,gq  EQG,DF,Huesca,25,1993,11.4,33,17,22,9,2,14,29,48.3,15,171,44,25.7,99,50,22,16,2,0,14,17,50,38,0
7,Sergio Akieme,es  ESP,DF,Rayo Vallecano,20,1997,2.0,4,3,4,0,0,1,1,100.0,0,14,7,50.0,9,3,2,2,0,0,2,1,5,8,0
8,Jordi Alba,es  ESP,DF,Barcelona,29,1989,33.2,45,33,23,15,7,18,53,34.0,35,450,154,34.2,174,190,86,74,7,0,67,41,86,75,0
9,Pedro Alcalá,es  ESP,DF,Girona,29,1989,20.8,31,20,23,8,0,15,25,60.0,10,167,46,27.5,105,59,3,25,16,1,9,29,60,178,1
10,Rubén Alcaraz,es  ESP,MF,Valladolid,27,1991,33.1,98,66,56,37,5,38,119,31.9,81,706,194,27.5,299,371,36,60,9,0,51,34,132,62,1
11,Álex Alegría,es  ESP,"FW,MF",Rayo Vallecano,25,1992,1.6,1,1,0,1,0,1,5,20.0,4,33,10,30.3,4,19,10,2,0,0,2,0,1,0,0
12,Iván Alejo,es  ESP,"MF,FW",Getafe,23,1995,1.6,1,0,0,1,0,0,6,0.0,6,54,9,16.7,8,36,10,1,0,0,1,0,1,1,0
13,Carles Aleñá,es  ESP,MF,Barcelona,20,1998,7.1,6,3,1,5,0,1,8,12.5,7,181,42,23.2,20,112,49,5,0,0,5,4,10,4,0
14,Alexander,ar  ARG,DF,Leganés,29,1988,0.1,1,1,1,0,0,1,2,50.0,1,1,0,0.0,1,0,0,1,0,0,1,0,1,0,0
15,Júnior Alonso,py  PAR,"DF,MF",Celta Vigo,25,1993,6.0,11,6,6,4,1,3,15,20.0,12,62,18,29.0,32,23,7,16,2,0,14,3,14,17,0
16,Yeray Álvarez,es  ESP,DF,Athletic Club,23,1995,29.0,54,35,40,13,1,18,45,40.0,27,201,77,38.3,129,64,8,44,14,0,30,49,103,217,1
17,Ibrahim Amadou,fr  FRA,"MF,DF",Sevilla,25,1993,8.5,27,20,11,13,3,5,13,38.5,8,135,43,31.9,52,69,14,8,3,0,5,7,34,26,0
18,Jordi Amat,es  ESP,DF,Rayo Vallecano,26,1992,30.7,45,28,29,16,0,20,46,43.5,26,265,98,37.0,173,88,4,56,12,0,44,30,75,146,0
19,Amath,sn  SEN,"MF,FW",Getafe,22,1996,11.1,17,10,5,11,1,5,27,18.5,22,287,61,21.3,70,144,73,20,0,0,20,11,28,6,0
20,Miguel Ángel Moyá,es  ESP,GK,Real Sociedad,34,1984,11.0,0,0,0,0,0,0,1,0.0,1,0,0,,0,0,0,0,0,0,0,0,0,0,0
21,José Ángel,es  ESP,DF,Eibar,28,1989,33.6,73,44,39,26,8,29,60,48.3,31,396,140,35.4,193,155,48,57,6,1,51,40,113,132,0
22,Antoñito,es  ESP,"DF,MF",Valladolid,30,1987,20.7,37,13,18,13,6,18,51,35.3,33,299,58,19.4,137,118,44,38,7,1,31,11,48,31,0
23,Vitorino Antunes,pt  POR,DF,Getafe,31,1987,24.2,43,26,25,16,2,27,50,54.0,23,348,100,28.7,179,118,51,61,9,0,52,25,68,70,1
24,Anuar,ma  MAR,MF,Valladolid,23,1995,12.0,30,19,16,13,1,10,17,58.8,7,276,67,24.3,95,160,21,23,1,0,22,7,37,29,2
25,Emmanuel Apeh,ng  NGA,MF,Celta Vigo,21,1996,0.2,0,0,0,0,0,0,1,0.0,1,5,1,20.0,0,3,2,0,0,0,0,0,0,0,0
26,Mauro Arambarri,uy  URU,MF,Getafe,22,1995,29.7,76,54,19,48,9,23,78,29.5,55,858,200,23.3,195,539,124,55,4,0,51,25,101,33,0
27,Guilherme Arana,br  BRA,"MF,DF",Sevilla,21,1997,7.0,6,5,3,3,0,2,6,33.3,4,90,27,30.0,44,34,12,6,2,0,4,3,9,11,0
28,Néstor Araujo,mx  MEX,DF,Celta Vigo,26,1991,29.8,36,24,26,9,1,18,33,54.5,15,222,61,27.5,164,50,8,48,20,2,28,23,59,190,3
29,Anaitz Arbilla,es  ESP,DF,Eibar,31,1987,21.7,31,18,25,5,1,12,25,48.0,13,141,40,28.4,84,51,6,26,8,0,18,28,59,146,5
30,Santiago Arias,co  COL,DF,Atlético Madrid,26,1992,19.7,55,34,40,15,0,13,36,36.1,23,206,82,39.8,115,70,21,28,1,0,27,25,80,46,0
31,José Arnaiz,es  ESP,"DF,MF",Leganés,23,1995,1.3,2,1,2,0,0,1,4,25.0,3,28,4,14.3,12,14,2,0,0,0,0,1,3,1,0
32,Sergio Asenjo,es  ESP,GK,Villarreal,29,1989,32.0,0,0,0,0,0,0,1,0.0,1,0,0,,0,0,0,1,0,0,1,0,0,2,0
33,Marco Asensio,es  ESP,FW,Real Madrid,22,1996,19.8,14,8,5,6,3,3,24,12.5,21,257,62,24.1,46,122,89,18,0,0,18,15,29,3,0
34,Iago Aspas,es  ESP,FW,Celta Vigo,30,1987,25.0,14,10,5,5,4,3,18,16.7,15,475,114,24.0,43,274,158,14,0,0,14,16,30,4,0
35,Ezequiel Ávila,ar  ARG,"FW,MF",Huesca,24,1994,22.2,21,15,9,9,3,7,34,20.6,27,423,95,22.5,55,200,168,22,4,1,18,18,39,34,0
36,Abdoulaye Ba,sn  SEN,DF,Rayo Vallecano,27,1991,23.4,48,28,39,7,2,22,37,59.5,15,191,52,27.2,133,53,5,46,19,1,27,26,74,180,5
37,Carlos Bacca,co  COL,FW,Villarreal,31,1986,14.1,6,5,3,1,2,2,10,20.0,8,176,28,15.9,14,95,67,5,0,0,5,6,12,4,0
38,Gareth Bale,wal  WAL,FW,Real Madrid,29,1989,19.8,14,12,5,6,3,2,19,10.5,17,241,58,24.1,26,116,99,27,3,0,24,5,19,9,0
39,Mikel Balenziaga,es  ESP,DF,Athletic Club,30,1988,5.8,11,9,7,2,2,4,10,40.0,6,108,16,14.8,62,41,5,10,2,0,8,7,18,17,0
40,Éver Banega,ar  ARG,MF,Sevilla,30,1988,29.6,64,44,32,28,4,16,70,22.9,54,574,141,24.6,224,295,55,31,4,0,27,31,95,32,0
41,Léo Baptistão,br  BRA,"FW,MF",Espanyol,25,1992,13.7,23,14,12,5,6,10,31,32.3,21,336,72,21.4,78,152,106,17,0,0,17,11,34,11,0
42,Enis Bardhi,mk  MKD,MF,Levante,23,1995,31.5,65,45,24,33,8,21,84,25.0,63,732,175,23.9,217,383,132,44,3,0,41,26,91,31,0
43,Antonio Barragán,es  ESP,"DF,MF",Betis,31,1987,10.4,17,8,13,3,1,3,16,18.8,13,130,36,27.7,62,49,19,17,1,0,16,9,26,17,3
44,Ander Barrenetxea,es  ESP,"FW,MF",Real Sociedad,16,2001,4.4,8,6,3,0,5,2,8,25.0,6,115,26,22.6,28,52,35,11,0,0,11,2,10,3,0
45,Marc Bartra,es  ESP,DF,Betis,27,1991,32.5,86,55,50,32,4,24,67,35.8,43,393,123,31.3,223,147,23,60,23,1,37,38,124,156,3
46,Borja Bastón,es  ESP,FW,Alavés,25,1992,16.0,15,9,1,12,2,2,28,7.1,26,441,69,15.6,35,248,158,18,5,0,13,1,16,8,0
47,Michy Batshuayi,be  BEL,FW,Valencia,24,1993,5.9,1,1,0,1,0,0,5,0.0,5,110,23,20.9,10,63,37,7,3,0,4,2,3,3,0
48,Jon Bautista,es  ESP,FW,Real Sociedad,23,1995,6.6,8,5,0,3,5,2,9,22.2,7,143,33,23.1,6,73,64,5,1,0,4,3,11,7,0
49,Fran Beltrán,es  ESP,MF,Celta Vigo,19,1999,16.9,28,16,12,13,3,16,49,32.7,33,506,124,24.5,135,266,105,19,2,0,17,16,44,18,1
50,Wissam Ben Yedder,fr  FRA,FW,Sevilla,27,1990,31.2,20,18,3,11,6,1,14,7.1,13,614,157,25.6,39,257,318,25,0,0,25,8,28,5,0
51,Karim Benzema,fr  FRA,FW,Real Madrid,30,1987,32.8,18,13,4,8,6,4,17,23.5,13,442,99,22.4,19,185,238,14,2,0,12,5,23,25,0
52,Yuri Berchiche,es  ESP,"DF,FW",Athletic Club,28,1990,34.7,56,42,29,14,13,20,56,35.7,36,477,125,26.2,219,194,64,67,10,0,57,29,85,94,1
53,Markel Bergara,es  ESP,MF,Getafe,32,1986,0.6,2,1,0,1,1,1,2,50.0,1,15,5,33.3,1,11,3,3,0,0,3,2,4,1,0
54,Pedro Bigas,es  ESP,DF,Eibar,27,1990,6.5,6,5,2,2,2,3,6,50.0,3,48,24,50.0,25,21,2,3,0,0,3,8,14,25,0
55,Alejandro Blanco,es  ESP,"FW,MF",Alavés,19,1998,0.2,0,0,0,0,0,0,2,0.0,2,4,1,25.0,1,2,1,1,0,0,1,0,0,1,0
56,Rubén Blanco,es  ESP,GK,Celta Vigo,23,1995,25.0,0,0,0,0,0,0,2,0.0,2,3,1,33.3,3,0,0,1,0,0,1,0,0,3,3
57,Pablo de Blasis,ar  ARG,"DF,MF",Eibar,30,1988,16.9,29,17,14,9,6,14,43,32.6,29,294,91,31.0,78,135,81,29,0,0,29,11,40,30,0
58,Emmanuel Boateng,gh  GHA,FW,Levante,22,1996,7.8,3,1,0,2,1,0,1,0.0,1,143,33,23.1,12,70,61,5,1,0,4,1,4,4,0
59,Kevin-Prince Boateng,gh  GHA,FW,Barcelona,31,1987,2.7,2,1,0,1,1,0,3,0.0,3,37,11,29.7,1,12,24,3,0,0,3,1,3,3,0
60,Daniele Bonera,it  ITA,DF,Villarreal,37,1981,2.6,0,0,0,0,0,0,0,,0,10,3,30.0,9,1,0,5,5,1,0,2,2,10,0
61,Sofiane Boufal,ma  MAR,"MF,FW",Celta Vigo,24,1993,23.2,33,21,18,10,5,9,48,18.8,39,469,114,24.3,133,223,113,34,0,0,34,8,41,9,0
62,Yassine Bounou,ma  MAR,GK,Girona,27,1991,31.8,0,0,0,0,0,0,2,0.0,2,6,1,16.7,6,0,0,0,0,0,0,0,0,0,0
63,Martin Braithwaite,dk  DEN,FW,Leganés,27,1991,15.6,7,5,1,3,3,0,9,0.0,9,274,69,25.2,7,124,143,7,0,0,7,1,8,3,0
64,Darko Brašanac,rs  SRB,MF,Alavés,26,1992,17.6,32,19,13,15,4,12,34,35.3,22,320,76,23.8,83,185,52,22,3,0,19,13,45,25,0
65,Rajko Brežančić,rs  SRB,DF,Huesca,28,1989,0.7,0,0,0,0,0,0,1,0.0,1,3,2,66.7,2,0,1,0,0,0,0,0,0,1,0
66,Bryan,es  ESP,"MF,FW",Sevilla,17,2001,1.9,6,2,4,1,1,1,6,16.7,5,48,11,22.9,18,14,16,1,0,0,1,2,8,0,0
67,Burgui,es  ESP,"MF,FW",Alavés,24,1993,6.2,7,5,4,2,1,1,4,25.0,3,101,25,24.8,25,54,22,5,1,0,4,0,7,0,1
68,Sergio Busquets,es  ESP,MF,Barcelona,30,1988,30.2,80,57,27,40,13,37,99,37.4,62,758,217,28.6,189,413,156,71,10,0,61,35,115,34,0
69,Unai Bustinza,es  ESP,DF,Leganés,26,1992,22.5,44,32,29,13,2,18,44,40.9,26,205,59,28.8,109,73,23,37,13,0,24,35,79,152,1
70,Erick Cabaco,uy  URU,DF,Levante,23,1995,18.1,28,16,23,5,0,10,30,33.3,20,166,52,31.3,100,53,13,37,10,0,27,21,49,83,0
71,Gustavo Cabral,ar  ARG,DF,Celta Vigo,32,1985,21.1,37,19,23,11,3,15,27,55.6,12,189,69,36.5,124,61,4,40,12,0,28,20,57,105,1
72,Leandro Cabrera,uy  URU,DF,Getafe,27,1991,31.0,47,29,31,14,2,22,55,40.0,33,307,99,32.2,172,117,18,42,20,0,22,38,85,257,1
73,Jordi Calavera,es  ESP,DF,Eibar,22,1995,0.0,0,0,0,0,0,0,0,,0,0,0,,0,0,0,0,0,0,0,0,0,0,0
74,Fernando Calero,es  ESP,DF,Valladolid,22,1995,34.8,45,28,28,16,1,16,38,42.1,22,312,101,32.4,208,94,10,61,23,1,38,37,82,187,2
75,Jonathan Calleri,ar  ARG,FW,Alavés,24,1993,31.9,24,19,7,11,6,5,30,16.7,25,632,117,18.5,46,307,279,38,7,0,31,8,32,51,0
76,Juanjo Camacho,es  ESP,MF,Huesca,37,1980,0.4,1,1,1,0,0,1,3,33.3,2,10,6,60.0,6,1,3,0,0,0,0,2,3,4,0
77,Sergio Camello,es  ESP,FW,Atlético Madrid,17,2001,0.5,1,1,1,0,0,0,0,,0,4,2,50.0,0,2,2,0,0,0,0,0,1,0,0
78,José Campaña,es  ESP,MF,Levante,25,1993,35.7,65,48,27,31,7,24,89,27.0,65,764,168,22.0,228,431,105,61,8,0,53,21,86,52,0
79,Sergio Canales,es  ESP,"MF,FW",Betis,27,1991,29.5,48,42,27,16,5,13,56,23.2,43,496,118,23.8,134,242,120,34,3,0,31,15,63,7,2
80,Ander Capa,es  ESP,DF,Athletic Club,26,1992,18.2,42,21,32,7,3,11,33,33.3,22,295,65,22.0,136,102,57,30,1,0,29,19,61,61,0
81,Marc Cardona,es  ESP,"FW,MF",Eibar,23,1995,6.7,11,7,3,3,5,3,9,33.3,6,189,51,27.0,12,67,110,9,0,0,9,1,12,4,0
82,Daniel Carriço,pt  POR,DF,Sevilla,29,1988,23.7,35,23,24,9,2,14,28,50.0,14,206,56,27.2,124,70,12,31,13,0,18,26,61,131,2
83,Guido Carrillo,ar  ARG,FW,Leganés,27,1991,22.1,21,12,3,9,9,4,22,18.2,18,421,84,20.0,35,209,177,20,2,0,18,5,26,27,0
84,Dani Carvajal,es  ESP,DF,Real Madrid,26,1992,23.4,40,22,16,15,9,14,44,31.8,30,361,91,25.2,126,150,85,51,8,2,43,29,69,29,0
85,William Carvalho,pt  POR,MF,Betis,26,1992,26.5,43,32,21,19,3,15,34,44.1,19,253,64,25.3,91,134,28,11,2,0,9,16,59,31,1
86,Casemiro,br  BRA,MF,Real Madrid,26,1992,25.7,82,56,42,35,5,31,100,31.0,69,489,164,33.5,212,222,55,71,12,0,59,36,118,52,2
87,Santiago Cáseres,ar  ARG,MF,Villarreal,21,1997,17.6,72,50,24,42,6,22,60,36.7,38,439,115,26.2,160,246,33,24,10,0,14,9,81,26,0
88,Catena,es  ESP,DF,Rayo Vallecano,23,1994,2.0,2,0,2,0,0,2,2,100.0,0,8,1,12.5,6,2,0,8,3,0,5,1,3,21,0
89,Santi Cazorla,es  ESP,"MF,FW",Villarreal,33,1984,29.4,71,42,36,25,10,28,89,31.5,61,635,153,24.1,215,307,113,40,7,1,33,23,94,26,1
90,Dani Ceballos,es  ESP,"MF,FW",Real Madrid,21,1996,13.9,32,22,10,14,8,8,38,21.1,30,349,90,25.8,72,177,100,27,1,1,26,16,48,6,0
91,Charles,br  BRA,FW,Eibar,34,1984,19.3,11,6,1,6,4,4,22,18.2,18,296,93,31.4,10,111,175,13,1,0,12,7,18,12,0
92,Chechu,es  ESP,DF,Rayo Vallecano,36,1982,1.0,0,0,0,0,0,0,2,0.0,2,0,0,,0,0,0,0,0,0,0,1,1,4,0
93,Chema,es  ESP,DF,Levante,26,1992,13.9,32,12,20,9,3,9,18,50.0,9,89,21,23.6,57,26,6,23,12,0,11,19,51,85,1
94,Denis Cheryshev,ru  RUS,"MF,FW",Valencia,27,1990,19.0,47,35,20,17,10,16,49,32.7,33,599,147,24.5,171,304,124,42,4,0,38,17,64,19,0
95,Leandro Chichizola,ar  ARG,GK,Getafe,28,1990,1.0,0,0,0,0,0,0,0,,0,0,0,,0,0,0,0,0,0,0,0,0,0,0
96,Samuel Chukwueze,ng  NGA,"FW,MF",Villarreal,19,1999,19.0,19,11,5,12,2,5,31,16.1,26,403,92,22.8,84,207,112,14,1,0,13,10,29,8,0
97,Jasper Cillessen,nl  NED,GK,Barcelona,29,1989,3.0,0,0,0,0,0,0,0,,0,0,0,,0,0,0,0,0,0,0,0,0,0,1
98,Coke,es  ESP,DF,Levante,31,1987,20.2,37,17,21,13,3,14,51,27.5,37,189,58,30.7,98,67,24,30,8,1,22,17,54,66,0
99,Álex Collado,es  ESP,FW,Barcelona,19,1999,0.9,1,0,0,1,0,0,2,0.0,2,40,2,5.0,9,27,4,3,0,0,3,2,3,0,0
100,Santi Comesaña,es  ESP,MF,Rayo Vallecano,21,1996,22.6,55,36,23,28,4,17,64,26.6,47,500,136,27.2,203,261,36,38,4,0,34,16,71,41,1
101,Duje Čop,hr  CRO,FW,Valladolid,28,1990,7.6,7,6,1,3,3,2,10,20.0,8,138,34,24.6,8,77,53,12,3,0,9,2,9,6,0
102,Francis Coquelin,fr  FRA,MF,Valencia,27,1991,19.6,45,35,24,17,4,16,41,39.0,25,303,89,29.4,106,171,26,19,5,0,14,50,95,34,2
103,Iñigo Córdoba,es  ESP,FW,Athletic Club,21,1997,14.7,36,25,14,13,9,11,54,20.4,43,392,95,24.2,115,166,111,35,0,0,35,18,54,9,0
104,Ángel Correa,ar  ARG,"MF,FW",Atlético Madrid,23,1995,21.3,38,30,19,11,8,9,54,16.7,45,579,145,25.0,143,277,159,29,4,0,25,22,60,17,0
105,Diego Costa,es  ESP,FW,Atlético Madrid,29,1988,12.4,5,2,1,4,0,2,7,28.6,5,236,47,19.9,16,105,115,6,1,0,5,3,8,6,0
106,Jaume Costa,es  ESP,DF,Villarreal,30,1988,16.6,33,17,24,8,1,13,28,46.4,15,167,42,25.1,74,71,22,34,2,0,32,19,52,54,1
107,David Costas,es  ESP,DF,Celta Vigo,23,1995,13.0,27,17,21,6,0,10,20,50.0,10,118,40,33.9,83,32,3,18,4,0,14,8,35,79,0
108,Thibaut Courtois,be  BEL,GK,Real Madrid,26,1992,27.0,0,0,0,0,0,0,3,0.0,3,3,0,0.0,3,0,0,0,0,0,0,0,0,0,0
109,Philippe Coutinho,br  BRA,"FW,MF",Barcelona,26,1992,22.4,18,12,3,11,4,6,24,25.0,18,370,94,25.4,71,189,110,37,3,0,34,8,26,6,0
110,Sebastián Cristóforo,uy  URU,"MF,FW",Getafe,24,1993,5.0,15,11,5,8,2,8,20,40.0,12,165,39,23.6,49,87,29,16,0,0,16,7,22,5,0
111,Cucho,co  COL,FW,Huesca,19,1999,23.9,20,18,7,10,3,9,25,36.0,16,439,91,20.7,58,234,147,32,5,0,27,11,31,14,0
112,Marc Cucurella,es  ESP,"MF,FW",Eibar,20,1998,26.2,44,39,14,16,14,9,25,36.0,16,689,223,32.4,161,302,226,45,3,0,42,15,59,29,0
113,Iván Cuéllar,es  ESP,GK,Leganés,34,1984,33.9,0,0,0,0,0,0,2,0.0,2,3,1,33.3,3,0,0,1,0,0,1,0,0,0,0
114,Sergi Darder,es  ESP,MF,Espanyol,24,1993,30.1,52,31,20,25,7,16,72,22.2,56,635,120,18.9,168,330,137,42,1,0,41,19,71,21,0
115,Moisés Delgado,es  ESP,DF,Valladolid,24,1994,3.0,5,3,1,2,2,1,4,25.0,3,32,7,21.9,15,11,6,2,1,0,1,2,7,15,0
116,Ousmane Dembélé,fr  FRA,"FW,MF",Barcelona,21,1997,18.5,19,10,3,10,6,6,20,30.0,14,350,82,23.4,66,143,141,15,0,0,15,3,22,3,0
117,Franco Di Santo,ar  ARG,FW,Rayo Vallecano,29,1989,1.9,2,2,1,0,1,1,2,50.0,1,26,6,23.1,2,9,15,1,0,0,1,0,2,1,0
118,Mouctar Diakhaby,fr  FRA,DF,Valencia,21,1996,17.6,11,9,9,1,1,3,11,27.3,8,117,35,29.9,80,33,4,33,16,0,17,17,28,102,0
119,Brahim Díaz,es  ESP,FW,Real Madrid,18,1999,4.2,10,5,7,2,1,1,4,25.0,3,57,18,31.6,9,28,20,1,0,0,1,0,10,0,0
120,Javier Díaz,es  ESP,GK,Sevilla,21,1997,1.0,0,0,0,0,0,0,0,,0,0,0,,0,0,0,0,0,0,0,0,0,0,0
121,Adrián Diéguez,es  ESP,DF,Huesca,22,1996,8.3,16,10,14,1,1,4,15,26.7,11,108,26,24.1,77,28,3,13,3,0,10,11,27,52,2
122,Stole Dimitrievski,mk  MKD,GK,Rayo Vallecano,24,1993,21.0,0,0,0,0,0,0,1,0.0,1,3,0,0.0,3,0,0,1,0,0,1,0,0,0,0
123,Papakouli Diop,sn  SEN,MF,Eibar,32,1986,26.1,63,46,15,39,9,19,44,43.2,25,485,175,36.1,87,304,94,29,3,0,26,27,90,52,0
124,Djené,tg  TOG,DF,Getafe,26,1991,33.1,54,36,41,12,1,17,39,43.6,22,370,136,36.8,201,154,15,37,8,0,29,59,113,185,2
125,Marko Dmitrović,rs  SRB,GK,Eibar,26,1992,24.0,0,0,0,0,0,0,2,0.0,2,3,1,33.3,3,0,0,0,0,0,0,0,0,0,2
126,Jaume Doménech,es  ESP,GK,Valencia,27,1990,4.0,0,0,0,0,0,0,1,0.0,1,0,0,,0,0,0,0,0,0,0,0,0,0,0
127,Cheick Doukouré,ci  CIV,MF,Levante,25,1992,3.5,11,10,4,6,1,2,12,16.7,10,112,21,18.8,42,62,8,8,2,0,6,5,16,3,1
128,Seydou Doumbia,ci  CIV,FW,Girona,30,1987,6.0,6,4,1,2,3,2,4,50.0,2,109,29,26.6,5,52,52,4,0,0,4,3,9,1,0
129,Óscar Duarte,cr  CRC,"DF,MF",Espanyol,29,1989,7.3,12,5,7,5,0,5,8,62.5,3,52,11,21.2,31,20,1,10,9,0,1,8,20,42,0
130,Rubén Duarte,es  ESP,DF,Alavés,22,1995,30.8,72,40,38,23,11,31,68,45.6,37,357,117,32.8,209,114,34,90,11,0,79,34,106,135,1
131,Hugo Duro,es  ESP,"MF,FW",Getafe,18,1999,4.6,8,4,2,3,3,3,9,33.3,6,133,35,26.3,23,65,45,5,1,0,4,2,10,2,0
132,Raphael Dwamena,gh  GHA,FW,Levante,22,1995,2.5,0,0,0,0,0,0,1,0.0,1,42,7,16.7,7,19,16,2,1,0,1,0,0,3,0
133,Dennis Eckert,de  GER,FW,Celta Vigo,21,1997,2.4,1,1,0,0,1,1,3,33.3,2,41,15,36.6,4,14,23,2,0,0,2,3,4,2,0
134,Aritz Elustondo,es  ESP,DF,Real Sociedad,24,1994,25.0,47,31,32,12,3,20,44,45.5,24,266,89,33.5,142,106,18,42,5,0,37,27,74,163,0
135,Gorka Elustondo,es  ESP,MF,Rayo Vallecano,31,1987,3.2,5,3,2,3,0,2,6,33.3,4,25,7,28.0,17,8,0,4,1,0,3,3,8,9,0
136,Rodrigo Ely,br  BRA,DF,Alavés,24,1993,4.8,6,4,4,2,0,3,8,37.5,5,31,12,38.7,21,10,0,16,8,0,8,4,10,50,0
137,Adri Embarba,es  ESP,"FW,MF",Rayo Vallecano,26,1992,25.4,59,34,24,23,12,23,71,32.4,48,555,125,22.5,157,250,148,48,3,0,45,25,84,9,0
138,Emerson,br  BRA,DF,Betis,19,1999,3.5,13,10,9,3,1,3,8,37.5,5,71,21,29.6,30,27,14,11,0,0,11,1,14,7,0
139,Youssef En-Nesyri,ma  MAR,FW,Leganés,21,1997,23.4,14,11,3,8,3,3,28,10.7,25,534,94,17.6,48,255,231,22,2,0,20,9,23,24,0
140,Sergi Enrich,es  ESP,FW,Eibar,28,1990,28.7,30,26,4,10,16,7,30,23.3,23,638,177,27.7,25,213,400,25,4,0,21,5,35,14,0
141,Javier Eraso,es  ESP,"MF,FW",Leganés,28,1990,7.0,5,3,0,3,2,0,6,0.0,6,192,42,21.9,52,88,52,7,1,0,6,3,8,7,0
142,Gonzalo Escalante,ar  ARG,MF,Eibar,25,1993,19.9,49,39,15,32,2,14,52,26.9,38,405,119,29.4,81,252,72,38,2,0,36,19,68,27,0
143,Sergio Escudero,es  ESP,"DF,MF",Sevilla,28,1989,17.2,41,20,25,14,2,18,41,43.9,23,281,84,29.9,152,92,37,47,5,0,42,17,58,55,0
144,Bernardo Espinosa,co  COL,DF,Girona,29,1989,30.3,18,12,14,4,0,9,18,50.0,9,178,58,32.6,117,53,8,66,33,0,33,31,49,221,2
145,Beñat Etxebarria,es  ESP,MF,Athletic Club,31,1987,22.6,47,35,17,25,5,16,67,23.9,51,417,103,24.7,100,265,52,23,1,0,22,20,67,24,0
146,Xabier Etxeita,es  ESP,DF,Huesca,30,1987,29.7,47,28,35,10,2,18,42,42.9,24,230,68,29.6,129,88,13,48,25,0,23,25,72,196,1
147,Zouhair Feddal,ma  MAR,DF,Betis,29,1989,18.9,38,18,29,7,2,13,29,44.8,16,155,46,29.7,92,55,8,33,10,0,23,15,53,109,0
148,Aitor Fernández,es  ESP,GK,Levante,27,1991,16.0,0,0,0,0,0,0,0,,0,2,0,0.0,2,0,0,1,0,0,1,0,0,1,0
149,Andrés Fernández,es  ESP,GK,Villarreal,31,1986,6.0,0,0,0,0,0,0,1,0.0,1,2,1,50.0,2,0,0,0,0,0,0,0,0,0,1
150,Borja Fernández,es  ESP,"MF,DF",Valladolid,37,1981,9.3,26,16,12,13,1,8,19,42.1,11,113,36,31.9,44,62,7,14,4,0,10,11,37,33,0
151,Joaquín Fernández,es  ESP,"DF,MF",Valladolid,22,1996,9.3,15,8,13,2,0,3,11,27.3,8,103,26,25.2,71,25,7,8,3,0,5,11,26,66,1
152,David Ferreiro,es  ESP,"FW,MF",Huesca,30,1988,25.3,37,21,11,19,7,17,70,24.3,53,463,108,23.3,120,234,109,34,2,0,32,16,53,21,1
153,Facundo Ferreyra,ar  ARG,"FW,MF",Espanyol,27,1991,2.3,4,3,0,2,2,0,1,0.0,1,40,5,12.5,2,23,15,1,0,0,1,0,4,5,0
154,Junior Firpo,es  ESP,"DF,MF",Betis,21,1996,21.5,37,27,15,17,5,10,30,33.3,20,287,79,27.5,128,107,52,49,2,0,47,14,51,39,0
155,Mathieu Flamini,fr  FRA,MF,Getafe,34,1984,5.0,7,5,2,4,1,0,2,0.0,2,95,24,25.3,26,62,7,7,3,0,4,4,11,10,0
156,Pablo Fornals,es  ESP,"MF,FW",Villarreal,22,1996,27.5,47,30,16,24,7,16,68,23.5,52,798,169,21.2,156,422,220,49,4,0,45,21,68,20,0
157,Dimitri Foulquier,fr  FRA,"MF,FW",Getafe,25,1993,20.0,40,25,13,17,10,12,33,36.4,21,539,140,26.0,136,278,125,33,2,0,31,20,60,31,0
158,Javi Fuego,es  ESP,MF,Villarreal,34,1984,2.6,6,4,6,0,0,5,12,41.7,7,55,16,29.1,19,30,6,4,1,0,3,1,7,14,0
159,Ramiro Funes Mori,ar  ARG,"DF,MF",Villarreal,27,1991,29.2,43,26,31,10,2,20,49,40.8,29,312,92,29.5,178,119,15,45,23,1,22,32,75,182,3
160,Javi Galán,es  ESP,"DF,MF",Huesca,23,1994,16.0,67,38,43,20,4,28,57,49.1,29,356,110,30.9,192,127,37,37,1,0,36,16,83,51,0
161,Álex Gallar,es  ESP,"MF,FW",Huesca,26,1992,11.2,15,13,6,5,4,6,25,24.0,19,197,62,31.5,45,101,51,9,1,0,8,7,22,5,0
162,Enric Gallego,es  ESP,FW,Huesca,31,1986,17.1,20,14,4,11,5,4,14,28.6,10,361,66,18.3,19,210,132,21,4,0,17,8,28,27,0
163,Álex Gálvez,es  ESP,DF,Rayo Vallecano,29,1989,15.7,35,25,22,13,0,13,31,41.9,18,126,43,34.1,75,47,4,9,0,0,9,29,64,109,1
164,Kévin Gameiro,fr  FRA,FW,Valencia,31,1987,17.9,11,9,3,5,3,3,17,17.6,14,400,76,19.0,37,209,154,15,3,0,12,6,17,5,0
165,Cristian Ganea,ro  ROU,MF,Athletic Club,26,1992,0.5,0,0,0,0,0,0,2,0.0,2,5,2,40.0,2,0,3,2,0,0,2,2,2,1,0
166,Ezequiel Garay,ar  ARG,DF,Valencia,31,1986,23.7,22,13,15,5,2,5,16,31.3,11,104,41,39.4,69,32,3,42,24,0,18,12,34,164,0
167,Borja Garcés,es  ESP,"FW,MF",Atlético Madrid,18,1999,0.2,0,0,0,0,0,0,0,,0,8,4,50.0,0,8,0,0,0,0,0,0,0,0,0
168,Alberto García,es  ESP,GK,Rayo Vallecano,33,1985,17.0,0,0,0,0,0,0,2,0.0,2,4,1,25.0,4,0,0,1,0,0,1,0,0,1,0
169,Aleix García,es  ESP,MF,Girona,21,1997,18.5,34,20,15,16,3,15,41,36.6,26,472,91,19.3,145,261,66,28,7,0,21,22,56,23,0
170,Álvaro García,es  ESP,"FW,MF",Rayo Vallecano,25,1992,19.6,23,16,12,5,6,6,30,20.0,24,332,69,20.8,102,145,85,28,0,0,28,11,34,24,0
171,Borja García,es  ESP,"FW,MF",Girona,27,1990,29.2,41,27,20,20,1,26,50,52.0,24,579,139,24.0,120,338,121,38,3,0,35,27,68,17,0
172,Dani García,es  ESP,MF,Athletic Club,28,1990,27.5,59,40,25,31,3,23,76,30.3,53,439,119,27.1,125,263,51,36,8,0,28,42,101,72,1
173,Javi García,es  ESP,"DF,MF",Betis,31,1987,5.8,1,0,1,0,0,0,2,0.0,2,47,15,31.9,30,15,2,11,2,0,9,6,7,27,0
174,Manu García,es  ESP,MF,Alavés,32,1986,25.9,86,45,34,39,13,28,89,31.5,61,590,130,22.0,182,326,82,38,4,0,34,20,106,74,0
175,Sergio García,es  ESP,"FW,MF",Espanyol,35,1983,16.5,13,8,4,7,2,4,18,22.2,14,233,53,22.7,38,112,83,6,1,0,5,13,26,5,0
176,Mario Gaspar,es  ESP,DF,Villarreal,27,1990,28.9,57,29,34,19,4,23,56,41.1,33,428,100,23.4,201,164,63,59,11,0,48,33,90,101,0
177,Joris Gnagnon,fr  FRA,"DF,MF",Sevilla,21,1997,5.0,13,10,6,4,3,4,7,57.1,3,46,19,41.3,17,23,6,5,2,0,3,9,22,22,0
178,Diego Godín,uy  URU,DF,Atlético Madrid,32,1986,27.9,62,33,41,21,0,18,44,40.9,26,211,63,29.9,141,62,8,37,10,0,27,41,103,158,3
179,Maxi Gómez,uy  URU,FW,Celta Vigo,21,1996,32.9,8,8,1,3,4,4,18,22.2,14,434,103,23.7,16,192,226,18,2,0,16,5,13,36,0
180,Moi Gómez,es  ESP,MF,Huesca,24,1994,33.9,42,35,17,23,2,10,49,20.4,39,663,155,23.4,176,367,120,41,6,0,35,28,70,26,0
181,Sergi Gómez,es  ESP,DF,Sevilla,26,1992,30.7,49,24,36,11,2,15,28,53.6,13,294,89,30.3,171,105,18,49,20,0,29,34,83,163,2
182,Maxime Gonalons,fr  FRA,MF,Sevilla,29,1989,6.0,14,10,4,7,3,0,16,0.0,16,106,30,28.3,29,56,21,13,3,0,10,6,20,11,0
183,Álvaro González,es  ESP,DF,Villarreal,28,1990,32.9,46,31,31,13,2,22,36,61.1,14,247,65,26.3,158,76,13,49,29,0,20,26,72,227,2
184,Bruno González,es  ESP,DF,Getafe,28,1990,18.9,26,16,14,12,0,7,17,41.2,10,182,62,34.1,104,70,8,16,6,1,10,13,39,100,1
185,Cristo González,es  ESP,FW,Real Madrid,20,1997,0.5,0,0,0,0,0,0,0,,0,23,5,21.7,3,12,8,0,0,0,0,1,1,0,0
186,Andoni Gorosabel,es  ESP,DF,Real Sociedad,21,1996,5.1,17,5,12,3,2,7,13,53.8,6,93,14,15.1,56,25,12,9,1,0,8,6,23,14,1
187,Álex Granell,es  ESP,"MF,DF",Girona,29,1988,26.6,63,35,32,27,4,30,90,33.3,60,631,148,23.5,185,311,135,40,5,0,35,26,89,37,0
188,Esteban Granero,es  ESP,MF,Espanyol,31,1987,22.4,59,35,29,24,6,14,59,23.7,45,487,86,17.7,160,267,60,39,6,1,33,28,87,38,0
189,Antoine Griezmann,fr  FRA,FW,Atlético Madrid,27,1991,35.5,40,24,10,16,14,10,37,27.0,27,753,154,20.5,79,357,317,19,2,0,17,9,49,16,0
190,Andrés Guardado,mx  MEX,"MF,DF",Betis,31,1986,25.9,29,15,9,15,5,7,49,14.3,42,418,105,25.1,135,206,77,20,2,0,18,22,51,27,0
191,Gonçalo Guedes,pt  POR,"MF,FW",Valencia,21,1996,16.3,30,18,13,12,5,14,39,35.9,25,303,69,22.8,76,152,75,18,0,0,18,7,37,4,0
192,Javi Guerra,es  ESP,"FW,MF",Rayo Vallecano,36,1982,2.6,2,2,1,1,0,0,2,0.0,2,39,10,25.6,0,21,18,5,2,0,3,1,3,1,0
193,Francis Guerrero,es  ESP,"DF,MF",Betis,22,1996,19.8,48,30,24,17,7,16,41,39.0,25,255,78,30.6,118,94,43,35,0,0,35,15,63,31,1
194,Ander Guevara,es  ESP,MF,Real Sociedad,21,1997,1.0,5,3,1,4,0,2,7,28.6,5,32,12,37.5,5,23,4,2,0,0,2,0,5,0,0
195,John Guidetti,se  SWE,FW,Alavés,26,1992,7.0,3,2,0,2,1,0,9,0.0,9,140,33,23.6,6,83,51,8,2,0,6,1,4,6,0
196,Gerard Gumbau,es  ESP,MF,Leganés,23,1994,13.3,20,15,5,14,1,5,42,11.9,37,336,65,19.3,120,170,46,15,1,0,14,7,27,21,0
197,Serdar Gürler,tr  TUR,"FW,MF",Huesca,26,1991,5.4,10,7,4,6,0,5,17,29.4,12,89,27,30.3,30,49,10,9,0,0,9,4,14,1,0
198,Gorka Guruzeta,es  ESP,"FW,MF",Athletic Club,21,1996,0.6,1,1,1,0,0,0,3,0.0,3,12,0,0.0,0,7,5,1,0,0,1,0,1,0,0
199,Hacen,mr  MTN,FW,Valladolid,20,1997,0.0,0,0,0,0,0,0,0,,0,8,1,12.5,6,2,0,1,0,0,1,0,0,1,0
200,Uche Henry Agbo,ng  NGA,MF,Rayo Vallecano,22,1995,4.1,6,4,1,5,0,1,7,14.3,6,58,13,22.4,21,30,7,3,0,0,3,6,12,10,0
201,Mario Hermoso,es  ESP,DF,Espanyol,23,1995,31.2,34,25,28,5,1,16,38,42.1,22,168,58,34.5,108,54,6,48,27,2,21,25,59,205,1
202,Lucas Hernández,fr  FRA,DF,Atlético Madrid,22,1996,12.4,29,21,20,9,0,15,25,60.0,10,141,48,34.0,74,56,11,21,9,0,12,11,40,56,0
203,Theo Hernández,fr  FRA,DF,Real Sociedad,20,1997,22.0,42,21,21,13,8,30,53,56.6,23,335,86,25.7,172,112,51,30,1,0,29,33,75,39,2
204,Yangel Herrera,ve  VEN,"MF,DF",Huesca,20,1998,12.8,47,30,19,22,6,20,42,47.6,22,362,99,27.3,133,194,35,18,0,0,18,15,62,38,0
205,Iago Herrerín,es  ESP,GK,Athletic Club,30,1988,31.0,0,0,0,0,0,0,3,0.0,3,5,0,0.0,3,1,1,0,0,0,0,0,0,1,2
206,Andrew Hjulsager,dk  DEN,"MF,FW",Celta Vigo,23,1995,4.0,12,8,9,1,2,1,18,5.6,17,120,23,19.2,45,46,29,2,0,0,2,4,16,3,0
207,Wesley Hoedt,nl  NED,DF,Celta Vigo,24,1994,9.9,13,6,9,4,0,9,19,47.4,10,84,20,23.8,68,15,1,24,10,0,14,9,22,63,0
208,Robert Ibáñez,es  ESP,"DF,FW",Getafe,25,1993,0.8,1,1,1,0,0,1,3,33.3,2,13,4,30.8,5,5,3,2,0,0,2,0,1,0,0
209,Vicente Iborra,es  ESP,"MF,FW",Villarreal,30,1988,18.5,34,26,24,7,3,8,30,26.7,22,326,81,24.8,85,196,45,25,9,1,16,19,53,45,1
210,Borja Iglesias,es  ESP,FW,Espanyol,25,1993,34.2,27,21,8,13,6,4,27,14.8,23,632,128,20.3,41,314,277,19,4,0,15,6,33,40,0
211,Asier Illarramendi,es  ESP,MF,Real Sociedad,28,1990,20.2,55,39,31,22,2,18,59,30.5,41,372,114,30.6,142,197,33,41,7,0,34,24,79,43,0
212,Giannelli Imbula,cd  COD,MF,Rayo Vallecano,25,1992,19.2,15,12,6,8,1,4,14,28.6,10,347,66,19.0,82,214,51,17,2,0,15,7,22,13,0
213,Pablo Insua,es  ESP,DF,Huesca,24,1993,8.6,17,10,10,7,0,5,13,38.5,8,90,27,30.0,50,38,2,4,2,0,2,9,26,45,0
214,Gorka Iraizoz,es  ESP,GK,Girona,37,1981,6.2,0,0,0,0,0,0,0,,0,0,0,,0,0,0,0,0,0,0,0,0,2,0
215,Carlos Isaac,es  ESP,DF,Atlético Madrid,20,1998,1.0,0,0,0,0,0,0,2,0.0,2,16,4,25.0,12,0,4,5,0,0,5,0,0,1,0
216,Isco,es  ESP,"MF,FW",Real Madrid,26,1992,13.2,29,20,13,10,6,12,37,32.4,25,227,53,23.3,50,130,47,9,1,0,8,8,37,3,0
217,Manuel Iturra,cl  CHI,MF,Villarreal,34,1984,0.8,2,1,1,1,0,1,3,33.3,2,14,3,21.4,5,8,1,2,0,0,2,2,4,3,0
218,Ander Iturraspe,es  ESP,MF,Athletic Club,29,1989,1.1,2,2,2,0,0,1,2,50.0,1,9,2,22.2,6,2,1,1,0,0,1,1,3,2,0
219,Ivi,es  ESP,"MF,FW",Valladolid,24,1994,0.2,0,0,0,0,0,0,0,,0,1,0,0.0,1,0,0,0,0,0,0,0,0,0,0
220,Adnan Januzaj,be  BEL,"FW,MF",Real Sociedad,23,1995,13.9,13,11,6,2,5,2,11,18.2,9,198,51,25.8,34,94,70,13,1,0,12,6,19,3,0
221,Jason,es  ESP,"MF,DF",Levante,24,1994,25.9,42,25,20,15,7,22,75,29.3,53,513,108,21.1,160,234,119,41,2,0,39,40,82,29,0
222,Mathias Jensen,dk  DEN,"MF,FW",Celta Vigo,22,1996,2.6,7,3,3,3,1,2,9,22.2,7,123,28,22.8,36,66,21,1,0,0,1,3,10,2,0
223,Jesé,es  ESP,"FW,MF",Betis,25,1993,8.7,10,9,3,4,3,3,10,30.0,7,198,44,22.2,28,87,83,4,0,0,4,2,12,0,0
224,Joaquín,es  ESP,"FW,DF",Betis,37,1981,18.8,12,8,6,4,2,5,11,45.5,6,233,61,26.2,56,121,56,19,1,0,18,10,22,25,0
225,Jony,es  ESP,"MF,FW",Alavés,27,1991,33.0,27,12,9,10,8,7,46,15.2,39,491,98,20.0,152,221,118,42,0,0,42,24,51,7,1
226,Joan Jordán,es  ESP,MF,Eibar,24,1994,31.9,69,51,16,45,8,32,91,35.2,59,613,179,29.2,119,364,130,60,4,0,56,32,101,27,0
227,Willian José,br  BRA,FW,Real Sociedad,26,1991,26.3,5,3,0,4,1,3,4,75.0,1,337,98,29.1,11,149,177,13,6,0,7,5,10,28,0
228,Aleksandar Jovanović,rs  SRB,GK,Huesca,25,1992,12.0,0,0,0,0,0,0,1,0.0,1,0,0,,0,0,0,0,0,0,0,0,0,1,0
229,Jozabed,es  ESP,MF,Celta Vigo,27,1991,12.8,20,17,6,10,4,8,34,23.5,26,300,68,22.7,99,159,42,18,2,0,16,8,28,8,0
230,Miguel Juan Llambrich,es  ESP,DF,Villarreal,22,1996,6.0,24,13,17,6,1,11,19,57.9,8,115,32,27.8,61,37,17,15,3,0,12,8,32,19,0
231,Juanmi,es  ESP,"FW,MF",Real Sociedad,25,1993,16.9,17,8,4,9,4,4,26,15.4,22,382,69,18.1,58,194,130,20,0,0,20,12,29,6,1
232,Juanpe,es  ESP,DF,Girona,27,1991,30.7,41,26,25,13,3,20,35,57.1,15,241,83,34.4,133,95,13,48,17,0,31,33,74,173,2
233,Juanpi,ve  VEN,"MF,FW",Huesca,24,1994,7.4,16,11,8,7,1,4,12,33.3,8,195,42,21.5,61,100,34,20,0,0,20,2,18,8,0
234,David Juncà,es  ESP,DF,Celta Vigo,24,1993,19.5,50,26,34,15,1,23,47,48.9,24,242,71,29.3,152,72,18,53,7,0,46,18,68,70,0
235,Vinicius Júnior,br  BRA,FW,Real Madrid,18,2000,9.7,14,7,4,5,5,1,12,8.3,11,204,45,22.1,46,71,87,7,1,0,6,6,20,0,0
236,Gaël Kakuta,cd  COD,"MF,FW",Rayo Vallecano,27,1991,8.0,12,8,6,4,2,3,12,25.0,9,145,37,25.5,46,77,22,7,1,0,6,8,20,4,0
237,Nikola Kalinić,hr  CRO,FW,Atlético Madrid,30,1988,7.1,3,0,1,2,0,0,4,0.0,4,127,28,22.0,13,57,57,1,0,0,1,2,5,2,0
238,Lee Kangin,kr  KOR,"FW,MF",Valencia,17,2001,0.3,2,0,1,0,1,1,3,33.3,2,17,1,5.9,4,9,4,0,0,0,0,1,3,0,0
239,Wilfrid Kaptoum,cm  CMR,MF,Betis,22,1996,8.6,12,5,4,6,2,4,10,40.0,6,165,32,19.4,49,92,24,9,1,0,8,4,16,5,0
240,Keko,es  ESP,"MF,FW",Valladolid,26,1991,17.0,35,19,17,13,5,12,51,23.5,39,492,120,24.4,174,246,72,32,2,0,30,10,45,15,0
241,Kike,es  ESP,FW,Eibar,28,1989,14.4,6,4,1,3,2,1,9,11.1,8,288,79,27.4,21,102,165,24,2,0,22,5,11,3,0
242,Simon Kjær,dk  DEN,DF,Sevilla,29,1989,22.3,35,20,28,7,0,14,24,58.3,10,159,53,33.3,103,53,3,42,31,0,11,19,54,153,0
243,Kenan Kodro,ba  BIH,"FW,MF",Athletic Club,24,1993,1.8,3,2,1,2,0,1,2,50.0,1,34,13,38.2,6,14,14,1,0,0,1,0,3,0,0
244,Koke,es  ESP,MF,Atlético Madrid,26,1992,28.7,75,46,32,34,9,28,95,29.5,67,725,167,23.0,277,320,128,47,5,0,42,24,99,33,0
245,Geoffrey Kondogbia,cf  CTA,MF,Valencia,25,1993,13.8,46,35,19,22,5,8,23,34.8,15,336,75,22.3,121,182,33,27,7,0,20,24,70,27,2
246,Vasyl Kravets,ua  UKR,DF,Leganés,20,1997,5.3,20,10,11,8,1,6,12,50.0,6,65,19,29.2,30,24,11,8,1,0,7,2,22,13,1
247,Toni Kroos,de  GER,MF,Real Madrid,28,1990,24.7,56,42,17,26,13,17,61,27.9,44,576,147,25.5,97,376,103,32,4,0,28,14,70,16,1
248,Víctor Laguardia,es  ESP,DF,Alavés,28,1989,36.0,41,25,29,12,0,22,41,53.7,19,221,74,33.5,160,58,3,74,20,0,54,51,92,256,0
249,Diego Lainez,mx  MEX,"MF,FW",Betis,18,2000,3.9,4,2,0,3,1,1,2,50.0,1,54,9,16.7,13,25,16,4,0,0,4,0,4,1,0
250,Toni Lato,es  ESP,DF,Valencia,20,1997,3.0,6,3,4,0,2,4,9,44.4,5,64,12,18.8,48,12,4,15,3,0,12,7,13,9,0
251,Miguel Layún,mx  MEX,"MF,DF",Villarreal,30,1988,5.6,4,3,0,4,0,1,6,16.7,5,133,22,16.5,34,74,25,11,1,0,10,1,5,5,0
252,Robin Le Normand,fr  FRA,DF,Real Sociedad,21,1996,3.2,6,4,4,2,0,2,5,40.0,3,19,3,15.8,9,10,0,5,0,0,5,6,12,15,1
253,Wu Lei,cn  CHN,"FW,MF",Espanyol,26,1991,11.8,10,8,3,5,2,4,18,22.2,14,202,38,18.8,47,96,59,15,1,0,14,3,13,8,0
254,Iñigo Lekue,es  ESP,DF,Athletic Club,25,1993,2.3,4,4,4,0,0,1,3,33.3,2,28,8,28.6,12,12,4,6,0,0,6,2,6,14,0
255,Thomas Lemar,fr  FRA,"MF,FW",Atlético Madrid,22,1995,20.2,30,15,17,11,2,12,41,29.3,29,630,109,17.3,171,337,122,36,1,0,35,23,53,4,0
256,Clément Lenglet,fr  FRA,DF,Barcelona,23,1995,21.5,59,43,33,23,3,20,42,47.6,22,256,85,33.2,131,113,12,42,22,0,20,14,73,78,0
257,Pedro León,es  ESP,"MF,FW",Eibar,31,1986,4.7,9,7,2,3,4,3,8,37.5,5,77,19,24.7,17,29,31,10,0,0,10,4,13,2,0
258,Sergio León,es  ESP,"FW,MF",Betis,29,1989,7.1,2,1,0,2,0,1,7,14.3,6,87,18,20.7,12,45,30,8,1,0,7,1,3,3,0
259,Diego Llorente,es  ESP,DF,Real Sociedad,24,1993,19.5,33,24,23,10,0,17,34,50.0,17,164,62,37.8,95,64,5,32,15,0,17,15,48,115,0
260,Marcos Llorente,es  ESP,MF,Real Madrid,23,1995,6.0,16,10,8,7,1,4,14,28.6,10,115,30,26.1,33,62,20,8,0,0,8,5,21,11,0
261,Giovani Lo Celso,ar  ARG,"MF,FW",Betis,22,1996,26.6,55,46,17,29,9,14,46,30.4,32,500,137,27.4,99,268,133,36,1,0,35,10,65,11,1
262,Stanislav Lobotka,sk  SVK,MF,Celta Vigo,23,1994,27.7,42,34,12,22,8,10,45,22.2,35,670,151,22.5,221,364,85,23,1,0,22,26,68,17,0
263,Samuele Longo,it  ITA,"FW,MF",Huesca,26,1992,6.2,5,5,1,3,1,0,7,0.0,7,183,39,21.3,18,115,50,7,2,0,5,0,5,6,0
264,Pedro López Muñoz,es  ESP,DF,Levante,34,1983,5.2,6,4,5,1,0,2,6,33.3,4,76,18,23.7,52,16,8,9,1,0,8,7,13,8,0
265,Alejandro López,es  ESP,MF,Espanyol,21,1997,1.2,2,1,1,1,0,2,6,33.3,4,48,8,16.7,16,29,3,0,0,0,0,2,4,2,0
266,David López,es  ESP,DF,Espanyol,28,1989,20.2,30,24,17,11,2,14,26,53.8,12,152,44,28.9,94,47,11,23,11,0,12,15,45,93,2
267,Diego López,es  ESP,GK,Espanyol,36,1981,38.0,0,0,0,0,0,0,1,0.0,1,0,0,,0,0,0,0,0,0,0,0,0,2,1
268,Javi López,es  ESP,DF,Espanyol,32,1986,21.6,71,43,44,22,5,24,67,35.8,43,308,80,26.0,169,105,34,46,3,0,43,38,109,73,0
269,Lluis López,es  ESP,DF,Espanyol,21,1997,5.8,1,1,1,0,0,1,2,50.0,1,52,16,30.8,35,17,0,11,1,0,10,7,8,29,0
270,Pau López,es  ESP,GK,Betis,23,1994,33.0,0,0,0,0,0,0,3,0.0,3,3,1,33.3,3,0,0,1,0,0,1,0,0,3,1
271,Roberto López,es  ESP,MF,Real Sociedad,18,2000,0.3,0,0,0,0,0,0,1,0.0,1,5,2,40.0,3,1,1,1,0,0,1,0,0,1,0
272,Unai López,es  ESP,MF,Athletic Club,22,1995,3.6,5,3,3,0,2,1,15,6.7,14,62,19,30.6,18,35,9,11,3,0,8,1,6,4,0
273,Anthony Lozano,hn  HON,"FW,MF",Girona,25,1993,8.1,9,4,3,6,0,1,10,10.0,9,153,35,22.9,30,73,50,11,1,0,10,1,10,4,0
274,José Luis Gayà,es  ESP,DF,Valencia,23,1995,34.9,80,39,56,19,5,37,73,50.7,36,442,127,28.7,229,162,51,69,7,0,62,36,116,112,1
275,José Luis Morales,es  ESP,"FW,MF",Levante,31,1987,35.5,19,8,7,7,5,9,56,16.1,47,625,128,20.5,112,273,240,34,2,0,32,15,34,8,0
276,Filipe Luís,br  BRA,DF,Atlético Madrid,32,1985,22.6,64,40,33,25,6,21,51,41.2,30,322,101,31.4,163,128,31,42,3,0,39,24,88,46,0
277,Luisinho,pt  POR,DF,Huesca,33,1985,5.6,15,9,12,2,1,7,18,38.9,11,46,17,37.0,29,16,1,9,1,0,8,11,26,14,0
278,Douglas Luiz,br  BRA,MF,Girona,20,1998,16.6,36,29,15,18,3,12,43,27.9,31,340,88,25.9,137,170,33,27,5,0,22,16,52,30,1
279,Antonio Luna,es  ESP,DF,Levante,27,1991,14.0,21,19,12,7,2,5,17,29.4,12,221,55,24.9,110,78,33,34,4,0,30,12,33,41,1
280,Andriy Lunin,ua  UKR,GK,Leganés,19,1999,4.1,0,0,0,0,0,0,0,,0,0,0,,0,0,0,1,0,0,1,0,0,0,0
281,Nemanja Maksimović,rs  SRB,MF,Getafe,23,1995,35.7,70,45,24,42,4,21,67,31.3,46,874,224,25.6,192,536,146,95,21,0,74,49,119,38,1
282,Malcom,br  BRA,"FW,DF",Barcelona,21,1997,6.8,4,3,0,2,2,1,5,20.0,4,118,29,24.6,12,65,41,10,1,0,9,1,5,2,0
283,Hugo Mallo,es  ESP,DF,Celta Vigo,27,1991,34.4,68,43,41,20,7,25,68,36.8,43,538,172,32.0,297,179,62,82,16,0,66,30,98,150,1
284,Aïssa Mandi,dz  ALG,DF,Betis,26,1991,34.0,53,42,28,22,3,12,31,38.7,19,306,91,29.7,162,114,30,48,24,1,24,38,91,69,0
285,Martín Mantovani,ar  ARG,DF,Huesca,34,1984,7.8,21,16,17,4,0,11,19,57.9,8,60,24,40.0,42,18,0,9,6,0,3,10,31,81,0
286,Fran Manzanara,es  ESP,"DF,MF",Levante,21,1996,1.7,7,4,4,3,0,4,5,80.0,1,28,4,14.3,15,11,2,5,2,0,3,1,8,8,0
287,Marcelo,br  BRA,DF,Real Madrid,30,1988,20.6,37,17,17,14,6,14,37,37.8,23,221,70,31.7,76,93,52,33,2,0,31,12,49,23,0
288,Óscar de Marcos,es  ESP,"DF,FW",Athletic Club,29,1989,26.9,57,37,30,16,11,25,64,39.1,39,378,96,25.4,152,135,91,52,4,0,48,25,82,50,1
289,Miguel Marí,es  ESP,MF,Eibar,21,1997,0.8,0,0,0,0,0,0,3,0.0,3,16,7,43.8,1,14,1,1,0,0,1,0,0,1,0
290,José María Giménez,uy  URU,DF,Atlético Madrid,23,1995,19.7,32,18,26,6,0,13,29,44.8,16,171,54,31.6,115,52,4,35,18,0,17,26,58,124,0
291,Mariano,do  DOM,FW,Real Madrid,24,1993,5.0,1,1,1,0,0,0,5,0.0,5,81,12,14.8,4,47,30,1,0,0,1,2,3,2,0
292,Adrián Marín,es  ESP,"DF,MF",Alavés,21,1997,3.2,10,7,5,5,0,2,6,33.3,4,47,14,29.8,22,24,1,7,0,0,7,4,14,14,0
293,Guillermo Maripán,cl  CHI,DF,Alavés,24,1994,22.3,46,25,34,12,0,22,37,59.5,15,193,66,34.2,135,53,5,41,16,0,25,23,69,157,3
294,Roger Martí,es  ESP,FW,Levante,27,1991,21.0,10,8,1,5,4,1,23,4.3,22,373,74,19.8,35,204,134,16,4,0,12,3,13,8,0
295,Iñigo Martínez,es  ESP,DF,Athletic Club,27,1991,32.2,49,30,37,11,1,14,32,43.8,18,238,88,37.0,138,93,7,40,14,0,26,47,96,190,2
296,Gelson Martins,pt  POR,FW,Atlético Madrid,23,1995,2.5,5,2,2,2,1,0,1,0.0,1,56,13,23.2,12,30,14,4,0,0,4,1,6,0,0
297,Jordi Masip,es  ESP,GK,Valladolid,29,1989,35.0,0,0,0,0,0,0,1,0.0,1,0,0,,0,0,0,1,0,0,1,1,1,1,1
298,Jaime Mata,es  ESP,"FW,MF",Getafe,29,1988,27.0,35,22,11,15,9,9,28,32.1,19,438,119,27.2,48,229,161,23,2,0,21,10,45,25,0
299,Borja Mayoral,es  ESP,FW,Levante,21,1997,18.0,11,8,2,6,3,3,15,20.0,12,270,47,17.4,17,123,130,8,0,0,8,5,16,8,0
300,Róbert Mazáň,sk  SVK,DF,Celta Vigo,24,1994,1.0,3,2,3,0,0,3,3,100.0,0,20,6,30.0,6,12,2,1,0,0,1,2,5,0,0
301,Álvaro Medrán,es  ESP,MF,Rayo Vallecano,24,1994,12.8,13,9,4,5,4,4,20,20.0,16,191,52,27.2,65,96,30,14,2,0,12,13,26,11,0
302,Óscar Melendo,es  ESP,"MF,FW",Espanyol,20,1997,22.2,20,12,9,7,4,9,29,31.0,20,446,107,24.0,114,219,113,27,1,0,26,13,33,6,0
303,Gonzalo Melero,es  ESP,MF,Huesca,24,1994,14.9,24,22,5,18,1,10,49,20.4,39,366,86,23.5,90,205,71,18,6,0,12,3,27,25,0
304,Arthur Melo,br  BRA,MF,Barcelona,21,1996,15.9,17,15,5,9,3,5,18,27.8,13,350,98,28.0,78,198,74,15,1,0,14,9,26,5,0
305,Brais Méndez,es  ESP,"MF,FW",Celta Vigo,21,1997,26.1,58,43,21,29,8,16,62,25.8,46,686,181,26.4,181,337,168,37,1,0,36,15,73,25,0
306,Gabriel Mercado,ar  ARG,DF,Sevilla,31,1987,19.3,40,27,22,17,1,19,34,55.9,15,183,63,34.4,97,73,13,40,14,0,26,17,57,89,1
307,Mikel Merino,es  ESP,MF,Real Sociedad,22,1996,22.8,48,38,19,26,3,16,59,27.1,43,656,138,21.0,156,351,149,41,4,0,37,27,75,37,2
308,Sabin Merino,es  ESP,"FW,MF",Leganés,26,1992,3.3,2,2,0,1,1,0,2,0.0,2,52,12,23.1,7,32,13,3,1,0,2,0,2,5,0
309,Martín Merquelanz,es  ESP,MF,Real Sociedad,23,1995,0.1,0,0,0,0,0,0,0,,0,0,0,,0,0,0,0,0,0,0,0,0,0,0
310,Roque Mesa,es  ESP,MF,Sevilla,29,1989,19.4,50,36,24,17,9,12,35,34.3,23,445,116,26.1,144,217,84,20,2,0,18,19,69,10,0
311,Lionel Messi,ar  ARG,FW,Barcelona,31,1987,30.1,15,12,6,3,6,3,20,15.0,17,324,91,28.1,25,131,168,14,0,0,14,5,20,0,0
312,Míchel,es  ESP,MF,Valladolid,30,1988,28.4,57,47,25,28,4,19,85,22.4,66,596,136,22.8,206,350,40,49,3,0,46,34,91,39,1
313,Miguel,es  ESP,MF,Valladolid,18,1999,0.1,0,0,0,0,0,0,0,,0,7,1,14.3,1,4,2,0,0,0,0,0,0,0,0
314,Pere Milla,es  ESP,"FW,MF",Eibar,25,1992,3.8,7,6,1,4,2,0,5,0.0,5,95,36,37.9,19,54,22,7,1,0,6,3,10,0,0
315,Santi Mina,es  ESP,FW,Valencia,22,1995,20.6,19,14,3,13,3,2,25,8.0,23,505,94,18.6,38,255,212,25,2,0,23,4,23,16,0
316,Ignasi Miquel,es  ESP,DF,Getafe,25,1992,3.5,2,2,0,2,0,1,2,50.0,1,30,10,33.3,13,16,1,7,3,0,4,4,6,28,0
317,Jorge Miramón,es  ESP,DF,Huesca,29,1989,27.7,70,44,45,18,7,28,67,41.8,39,384,124,32.3,208,121,55,55,10,1,45,43,113,61,4
318,Luka Modrić,hr  CRO,MF,Real Madrid,32,1985,29.0,42,31,9,24,9,9,58,15.5,49,558,115,20.6,111,304,143,22,3,0,19,37,79,7,0
319,Johan Mojica,co  COL,"DF,MF",Girona,25,1992,0.2,1,0,1,0,0,0,0,,0,1,0,0.0,1,0,0,0,0,0,0,0,1,0,0
320,Jorge Molina,es  ESP,FW,Getafe,36,1982,29.4,16,11,1,9,6,0,17,0.0,17,411,84,20.4,20,180,211,31,1,0,30,4,20,25,0
321,Victor Mollejo,es  ESP,"FW,MF",Atlético Madrid,17,2001,0.7,0,0,0,0,0,0,2,0.0,2,11,1,9.1,6,4,1,0,0,0,0,0,0,1,0
322,Francisco Montero,es  ESP,DF,Atlético Madrid,19,1999,4.5,8,5,6,2,0,5,7,71.4,2,50,15,30.0,33,16,1,10,3,0,7,7,15,27,1
323,Emre Mor,tr  TUR,"FW,MF",Celta Vigo,21,1997,4.1,5,3,2,1,2,3,11,27.3,8,128,22,17.2,33,74,21,4,0,0,4,3,8,1,0
324,Álvaro Morata,es  ESP,FW,Atlético Madrid,25,1992,12.0,13,10,1,2,10,2,14,14.3,12,267,71,26.6,11,126,130,9,1,0,8,5,18,11,0
325,Álex Moreno,es  ESP,DF,Rayo Vallecano,25,1993,34.8,59,36,39,17,3,25,67,37.3,42,560,145,25.9,309,175,76,66,7,0,59,42,101,105,0
326,Gerard Moreno,es  ESP,FW,Villarreal,26,1992,25.7,20,16,2,14,4,7,27,25.9,20,387,81,20.9,32,210,145,27,9,0,18,11,31,31,0
327,Héctor Moreno,mx  MEX,DF,Real Sociedad,30,1988,21.5,17,10,12,5,0,8,19,42.1,11,127,43,33.9,69,50,8,43,21,1,22,12,29,92,0
328,Sergio Moreno,es  ESP,MF,Rayo Vallecano,19,1999,0.2,0,0,0,0,0,0,0,,0,1,0,0.0,1,0,0,0,0,0,0,0,0,0,0
329,Manu Morlanes,es  ESP,MF,Villarreal,19,1999,6.8,18,13,8,8,2,7,20,35.0,13,170,35,20.6,52,89,29,10,2,0,8,3,21,6,0
330,Loren Morón,es  ESP,FW,Betis,24,1993,21.7,19,16,4,11,4,6,32,18.8,26,410,97,23.7,18,186,206,27,4,0,23,7,26,16,0
331,Toni Moya,es  ESP,DF,Atlético Madrid,20,1998,1.0,2,2,1,1,0,0,1,0.0,1,12,5,41.7,4,7,1,0,0,0,0,0,2,3,0
332,Javi Moyano,es  ESP,DF,Valladolid,32,1986,23.3,32,24,26,3,3,20,37,54.1,17,228,67,29.4,138,83,7,42,9,0,33,24,56,82,0
333,Iker Muniain,es  ESP,"FW,MF",Athletic Club,25,1992,26.5,29,23,9,17,3,5,36,13.9,31,483,129,26.7,94,257,132,24,4,0,20,6,35,10,0
334,Marc Muniesa,es  ESP,"DF,MF",Girona,26,1992,15.6,41,21,28,11,2,9,23,39.1,14,259,72,27.8,131,104,24,37,7,0,30,31,72,51,1
335,Aihen Muñoz,es  ESP,DF,Real Sociedad,20,1997,10.6,17,11,15,2,0,8,15,53.3,7,159,39,24.5,92,47,20,30,7,0,23,8,25,34,0
336,Ezequiel Muñoz,ar  ARG,DF,Leganés,27,1990,2.3,5,3,2,3,0,1,1,100.0,0,16,4,25.0,9,5,2,2,1,0,1,0,5,10,0
337,Joaquín Muñoz,es  ESP,MF,Atlético Madrid,19,1999,0.0,0,0,0,0,0,0,0,,0,2,0,0.0,2,0,0,0,0,0,0,0,0,0,0
338,Luis Muriel,co  COL,"MF,FW",Sevilla,27,1991,1.4,3,3,0,2,1,0,6,0.0,6,34,6,17.6,6,15,13,5,1,0,4,0,3,1,0
339,Damián Musto,ar  ARG,MF,Huesca,31,1987,18.7,50,40,20,27,3,15,41,36.6,26,240,61,25.4,85,129,26,28,8,0,20,33,83,71,0
340,Naldo,br  BRA,DF,Espanyol,29,1988,15.1,12,8,7,4,1,5,12,41.7,7,106,34,32.1,59,41,6,25,13,0,12,19,31,128,3
341,Ximo Navarro,es  ESP,DF,Alavés,28,1990,28.1,53,23,40,10,3,18,39,46.2,21,252,80,31.7,164,65,23,41,12,1,29,53,106,148,1
342,Jesús Navas,es  ESP,"DF,MF",Sevilla,32,1985,30.1,30,23,19,9,2,18,33,54.5,15,256,69,27.0,116,80,60,47,5,1,42,24,54,64,0
343,Keylor Navas,cr  CRC,GK,Real Madrid,31,1986,10.0,0,0,0,0,0,0,0,,0,0,0,,0,0,0,0,0,0,0,0,0,0,0
344,Raúl Navas,es  ESP,DF,Real Sociedad,30,1988,14.6,22,13,18,4,0,13,24,54.2,11,96,41,42.7,62,32,2,26,8,1,18,13,35,73,1
345,Neto,br  BRA,GK,Valencia,29,1989,34.0,0,0,0,0,0,0,1,0.0,1,1,0,0.0,1,0,0,1,0,0,1,0,0,0,2
346,Saúl Ñíguez,es  ESP,"MF,DF",Atlético Madrid,23,1994,32.5,81,60,36,40,5,30,88,34.1,58,761,176,23.1,252,389,120,95,10,1,85,30,111,69,0
347,Peru Nolaskoain,es  ESP,DF,Athletic Club,19,1998,5.2,10,9,8,2,0,5,12,41.7,7,34,13,38.2,22,10,2,15,9,1,6,12,22,15,0
348,Nolito,es  ESP,FW,Sevilla,31,1986,0.8,4,3,2,1,1,0,2,0.0,2,12,6,50.0,1,7,4,1,0,0,1,0,4,1,0
349,Unai Núñez,es  ESP,DF,Athletic Club,21,1997,11.8,20,14,13,7,0,8,13,61.5,5,72,30,41.7,46,21,5,27,13,0,14,13,33,67,0
350,Allan Nyom,cm  CMR,DF,Leganés,30,1988,19.0,39,25,22,13,4,17,25,68.0,8,306,92,30.1,144,121,41,25,2,0,23,21,60,43,0
351,Jan Oblak,si  SVN,GK,Atlético Madrid,25,1993,37.0,0,0,0,0,0,0,0,,0,3,0,0.0,3,0,0,0,0,0,0,0,0,0,1
352,Álvaro Odriozola,es  ESP,DF,Real Madrid,22,1995,13.1,28,17,16,8,4,10,23,43.5,13,183,52,28.4,81,67,35,22,1,0,21,11,39,13,0
353,Dani Ojeda,es  ESP,"MF,DF",Leganés,23,1994,2.1,5,5,3,0,2,2,4,50.0,2,42,15,35.7,22,13,7,1,0,0,1,1,6,0,0
354,Lucas Olaza,uy  URU,DF,Celta Vigo,24,1994,10.0,31,17,19,10,2,16,19,84.2,3,127,42,33.1,75,33,19,18,4,0,14,4,35,21,0
355,Oier Olazábal,es  ESP,GK,Levante,28,1989,21.0,1,0,1,0,0,0,2,0.0,2,1,0,0.0,1,0,0,2,0,0,2,0,1,2,3
356,Kiko Olivas,es  ESP,DF,Valladolid,29,1988,34.4,52,40,39,12,1,13,51,25.5,38,280,103,36.8,198,75,7,48,27,0,21,46,98,183,3
357,Paulo Oliveira,pt  POR,DF,Eibar,26,1992,24.9,49,25,37,11,1,20,41,48.8,21,171,51,29.8,103,64,4,37,12,0,25,19,68,173,1
358,Mathías Olivera,uy  URU,"DF,MF",Getafe,20,1997,11.2,32,27,15,10,7,11,20,55.0,9,214,57,26.6,78,86,50,27,3,0,24,9,41,32,0
359,Kenneth Omeruo,ng  NGA,DF,Leganés,24,1993,27.0,48,32,40,8,0,18,28,64.3,10,178,48,27.0,140,36,2,38,10,1,28,28,76,208,2
360,Fabián Orellana,cl  CHI,"MF,FW",Eibar,32,1986,30.4,32,23,12,13,7,6,50,12.0,44,466,123,26.4,79,203,184,34,1,0,33,18,50,4,0
361,Mikel Oyarzabal,es  ESP,"FW,MF",Real Sociedad,21,1997,35.0,31,22,13,14,4,11,58,19.0,47,764,181,23.7,120,394,250,75,7,0,68,12,43,19,0
362,Fernando Pacheco,es  ESP,GK,Alavés,26,1992,35.0,0,0,0,0,0,0,2,0.0,2,3,1,33.3,3,0,0,0,0,0,0,0,0,2,0
363,Rubén Pardo,es  ESP,"MF,FW",Real Sociedad,25,1992,15.2,17,13,4,13,0,6,19,31.6,13,299,60,20.1,65,173,61,25,6,0,19,15,32,12,1
364,Daniel Parejo,es  ESP,MF,Valencia,29,1989,34.0,65,50,34,25,6,27,105,25.7,78,728,183,25.1,258,356,114,51,9,0,42,38,103,40,2
365,Thomas Partey,gh  GHA,MF,Atlético Madrid,25,1993,23.0,62,41,30,27,5,14,51,27.5,37,498,147,29.5,142,268,88,47,8,0,39,37,99,27,1
366,Gabriel Paulista,br  BRA,DF,Valencia,27,1990,29.1,29,17,18,9,2,10,28,35.7,18,122,48,39.3,81,38,3,51,20,0,31,53,82,183,0
367,Alfonso Pedraza,es  ESP,"DF,FW",Villarreal,22,1996,23.3,65,41,40,18,7,31,86,36.0,55,527,128,24.3,238,201,88,57,8,0,49,20,85,51,0
368,Pedrosa,es  ESP,DF,Espanyol,20,1998,8.5,17,12,9,5,3,8,22,36.4,14,133,28,21.1,74,42,17,17,4,0,13,9,26,28,0
369,Rubén Peña,es  ESP,DF,Eibar,27,1991,29.7,73,46,30,31,12,27,69,39.1,42,484,174,36.0,197,180,107,61,8,0,53,32,105,57,0
370,Carles Pérez,es  ESP,FW,Barcelona,20,1998,0.2,0,0,0,0,0,0,0,,0,4,0,0.0,0,4,0,1,0,0,1,0,0,0,0
371,Hernán Pérez,py  PAR,"FW,MF",Espanyol,29,1989,8.8,20,17,10,7,3,7,33,21.2,26,162,29,17.9,58,71,33,12,1,0,11,6,26,10,0
372,Rubén Pérez,es  ESP,MF,Leganés,29,1989,27.5,76,50,36,37,3,27,89,30.3,62,526,139,26.4,195,291,40,56,8,0,48,33,109,45,1
373,Pablo Piatti,ar  ARG,"FW,MF",Espanyol,29,1989,8.3,23,22,8,9,6,7,22,31.8,15,198,45,22.7,63,96,39,15,0,0,15,2,25,5,0
374,Cristiano Piccini,it  ITA,DF,Valencia,25,1992,20.8,40,27,29,9,2,15,28,53.6,13,295,88,29.8,147,102,46,37,5,1,32,19,59,55,2
375,Tomás Pina Isla,es  ESP,MF,Alavés,30,1987,26.0,57,38,22,31,4,14,51,27.5,37,434,124,28.6,154,233,47,38,6,0,32,28,85,44,0
376,Gerard Piqué,es  ESP,DF,Barcelona,31,1987,35.0,45,27,29,15,1,20,37,54.1,17,273,87,31.9,160,101,12,63,26,2,37,32,77,156,2
377,Carles Planas,es  ESP,"DF,MF",Girona,27,1991,4.7,11,6,7,4,0,4,15,26.7,11,84,20,23.8,40,41,3,9,0,0,9,4,15,12,0
378,Óscar Plano,es  ESP,"MF,FW",Valladolid,27,1991,29.9,59,42,31,20,8,15,62,24.2,47,567,154,27.2,165,260,142,38,5,0,33,21,80,27,1
379,Stiven Plaza,ec  ECU,"FW,MF",Valladolid,19,1999,0.4,0,0,0,0,0,0,0,,0,4,0,0.0,0,1,3,0,0,0,0,0,0,0,0
380,Pere Pons,es  ESP,MF,Girona,25,1993,31.0,83,57,31,40,12,27,100,27.0,73,726,196,27.0,242,402,82,61,9,0,52,31,114,40,0
381,Pedro Porro,es  ESP,"DF,MF",Girona,18,1999,24.6,50,32,28,14,8,26,79,32.9,53,423,95,22.5,203,148,72,58,2,0,56,40,90,42,0
382,Francisco Portillo,es  ESP,"MF,FW",Getafe,28,1990,22.2,20,10,5,10,5,7,32,21.9,25,472,120,25.4,113,256,103,29,1,0,28,12,32,5,0
383,Portu,es  ESP,"FW,MF",Girona,26,1992,31.3,30,20,7,14,9,8,38,21.1,30,574,132,23.0,86,279,209,32,1,0,31,6,36,6,0
384,Sergio Postigo,es  ESP,DF,Levante,29,1988,16.1,26,16,24,2,0,12,27,44.4,15,70,28,40.0,52,15,3,26,14,1,12,17,43,92,0
385,José Pozo,es  ESP,"MF,FW",Rayo Vallecano,22,1996,18.0,17,12,7,7,3,6,25,24.0,19,306,74,24.2,59,169,78,6,1,0,5,6,23,8,0
386,Sanjin Prcić,ba  BIH,MF,Levante,24,1993,5.9,17,11,8,7,2,6,12,50.0,6,80,20,25.0,28,43,9,18,7,0,11,6,23,11,0
387,Quincy Promes,nl  NED,"DF,MF",Sevilla,26,1992,17.6,33,20,21,8,4,15,27,55.6,12,274,62,22.6,94,101,79,25,3,0,22,13,46,23,0
388,Javi Puado,es  ESP,"FW,MF",Espanyol,20,1998,4.0,3,2,2,1,0,1,7,14.3,6,81,21,25.9,29,30,22,8,1,0,7,6,9,7,0
389,Riqui Puig,es  ESP,MF,Barcelona,18,1999,1.7,1,1,0,0,1,0,1,0.0,1,37,9,24.3,2,21,14,2,0,0,2,1,2,2,0
390,Jorge Pulido,es  ESP,DF,Huesca,27,1991,30.9,63,33,42,16,5,29,58,50.0,29,318,106,33.3,166,127,25,48,17,1,31,36,99,179,1
391,Xavi Quintillà,es  ESP,DF,Villarreal,21,1996,7.0,12,9,7,5,0,5,15,33.3,10,66,20,30.3,36,26,4,13,3,0,10,4,16,22,0
392,Dani Raba,es  ESP,MF,Villarreal,22,1995,2.1,5,1,1,2,2,3,7,42.9,4,31,6,19.4,8,18,5,2,0,0,2,0,5,0,0
393,Rafinha,br  BRA,"FW,MF",Barcelona,25,1993,2.5,8,5,4,3,1,2,6,33.3,4,86,23,26.7,14,41,31,4,1,0,3,1,9,2,0
394,Ivan Rakitić,hr  CRO,MF,Barcelona,30,1988,29.4,37,28,14,18,5,14,51,27.5,37,543,140,25.8,107,315,121,44,7,0,37,39,76,29,0
395,Jonás Ramalho,es  ESP,DF,Girona,25,1993,18.0,10,3,9,1,0,5,14,35.7,9,176,37,21.0,113,50,13,39,11,0,28,9,19,87,2
396,Sandro Ramírez,es  ESP,"FW,MF",Real Sociedad,23,1995,11.7,20,13,6,10,4,7,19,36.8,12,257,63,24.5,60,117,80,15,2,0,13,7,27,1,0
397,Iván Ramis,es  ESP,DF,Eibar,33,1984,18.6,22,16,9,10,3,12,22,54.5,10,86,36,41.9,44,37,5,19,7,0,12,12,34,113,0
398,Chris Ramos,es  ESP,FW,Valladolid,21,1997,0.7,1,0,0,0,1,0,1,0.0,1,16,4,25.0,0,6,10,2,0,0,2,0,1,1,0
399,Sergio Ramos,es  ESP,DF,Real Madrid,32,1986,27.5,50,34,30,20,0,20,43,46.5,23,202,72,35.6,112,83,7,47,18,0,29,27,77,95,3
400,Recio,es  ESP,MF,Leganés,27,1991,14.3,30,22,11,16,3,10,34,29.4,24,304,67,22.0,106,157,41,16,1,0,15,13,43,21,0
401,Sergio Reguilón,es  ESP,DF,Real Madrid,21,1996,12.4,23,15,14,8,1,7,22,31.8,15,210,58,27.6,101,75,34,28,4,0,24,17,40,39,0
402,Diego Reyes,mx  MEX,DF,Leganés,25,1992,3.6,7,6,3,4,0,2,5,40.0,3,32,15,46.9,18,13,1,9,5,0,4,2,9,28,0
403,Mikel Rico,es  ESP,MF,Athletic Club,33,1984,2.7,2,1,1,1,0,0,6,0.0,6,62,11,17.7,13,32,17,4,2,0,2,3,5,7,0
404,Asier Riesgo,es  ESP,GK,Eibar,34,1983,14.0,0,0,0,0,0,0,2,0.0,2,1,1,100.0,1,0,0,0,0,0,0,0,0,1,1
405,Cristian Rivera,es  ESP,MF,Huesca,21,1997,18.8,36,25,16,18,2,8,23,34.8,15,341,94,27.6,111,190,40,31,3,0,28,30,66,29,0
406,Rober,es  ESP,DF,Levante,23,1995,31.7,47,35,37,9,1,25,56,44.6,31,308,103,33.4,202,90,16,59,31,1,28,36,83,156,1
407,Sergi Roberto,es  ESP,"DF,MF",Barcelona,26,1992,23.2,30,20,13,12,5,8,23,34.8,15,322,109,33.9,104,139,79,39,4,0,35,29,59,30,0
408,Patrick Roberts,eng  ENG,FW,Girona,21,1997,6.7,7,5,5,2,0,4,20,20.0,16,152,20,13.2,43,72,37,7,0,0,7,5,12,1,0
409,Joel Robles,es  ESP,GK,Betis,28,1990,5.0,0,0,0,0,0,0,1,0.0,1,0,0,,0,0,0,0,0,0,0,0,0,1,1
410,Marc Roca,es  ESP,MF,Espanyol,21,1996,34.6,82,55,42,32,8,26,78,33.3,52,581,164,28.2,253,270,58,57,24,1,33,33,115,68,3
411,Rubén Rochina,es  ESP,MF,Levante,27,1991,20.0,60,39,26,29,5,21,84,25.0,63,469,101,21.5,139,242,88,40,0,0,40,14,74,26,0
412,Rodri,es  ESP,MF,Atlético Madrid,22,1996,30.4,108,89,50,52,6,31,80,38.8,49,726,232,32.0,232,419,75,50,13,0,37,30,138,67,0
413,Rodrigo,es  ESP,FW,Valencia,27,1991,28.1,16,9,4,6,6,1,19,5.3,18,549,124,22.6,53,279,217,19,2,0,17,4,20,18,0
414,Kévin Rodrigues,pt  POR,DF,Real Sociedad,24,1994,5.4,25,15,18,5,2,10,22,45.5,12,114,36,31.6,71,26,17,10,3,0,7,4,29,14,0
415,Óscar Rodríguez Arnaiz,es  ESP,"MF,FW",Leganés,20,1998,27.8,45,24,20,19,6,16,59,27.1,43,608,135,22.2,176,302,130,22,2,0,20,16,61,19,0
416,Ángel Rodríguez,es  ESP,FW,Getafe,31,1987,20.2,13,8,4,5,4,2,20,10.0,18,390,84,21.5,26,182,182,14,2,0,12,5,18,10,0
417,Marko Rog,hr  CRO,MF,Sevilla,23,1995,4.0,14,12,5,9,0,5,9,55.6,4,128,33,25.8,38,66,24,6,0,0,6,4,18,5,0
418,Roberto Rosales,ve  VEN,DF,Espanyol,29,1988,19.4,43,31,19,17,7,21,50,42.0,29,283,80,28.3,142,98,43,40,8,0,32,19,62,88,0
419,Waldo Rubio,es  ESP,"MF,FW",Valladolid,22,1995,5.5,5,3,2,3,0,1,7,14.3,6,145,35,24.1,38,73,34,6,1,0,5,0,5,6,0
420,Abel Ruiz,es  ESP,FW,Barcelona,18,2000,0.2,1,0,1,0,0,1,1,100.0,0,3,1,33.3,1,0,2,0,0,0,0,0,1,1,0
421,Víctor Ruiz,es  ESP,DF,Villarreal,29,1989,21.9,35,20,21,12,2,15,23,65.2,8,182,50,27.5,120,56,6,43,19,0,24,27,62,70,0
422,Gerónimo Rulli,ar  ARG,GK,Real Sociedad,26,1992,27.0,0,0,0,0,0,0,3,0.0,3,3,0,0.0,3,0,0,2,0,0,2,0,0,2,3
423,Samuel Sáiz,es  ESP,"FW,MF",Getafe,27,1991,3.4,3,1,0,2,1,2,8,25.0,6,71,16,22.5,13,37,21,2,0,0,2,0,3,2,0
424,Mikel San José,es  ESP,MF,Athletic Club,29,1989,19.3,40,20,13,17,10,12,46,26.1,34,399,106,26.6,116,223,60,38,6,0,32,11,51,51,0
425,Antonio Sanabria,py  PAR,FW,Betis,22,1996,9.0,5,4,0,3,2,2,11,18.2,9,143,32,22.4,8,69,66,6,1,0,5,4,9,3,0
426,Javi Sánchez,es  ESP,DF,Real Madrid,21,1997,0.5,1,0,1,0,0,0,0,,0,0,0,,0,0,0,0,0,0,0,0,1,5,0
427,Víctor Sánchez,es  ESP,MF,Espanyol,30,1987,14.1,48,32,26,17,5,19,80,23.8,61,394,79,20.1,107,227,60,18,3,0,15,16,64,29,1
428,Luca Sangalli,es  ESP,"MF,FW",Real Sociedad,23,1995,11.1,22,18,7,12,3,4,18,22.2,14,300,68,22.7,83,164,53,10,1,1,9,6,28,5,0
429,Nicola Sansone,it  ITA,"FW,MF",Villarreal,26,1991,0.4,0,0,0,0,0,0,0,,0,6,2,33.3,3,1,2,0,0,0,0,0,0,0,0
430,Roberto Santamaría,es  ESP,GK,Huesca,33,1985,20.0,0,0,0,0,0,0,2,0.0,2,3,1,33.3,3,0,0,0,0,0,0,0,0,2,0
431,Michael Santos,uy  URU,"FW,MF",Leganés,25,1993,6.2,10,4,2,6,2,4,9,44.4,5,155,32,20.6,27,73,55,9,2,0,7,0,10,0,0
432,Pablo Sarabia,es  ESP,"MF,FW",Sevilla,26,1992,30.3,32,26,8,12,12,8,67,11.9,59,626,135,21.6,118,333,175,38,6,0,32,23,55,13,0
433,Lluís Sastre,es  ESP,MF,Huesca,32,1986,1.3,4,4,0,4,0,1,1,100.0,0,31,1,3.2,10,18,3,0,0,0,0,1,5,1,0
434,Stefan Savić,me  MNE,DF,Atlético Madrid,27,1991,15.5,12,5,9,3,0,6,13,46.2,7,70,29,41.4,49,18,3,22,11,0,11,12,24,80,3
435,Alfa Semedo,gw  GNB,MF,Espanyol,20,1997,0.5,0,0,0,0,0,0,3,0.0,3,17,1,5.9,3,13,1,1,1,0,0,2,2,2,0
436,Nélson Semedo,pt  POR,DF,Barcelona,24,1993,17.8,48,36,29,15,4,18,22,81.8,4,278,94,33.8,124,93,61,36,6,0,30,12,60,22,0
437,Rúben Semedo,pt  POR,DF,Huesca,24,1994,9.4,22,14,16,6,0,11,16,68.8,5,91,28,30.8,54,36,1,17,9,0,8,10,32,32,2
438,Paik Seung-ho,kr  KOR,"FW,MF",Girona,21,1997,0.7,0,0,0,0,0,0,2,0.0,2,11,5,45.5,2,6,3,0,0,0,0,2,2,1,0
439,Gaku Shibasaki,jp  JPN,"MF,FW",Getafe,26,1992,4.3,9,6,2,6,1,2,4,50.0,2,168,26,15.5,37,93,38,7,0,0,7,5,14,3,0
440,Sidnei,br  BRA,DF,Betis,28,1989,19.4,48,26,32,12,4,18,41,43.9,23,217,73,33.6,139,70,8,28,8,0,20,23,71,51,0
441,André Silva,pt  POR,FW,Sevilla,22,1995,24.0,9,8,0,4,5,2,15,13.3,13,371,92,24.8,36,192,143,21,2,0,19,5,14,28,0
442,Jonathan Silva,ar  ARG,DF,Leganés,24,1994,30.0,54,29,34,15,5,28,69,40.6,41,541,134,24.8,276,205,60,49,3,0,46,31,85,77,0
443,Moses Simon,ng  NGA,"DF,MF",Levante,23,1995,8.7,12,5,6,4,2,2,9,22.2,7,175,38,21.7,79,66,30,20,1,0,19,7,19,12,1
444,Unai Simón,es  ESP,GK,Athletic Club,21,1997,7.0,0,0,0,0,0,0,1,0.0,1,0,0,,0,0,0,0,0,0,0,0,0,0,0
445,Dimitris Siovas,gr  GRE,DF,Leganés,29,1988,32.9,58,36,41,17,0,30,58,51.7,28,287,85,29.6,195,83,9,39,15,1,24,50,108,199,2
446,Pione Sisto,dk  DEN,"FW,MF",Celta Vigo,23,1995,9.4,3,1,3,0,0,1,14,7.1,13,253,57,22.5,69,120,64,5,0,0,5,0,3,1,0
447,Antonio Sivera,es  ESP,GK,Alavés,21,1996,3.0,0,0,0,0,0,0,0,,0,0,0,,0,0,0,0,0,0,0,0,0,1,0
448,Alex Sola,es  ESP,DF,Real Sociedad,19,1999,1.0,5,2,1,3,1,3,4,75.0,1,19,8,42.1,14,5,0,0,0,0,0,2,7,2,0
449,Andrés Solano,co  COL,DF,Atlético Madrid,20,1998,0.5,3,2,2,1,0,1,1,100.0,0,15,6,40.0,7,7,1,1,0,0,1,0,3,1,0
450,Carlos Soler,es  ESP,MF,Valencia,21,1997,27.3,41,22,20,17,4,15,69,21.7,54,714,169,23.7,221,353,140,58,8,0,50,14,55,34,1
451,Kévin Soni,cm  CMR,"FW,DF",Girona,20,1998,0.9,4,1,0,2,2,2,4,50.0,2,26,7,26.9,3,16,7,3,0,0,3,1,5,0,0
452,David Soria,es  ESP,GK,Getafe,25,1993,37.0,0,0,0,0,0,0,1,0.0,1,2,0,0.0,2,0,0,3,0,0,3,0,0,0,1
453,Juan Soriano,es  ESP,GK,Sevilla,20,1997,4.0,0,0,0,0,0,0,0,,0,0,0,,0,0,0,0,0,0,0,0,0,0,0
454,Cristhian Stuani,uy  URU,FW,Girona,31,1986,30.3,23,15,6,14,3,5,22,22.7,17,513,111,21.6,43,258,212,18,1,0,17,7,30,38,0
455,Damián Suárez,uy  URU,DF,Getafe,30,1988,36.0,105,67,55,34,16,51,131,38.9,80,663,196,29.6,291,278,94,69,5,0,64,43,148,69,0
456,Denis Suárez,es  ESP,MF,Barcelona,24,1994,0.2,0,0,0,0,0,0,0,,0,6,0,0.0,1,5,0,1,0,0,1,0,0,0,0
457,Leonardo Suárez,ar  ARG,"FW,MF",Valladolid,22,1996,5.7,4,4,2,1,1,1,10,10.0,9,111,26,23.4,26,53,32,9,1,0,8,1,5,1,0
458,Luis Suárez,uy  URU,FW,Barcelona,31,1987,31.4,20,14,4,9,7,7,17,41.2,10,423,120,28.4,17,147,259,23,3,0,20,6,26,22,0
459,Mario Suárez,es  ESP,MF,Rayo Vallecano,31,1987,11.4,31,22,15,13,3,15,33,45.5,18,176,56,31.8,67,92,17,10,3,0,7,13,44,31,0
460,Markel Susaeta,es  ESP,FW,Athletic Club,30,1987,15.3,15,9,2,8,5,7,40,17.5,33,282,65,23.0,65,131,86,17,0,0,17,11,26,6,0
461,Rodrigo Tarín,es  ESP,DF,Leganés,22,1996,15.9,26,17,18,6,2,10,15,66.7,5,132,38,28.8,80,42,10,28,4,0,24,17,43,100,0
462,Cristian Tello,es  ESP,"DF,MF",Betis,26,1991,17.5,29,18,15,8,6,15,44,34.1,29,230,63,27.4,85,82,63,30,0,0,30,6,35,10,0
463,Marc-André ter Stegen,de  GER,GK,Barcelona,26,1992,35.0,0,0,0,0,0,0,3,0.0,3,3,1,33.3,3,0,0,1,0,0,1,0,0,1,1
464,David Timor,es  ESP,"MF,FW",Girona,28,1989,1.8,0,0,0,0,0,0,0,,0,32,9,28.1,7,14,11,2,1,0,1,3,3,4,0
465,Tito,es  ESP,DF,Rayo Vallecano,33,1985,12.2,16,12,11,5,0,6,23,26.1,17,169,56,33.1,92,60,17,32,3,0,29,9,25,55,0
466,Jean-Clair Todibo,fr  FRA,DF,Barcelona,18,1999,1.7,4,4,2,2,0,3,5,60.0,2,34,15,44.1,20,8,6,2,0,0,2,1,5,11,0
467,Karl Toko Ekambi,cm  CMR,FW,Villarreal,25,1992,23.8,10,8,3,3,4,2,15,13.3,13,504,91,18.1,55,279,170,9,0,0,9,10,20,10,0
468,Raúl de Tomás,es  ESP,FW,Rayo Vallecano,23,1994,31.3,11,9,3,8,0,0,15,0.0,15,445,88,19.8,32,241,172,15,2,0,13,9,20,33,0
469,Toño,es  ESP,"DF,MF",Levante,28,1989,19.6,19,12,16,2,1,9,25,36.0,16,202,57,28.2,96,79,27,42,7,0,35,13,32,34,1
470,Daniel Torres,co  COL,MF,Alavés,28,1989,0.8,1,0,1,0,0,0,2,0.0,2,16,4,25.0,14,2,0,0,0,0,0,2,3,0,0
471,Ferrán Torres,es  ESP,"MF,FW",Valencia,18,2000,9.4,17,9,5,9,3,7,16,43.8,9,228,49,21.5,54,124,50,10,1,0,9,6,23,10,0
472,Óscar Trejo,ar  ARG,"MF,FW",Rayo Vallecano,30,1988,19.6,54,42,19,24,11,7,39,17.9,32,424,112,26.4,94,232,98,31,2,0,29,18,72,15,0
473,Manu Trigueros,es  ESP,MF,Villarreal,26,1991,17.2,41,29,17,21,3,19,63,30.2,44,383,85,22.2,116,214,53,23,7,0,16,15,56,21,1
474,Patrick Twumasi,gh  GHA,"MF,FW",Alavés,24,1994,1.9,4,3,2,2,0,2,3,66.7,1,52,12,23.1,18,22,12,1,0,0,1,1,5,3,0
475,Samuel Umtiti,fr  FRA,DF,Barcelona,24,1993,13.2,10,6,3,7,0,4,7,57.1,3,101,36,35.6,43,57,1,20,10,0,10,15,25,33,1
476,Enes Ünal,tr  TUR,FW,Valladolid,21,1997,23.9,11,7,1,4,6,2,26,7.7,24,373,69,18.5,24,225,124,17,6,0,11,4,15,22,0
477,Tomáš Vaclík,cz  CZE,GK,Sevilla,29,1989,33.0,0,0,0,0,0,0,1,0.0,1,3,0,0.0,3,0,0,0,0,0,0,0,0,1,1
478,Valery,es  ESP,"DF,MF",Girona,18,1999,9.9,18,11,10,7,1,8,17,47.1,9,146,29,19.9,64,57,25,21,1,0,20,8,26,12,0
479,Jesús Vallejo,es  ESP,"DF,MF",Real Madrid,21,1997,3.5,4,2,3,1,0,3,5,60.0,2,31,10,32.3,18,13,0,8,5,1,3,3,7,16,0
480,Federico Valverde,uy  URU,MF,Real Madrid,20,1998,7.3,15,10,7,5,3,4,9,44.4,5,143,38,26.6,38,84,21,10,2,0,8,17,32,13,0
481,Raphaël Varane,fr  FRA,DF,Real Madrid,25,1993,30.6,35,28,25,8,2,6,12,50.0,6,174,61,35.1,107,62,5,35,9,0,26,18,53,167,0
482,Franco Vázquez,ar  ARG,"MF,FW",Sevilla,29,1989,25.3,52,40,23,20,9,16,72,22.2,56,516,109,21.1,136,279,101,34,2,0,32,16,68,21,0
483,Kevin Vázquez,es  ESP,DF,Celta Vigo,25,1993,2.4,7,4,6,1,0,4,7,57.1,3,39,10,25.6,24,12,3,8,2,0,6,5,12,8,0
484,Lucas Vázquez,es  ESP,FW,Real Madrid,27,1991,16.8,40,24,15,17,8,13,38,34.2,25,409,105,25.7,82,191,136,23,1,0,22,13,53,7,0
485,Koke Vegas,es  ESP,GK,Levante,22,1995,1.0,0,0,0,0,0,0,0,,0,0,0,,0,0,0,0,0,0,0,0,0,0,0
486,Emiliano Velázquez,uy  URU,DF,Rayo Vallecano,24,1994,14.2,52,26,39,13,0,17,39,43.6,22,200,70,35.0,113,74,13,40,8,1,32,28,80,127,0
487,Daniele Verde,it  ITA,"FW,MF",Valladolid,22,1996,7.3,2,1,1,0,1,0,11,0.0,11,133,30,22.6,21,76,36,7,0,0,7,9,11,2,1
488,Thomas Vermaelen,be  BEL,DF,Barcelona,32,1985,6.5,8,3,4,3,1,5,9,55.6,4,70,22,31.4,30,35,5,11,3,0,8,3,11,19,0
489,Mikel Vesga,es  ESP,MF,Leganés,25,1993,23.0,54,43,25,19,10,19,90,21.1,71,701,149,21.3,217,347,137,45,3,0,42,34,88,33,1
490,Aleix Vidal,es  ESP,"DF,MF",Sevilla,28,1989,5.9,17,10,9,6,2,8,19,42.1,11,100,33,33.0,36,47,17,5,0,0,5,4,21,10,0
491,Arturo Vidal,cl  CHI,MF,Barcelona,31,1987,21.4,87,54,31,42,14,30,78,38.5,48,709,205,28.9,201,366,142,43,5,0,38,22,109,30,1
492,Carlos Vigaray,es  ESP,DF,Alavés,23,1994,7.2,16,10,10,5,1,7,14,50.0,7,111,27,24.3,71,33,7,13,2,0,11,6,22,30,0
493,Dídac Vilà,es  ESP,DF,Espanyol,29,1989,26.2,68,33,39,24,5,31,75,41.3,44,440,126,28.6,213,172,55,55,13,1,42,37,105,86,1
494,Toni Villa,es  ESP,"MF,FW",Valladolid,23,1995,19.6,45,32,21,17,7,21,50,42.0,29,396,94,23.7,96,204,96,25,1,0,24,10,55,5,0
495,Vitolo,es  ESP,"MF,FW",Atlético Madrid,28,1989,8.4,18,15,9,6,3,6,19,31.6,13,219,44,20.1,51,123,45,15,1,0,14,6,24,7,0
496,Nikola Vukčević,me  MNE,MF,Levante,26,1991,7.4,25,19,14,9,2,7,22,31.8,15,187,52,27.8,69,103,15,22,4,0,18,5,30,17,0
497,Moussa Wagué,sn  SEN,DF,Barcelona,19,1998,2.5,3,1,2,0,1,1,4,25.0,3,51,11,21.6,25,19,7,5,0,0,5,2,5,7,0
498,Wakaso,gh  GHA,MF,Alavés,28,1990,18.5,48,27,23,17,8,8,39,20.5,31,427,87,20.4,136,240,51,36,9,0,27,12,60,25,1
499,Daniel Wass,dk  DEN,"DF,MF",Valencia,29,1989,26.2,26,18,8,15,3,14,34,41.2,20,394,87,22.1,159,172,63,42,4,0,38,26,52,51,0
500,Axel Werner,ar  ARG,GK,Huesca,22,1996,6.0,0,0,0,0,0,0,0,,0,0,0,,0,0,0,0,0,0,0,0,0,0,0
501,Iñaki Williams,es  ESP,FW,Athletic Club,24,1994,33.6,22,11,8,7,7,6,25,24.0,19,549,136,24.8,37,242,270,27,2,0,25,8,30,33,0
502,Maximilian Wöber,at  AUT,DF,Sevilla,20,1998,6.0,15,10,9,4,2,4,7,57.1,3,71,24,33.8,32,30,9,9,1,0,8,6,21,24,0
503,Yoel,es  ESP,GK,Valladolid,29,1988,3.0,0,0,0,0,0,0,0,,0,0,0,,0,0,0,0,0,0,0,0,0,0,1
504,Okay Yokuşlu,tr  TUR,MF,Celta Vigo,24,1994,24.4,68,52,31,34,3,25,47,53.2,22,404,118,29.2,135,231,38,42,11,0,31,29,97,49,0
505,Joseba Zaldúa,es  ESP,DF,Real Sociedad,26,1992,23.8,42,22,28,10,4,20,40,50.0,20,261,76,29.1,117,101,43,33,2,0,31,28,70,79,0
506,Nabil El Zhar,ma  MAR,"MF,FW",Leganés,31,1986,10.7,7,5,1,3,3,3,9,33.3,6,160,33,20.6,44,73,43,9,0,0,9,1,8,2,0
507,Luca Zidane,fr  FRA,GK,Real Madrid,20,1998,1.0,0,0,0,0,0,0,0,,0,0,0,,0,0,0,0,0,0,0,0,0,0,0
508,Igor Zubeldia,es  ESP,MF,Real Sociedad,21,1997,28.3,58,48,26,27,5,16,56,28.6,40,604,154,25.5,217,328,59,42,9,1,33,32,90,79,0
509,Martín Zubimendi,es  ESP,MF,Real Sociedad,19,1999,0.1,1,0,0,1,0,0,0,,0,5,1,20.0,2,2,1,0,0,0,0,1,2,0,0
510,David Zurutuza,es  ESP,"MF,FW",Real Sociedad,32,1986,13.6,25,14,7,14,4,10,32,31.3,22,307,64,20.8,95,164,48,35,6,0,29,25,50,21,0
