,Player,Nation,Pos,Squad,Age,Born,MP_Playing Time,Min_Playing Time,Mn/MP_Playing Time,Min%_Playing Time,90s_Playing Time,Starts_Playing Time,Mn/Start_Starts,Compl_Starts,Subs_Subs,Mn/Sub_Subs,unSub_Subs,PPM_Team Success,onG_Team Success,onGA_Team Success,+/-_Team Success,+/-90_Team Success,On-Off_Team Success,onxG_Team Success (xG),onxGA_Team Success (xG),xG+/-_Team Success (xG),xG+/-90_Team Success (xG),On-Off_Team Success (xG)
0,Aly Abeid,mr  MTN,DF,Levante,19,1997,1,76,76,2.2,0.8,1,,0,0,,1,0.00,0,3,-3,-3.55,-3.26,0.6,1.3,-0.7,-0.77,-0.30
1,Antonio Adán,es  ESP,GK,Betis,30,1987,30,2700,90,78.9,30.0,30,,30,0,,0,1.53,50,53,-3,-0.10,-0.35,31.2,42.0,-10.8,-0.36,-0.52
2,Aday,es  ESP,"DF,MF",Girona,29,1987,31,1840,59,53.8,20.4,20,,13,11,,4,1.16,29,32,-3,-0.15,+0.20,29.1,25.3,+3.8,+0.19,+0.29
3,Aritz Aduriz,es  ESP,FW,Athletic Club,36,1981,33,2155,65,63.0,23.9,21,,15,12,,2,1.12,26,24,+2,+0.08,+0.79,27.8,27.9,-0.1,0.00,+0.12
4,Martin Agirregabiria,es  ESP,DF,Alavés,21,1996,21,1827,87,53.4,20.3,20,,19,1,,4,1.81,28,19,+9,+0.44,+1.52,23.0,22.4,+0.6,+0.03,+0.88
5,Imanol Agirretxe,es  ESP,FW,Real Sociedad,30,1987,11,238,22,7.0,2.6,2,,1,9,,5,1.45,5,2,+3,+1.13,+1.02,4.9,1.8,+3.2,+1.27,+1.14
6,Juan Agüero,es  ESP,MF,Atlético Madrid,18,1999,0,,,,,0,,0,0,,3,,,,,,,,,,,
7,Matías Aguirregaray,uy  URU,DF,Las Palmas,28,1989,15,1152,77,33.7,12.8,14,,10,1,,2,0.53,7,17,-10,-0.78,+0.81,11.0,21.1,-10.0,-0.78,-0.10
8,Ager Aketxe,es  ESP,MF,Athletic Club,23,1993,3,41,14,1.2,0.5,0,,0,3,,6,1.67,1,0,+1,+2.20,+2.43,1.2,0.6,+0.7,+1.80,+1.87
9,David Alba,es  ESP,DF,Getafe,18,1999,1,61,61,1.8,0.7,1,,0,0,,2,3.00,0,0,0,0.00,-0.24,0.0,0.9,-0.9,-1.30,-1.58
10,Jordi Alba,es  ESP,DF,Barcelona,28,1989,33,2741,83,80.1,30.5,30,,27,3,,3,2.48,81,21,+60,+1.97,+0.64,65.2,31.8,+33.5,+1.10,+0.60
11,Raúl Albentosa,es  ESP,DF,La Coruña,28,1988,20,1747,87,51.1,19.4,19,,18,1,,8,0.70,19,34,-15,-0.77,+0.46,25.6,26.8,-1.2,-0.06,+0.33
12,Paco Alcácer,es  ESP,"FW,MF",Barcelona,23,1993,17,698,41,20.4,7.8,8,,1,9,,11,2.12,19,3,+16,+2.06,+0.28,17.8,7.3,+10.4,+1.36,+0.47
13,Pedro Alcalá,es  ESP,DF,Girona,28,1989,8,688,86,20.1,7.6,8,,7,0,,4,1.25,10,13,-3,-0.39,-0.19,12.4,9.8,+2.6,+0.34,+0.36
14,Steve Aldo One,cm  CMR,DF,La Coruña,22,1995,1,90,90,2.6,1.0,1,,1,0,,1,0.00,1,7,-6,-6.00,-5.14,1.8,3.2,-1.4,-1.42,-1.23
15,Álex Alegría,es  ESP,FW,Levante,24,1992,9,625,69,18.3,6.9,8,,3,1,,1,1.22,9,12,-3,-0.43,-0.08,7.3,9.9,-2.7,-0.38,+0.12
16,Iván Alejo,es  ESP,"FW,MF",Eibar,22,1995,22,1127,51,33.0,12.5,14,,1,8,,6,1.50,16,11,+5,+0.40,+0.83,13.0,13.3,-0.3,-0.02,+0.14
17,Carles Aleñá,es  ESP,MF,Barcelona,19,1998,0,,,,,0,,0,0,,2,,,,,,,,,,,
18,Diego Alende,es  ESP,DF,Celta Vigo,19,1997,0,,,,,0,,0,0,,2,,,,,,,,,,,
19,Alex,es  ESP,GK,Atlético Madrid,18,1999,0,,,,,0,,0,0,,1,,,,,,,,,,,
20,Alexander,ar  ARG,"FW,MF",Leganés,28,1988,13,1056,81,30.9,11.7,13,,9,0,,0,1.31,8,12,-4,-0.34,+0.15,13.8,14.1,-0.3,-0.03,+0.22
21,Alexis,es  ESP,DF,Alavés,31,1985,28,2183,78,63.8,24.3,25,,23,3,,7,1.32,26,33,-7,-0.29,-0.07,26.8,35.5,-8.7,-0.36,+0.06
22,José Alonso Lara,es  ESP,FW,Sevilla,17,2000,1,9,9,0.3,0.1,0,,0,1,,0,3.00,0,0,0,0.00,+0.24,0.5,0.0,+0.5,+4.88,+4.86
23,Sergio Álvarez,es  ESP,GK,Celta Vigo,30,1986,17,1479,87,43.2,16.4,16,,16,1,,21,1.06,22,29,-7,-0.43,-0.70,24.1,23.6,+0.5,+0.03,+0.04
24,Yeray Álvarez,es  ESP,DF,Athletic Club,22,1995,8,675,84,19.7,7.5,7,,7,1,,6,0.88,7,10,-3,-0.40,-0.24,7.0,8.5,-1.5,-0.19,-0.18
25,Eloi Amagat,es  ESP,"FW,MF",Girona,32,1985,2,17,9,0.5,0.2,0,,0,2,,2,1.50,0,0,0,0.00,+0.24,0.4,0.1,+0.3,+2.21,+2.16
26,Jordi Amat,es  ESP,"DF,MF",Betis,25,1992,25,2047,82,59.9,22.7,24,,16,1,,9,1.60,33,31,+2,+0.09,+0.28,22.5,28.3,-5.9,-0.26,-0.02
27,Amath,sn  SEN,"MF,FW",Getafe,21,1996,37,2835,77,82.9,31.5,36,,10,1,,0,1.49,34,24,+10,+0.32,+0.47,36.5,29.9,+6.6,+0.21,-0.30
28,Nordin Amrabat,ma  MAR,"FW,MF",Leganés,30,1987,30,1622,54,47.4,18.0,17,,6,13,,0,1.03,18,26,-8,-0.44,+0.01,18.5,22.0,-3.5,-0.20,-0.04
29,Jon Ander Serantes,es  ESP,GK,Leganés,27,1989,1,90,90,2.6,1.0,1,,1,0,,2,3.00,3,2,+1,+1.00,+1.49,1.5,1.9,-0.3,-0.32,-0.15
30,Florin Andone,ro  ROU,FW,La Coruña,24,1993,29,1636,56,47.8,18.2,16,,10,13,,5,0.66,17,30,-13,-0.72,+0.55,22.6,23.0,-0.4,-0.02,+0.39
31,Miguel Ángel Guerrero,es  ESP,FW,Leganés,27,1990,22,1445,66,42.3,16.1,15,,12,7,,2,1.05,17,24,-7,-0.44,+0.02,17.0,21.5,-4.5,-0.28,-0.19
32,Miguel Ángel Rubio,es  ESP,DF,Getafe,19,1998,1,29,29,0.8,0.3,0,,0,1,,0,3.00,1,0,+1,+3.10,+2.89,1.3,0.5,+0.7,+2.40,+2.17
33,José Ángel,es  ESP,DF,Eibar,27,1989,30,2423,81,70.8,26.9,28,,21,2,,5,1.37,31,35,-4,-0.15,+0.03,28.8,31.8,-3.0,-0.11,+0.02
34,Vitorino Antunes,pt  POR,DF,Getafe,30,1987,34,2801,82,81.9,31.1,31,,31,3,,2,1.41,34,31,+3,+0.10,-0.78,40.0,31.1,+9.0,+0.29,+0.20
35,Alberto Aquilani,it  ITA,MF,Las Palmas,33,1984,21,1298,62,38.0,14.4,15,,8,6,,11,0.57,11,26,-15,-1.04,+0.44,15.5,26.0,-10.6,-0.73,-0.02
36,Mauro Arambarri,uy  URU,MF,Getafe,21,1995,27,2125,79,62.1,23.6,26,,14,1,,0,1.30,26,25,+1,+0.04,-0.51,28.2,22.1,+6.1,+0.26,+0.01
37,Guilherme Arana,br  BRA,DF,Sevilla,20,1997,3,193,64,5.6,2.1,2,,2,1,,5,1.00,2,4,-2,-0.93,-0.74,1.9,2.9,-1.0,-0.48,-0.54
38,Sergio Araujo,ar  ARG,"FW,MF",Las Palmas,25,1992,2,40,20,1.2,0.4,0,,0,2,,0,0.00,0,2,-2,-4.50,-3.22,1.0,0.5,+0.5,+1.14,+1.88
39,Anaitz Arbilla,es  ESP,DF,Eibar,30,1987,29,2416,83,70.6,26.8,26,,26,3,,1,1.41,35,37,-2,-0.07,+0.28,29.6,31.2,-1.7,-0.06,+0.18
40,Roberto Olabe del Arco,es  ESP,MF,Atlético Madrid,21,1996,0,,,,,0,,0,0,,5,,,,,,,,,,,
41,Markel Areitio,es  ESP,GK,Eibar,20,1996,0,,,,,0,,0,0,,2,,,,,,,,,,,
42,José Arnaiz,es  ESP,MF,Barcelona,22,1995,1,6,6,0.2,0.1,0,,0,1,,0,3.00,1,0,+1,+15.00,+13.18,0.6,0.1,+0.5,+8.91,+7.94
43,Alejandro Arribas,es  ESP,DF,La Coruña,28,1989,3,270,90,7.9,3.0,3,,3,0,,7,1.00,3,6,-3,-1.00,0.00,4.0,5.4,-1.4,-0.46,-0.25
44,Sergio Arribas,es  ESP,FW,Leganés,22,1995,1,24,24,0.7,0.3,0,,,1,,0,,,,,,,,,,,
45,Kepa Arrizabalaga,es  ESP,GK,Athletic Club,22,1994,30,2700,90,78.9,30.0,30,,30,0,,1,1.00,31,43,-12,-0.40,-0.90,35.9,37.0,-1.1,-0.04,+0.05
46,Aythami Artiles,es  ESP,DF,Las Palmas,31,1986,3,185,62,5.4,2.1,2,,2,1,,4,1.00,3,3,0,0.00,+1.39,1.7,3.1,-1.4,-0.70,+0.02
47,Sergio Asenjo,es  ESP,GK,Villarreal,28,1989,23,2070,90,60.5,23.0,23,,23,0,,2,1.70,33,30,+3,+0.13,-0.14,32.0,35.2,-3.2,-0.14,-0.14
48,Marco Asensio,es  ESP,"FW,MF",Real Madrid,21,1996,32,1845,58,53.9,20.5,19,,12,13,,3,1.94,51,24,+27,+1.32,0.00,46.2,23.5,+22.7,+1.11,+0.24
49,Iago Aspas,es  ESP,FW,Celta Vigo,29,1987,34,2933,86,85.8,32.6,33,,30,1,,0,1.38,56,46,+10,+0.31,+2.34,46.1,42.3,+3.8,+0.12,+0.75
50,Pape Assane,sn  SEN,MF,Getafe,19,1997,0,,,,,0,,0,0,,1,,,,,,,,,,,
51,Carlos Bacca,co  COL,FW,Villarreal,30,1986,35,2477,71,72.4,27.5,30,,11,5,,0,1.63,43,35,+8,+0.29,+0.39,37.8,39.8,-2.0,-0.07,+0.06
52,Cédric Bakambu,cd  COD,FW,Villarreal,26,1991,15,1258,84,36.8,14.0,15,,9,0,,0,1.60,22,16,+6,+0.43,+0.39,17.6,19.7,-2.1,-0.15,-0.10
53,Zakaria Bakkali,be  BEL,"FW,MF",La Coruña,21,1996,23,914,40,26.7,10.2,10,,1,13,,6,0.61,11,20,-9,-0.89,+0.16,10.0,17.6,-7.6,-0.76,-0.72
54,Gareth Bale,wal  WAL,"FW,MF",Real Madrid,28,1989,26,1794,69,52.5,19.9,20,,10,6,,1,1.92,50,22,+28,+1.40,+0.19,45.1,25.2,+19.9,+0.99,-0.02
55,Mikel Balenziaga,es  ESP,DF,Athletic Club,29,1988,18,1547,86,45.2,17.2,18,,13,0,,0,1.11,23,24,-1,-0.06,+0.28,23.6,21.2,+2.3,+0.14,+0.34
56,Éver Banega,ar  ARG,MF,Sevilla,29,1988,31,2399,77,70.1,26.7,25,,22,6,,1,1.29,31,48,-17,-0.64,-1.34,35.7,40.0,-4.3,-0.16,-0.65
57,Léo Baptistão,br  BRA,"FW,MF",Espanyol,24,1992,36,2672,74,78.1,29.7,31,,17,5,,1,1.25,31,34,-3,-0.10,+0.26,35.0,35.3,-0.3,-0.01,+0.54
58,Francisco Barbosa,es  ESP,GK,Celta Vigo,18,1999,0,,,,,0,,0,0,,2,,,,,,,,,,,
59,Mariano Barbosa,ar  ARG,GK,Villarreal,33,1984,13,1125,87,32.9,12.5,12,,12,1,,18,1.62,22,14,+8,+0.64,+0.68,18.2,15.7,+2.6,+0.20,+0.43
60,Enis Bardhi,mk  MKD,MF,Levante,22,1995,26,1582,61,46.3,17.6,16,,8,10,,8,1.35,28,27,+1,+0.06,+0.79,21.8,25.0,-3.2,-0.18,+0.55
61,Keidi Bare,al  ALB,MF,Atlético Madrid,19,1997,0,,,,,0,,0,0,,1,,,,,,,,,,,
62,Antonio Barragán,es  ESP,"DF,MF",Betis,30,1987,29,2370,82,69.3,26.3,28,,23,1,,4,1.59,38,43,-5,-0.19,-0.53,27.4,35.1,-7.7,-0.29,-0.14
63,Barri,es  ESP,"MF,FW",Getafe,21,1995,2,115,58,3.4,1.3,1,,1,1,,2,3.00,1,0,+1,+0.78,+0.56,1.4,1.6,-0.2,-0.13,-0.39
64,Marc Bartra,es  ESP,DF,Betis,26,1991,16,1419,89,41.5,15.8,16,,15,0,,0,1.88,23,15,+8,+0.51,+0.91,16.2,18.1,-1.8,-0.12,+0.23
65,Borja Bastón,es  ESP,FW,Málaga,24,1992,20,992,50,29.0,11.0,8,,5,12,,5,0.50,7,18,-11,-1.00,-0.03,10.6,17.0,-6.3,-0.58,-0.11
66,Jon Bautista,es  ESP,"FW,MF",Real Sociedad,22,1995,11,188,17,5.5,2.1,1,,0,10,,12,0.73,6,5,+1,+0.48,+0.31,4.0,3.5,+0.6,+0.31,+0.10
67,Paul Baysse,fr  FRA,DF,Málaga,29,1988,15,1241,83,36.3,13.8,13,,12,2,,3,0.73,11,21,-10,-0.73,+0.39,13.5,20.8,-7.3,-0.53,-0.03
68,Bebé,pt  POR,"MF,FW",Eibar,27,1990,9,365,41,10.7,4.1,3,,1,6,,10,1.00,6,6,0,0.00,+0.18,5.1,3.6,+1.5,+0.37,+0.55
69,Wissam Ben Yedder,fr  FRA,FW,Sevilla,26,1990,25,1701,68,49.7,18.9,18,,13,7,,12,1.36,24,27,-3,-0.16,+0.16,29.2,23.8,+5.3,+0.28,+0.50
70,Karim Benzema,fr  FRA,FW,Real Madrid,29,1987,32,2149,67,62.8,23.9,25,,12,7,,0,2.06,62,29,+33,+1.38,+0.18,52.9,30.8,+22.1,+0.92,-0.21
71,Markel Bergara,es  ESP,MF,Getafe,31,1986,18,1457,81,42.6,16.2,18,,12,0,,0,1.22,21,17,+4,+0.25,+0.02,20.0,15.6,+4.4,+0.27,+0.03
72,Pedro Bigas,es  ESP,DF,Las Palmas,26,1990,12,893,74,26.1,9.9,11,,8,1,,2,0.50,9,26,-17,-1.71,-0.54,13.4,15.6,-2.2,-0.22,+0.68
73,Rubén Blanco,es  ESP,GK,Celta Vigo,22,1995,22,1941,88,56.8,21.6,22,,21,0,,12,1.55,37,31,+6,+0.28,+0.70,28.4,29.2,-0.8,-0.04,-0.10
74,Emmanuel Boateng,gh  GHA,FW,Levante,21,1996,25,1281,51,37.5,14.2,10,,5,15,,3,1.28,24,21,+3,+0.21,+0.93,20.6,21.3,-0.7,-0.05,+0.68
75,Daniele Bonera,it  ITA,DF,Villarreal,36,1981,15,1192,79,34.9,13.2,14,,12,1,,12,1.73,21,14,+7,+0.53,+0.53,18.9,18.7,+0.3,+0.02,+0.16
76,Celso Borges,cr  CRC,MF,La Coruña,29,1988,32,2295,72,67.1,25.5,26,,16,6,,2,0.88,26,43,-17,-0.67,+1.01,33.0,38.2,-5.2,-0.20,+0.07
77,Ryad Boudebouz,dz  ALG,"MF,FW",Betis,27,1990,27,1364,51,39.9,15.2,15,,3,12,,3,1.63,27,22,+5,+0.33,+0.59,18.2,18.6,-0.4,-0.03,+0.37
78,Yassine Bounou,ma  MAR,GK,Girona,26,1991,30,2655,89,77.6,29.5,30,,29,0,,8,1.50,42,46,-4,-0.14,+0.45,37.2,38.2,-1.0,-0.03,-0.39
79,Lucas Boyé,ar  ARG,"FW,MF",Celta Vigo,21,1996,13,287,22,8.4,3.2,2,,0,11,,2,1.08,0,8,-8,-2.51,-2.71,3.5,4.4,-0.9,-0.31,-0.34
80,Darko Brašanac,rs  SRB,"MF,FW",Leganés,25,1992,23,1204,52,35.2,13.4,13,,5,10,,3,1.00,15,18,-3,-0.22,+0.34,12.0,17.7,-5.7,-0.42,-0.38
81,Alberto Bueno,es  ESP,"FW,MF",Málaga,29,1988,11,233,21,6.8,2.6,1,,0,10,,9,0.27,1,4,-3,-1.16,-0.20,2.1,3.4,-1.2,-0.52,-0.01
82,Burgui,es  ESP,"FW,MF",Alavés,23,1993,23,1037,45,30.3,11.5,12,,1,11,,4,0.83,15,12,+3,+0.26,+0.75,14.2,14.5,-0.4,-0.03,+0.50
83,Oriol Busquets,es  ESP,MF,Barcelona,18,1999,0,,,,,0,,0,0,,1,,,,,,,,,,,
84,Sergio Busquets,es  ESP,MF,Barcelona,29,1988,31,2588,83,75.7,28.8,30,,22,1,,2,2.45,72,23,+49,+1.70,-0.57,55.5,30.2,+25.2,+0.87,-0.44
85,Unai Bustinza,es  ESP,DF,Leganés,25,1992,20,1638,82,47.9,18.2,18,,17,2,,10,1.15,18,30,-12,-0.66,-0.41,19.9,22.0,-2.0,-0.11,+0.12
86,Erick Cabaco,uy  URU,DF,Levante,22,1995,14,1039,74,30.4,11.5,12,,10,2,,6,1.43,11,17,-6,-0.52,-0.22,11.6,18.8,-7.2,-0.62,-0.21
87,Gustavo Cabral,ar  ARG,DF,Celta Vigo,31,1985,25,1875,75,54.8,20.8,20,,15,5,,11,1.27,32,30,+2,+0.10,+0.27,27.3,32.9,-5.6,-0.27,-0.62
88,Leandro Cabrera,uy  URU,DF,Getafe,26,1991,9,720,80,21.1,8.0,8,,7,1,,5,1.78,9,6,+3,+0.37,+0.17,9.2,6.0,+3.1,+0.39,+0.18
89,Cala,es  ESP,DF,Getafe,27,1989,20,1800,90,52.6,20.0,20,,20,0,,2,1.25,25,21,+4,+0.20,-0.08,24.7,21.3,+3.4,+0.17,-0.18
90,Carlos Calderón,es  ESP,FW,Getafe,22,1995,1,6,6,0.2,0.1,0,,0,1,,1,1.00,0,0,0,0.00,-0.24,0.0,0.1,-0.1,-4.11,-4.37
91,Jonathan Calleri,ar  ARG,FW,Las Palmas,23,1993,37,3105,84,90.8,34.5,34,,29,3,,0,0.59,21,67,-46,-1.33,-0.19,35.8,58.6,-22.8,-0.66,+0.65
92,Víctor Camarasa,es  ESP,MF,Betis,23,1994,24,1247,52,36.5,13.9,14,,2,10,,9,1.38,17,27,-10,-0.72,-1.09,13.9,21.5,-7.6,-0.55,-0.47
93,José Campaña,es  ESP,MF,Levante,24,1993,35,2731,78,79.9,30.3,33,,22,2,,1,1.29,36,46,-10,-0.33,+0.19,31.7,47.9,-16.2,-0.53,-0.27
94,Joel Campbell,cr  CRC,"MF,FW",Betis,25,1992,8,216,27,6.3,2.4,2,,1,6,,6,1.63,8,5,+3,+1.25,+1.36,3.7,2.7,+0.9,+0.41,+0.70
95,Sergio Canales,es  ESP,"MF,FW",Real Sociedad,26,1991,36,1934,54,56.5,21.5,20,,10,16,,1,1.33,36,32,+4,+0.19,0.00,29.9,28.5,+1.4,+0.06,-0.33
96,João Cancelo,pt  POR,MF,Valencia,23,1994,1,90,90,2.6,1.0,1,,1,0,,0,3.00,1,0,+1,+1.00,+0.30,2.0,0.4,+1.6,+1.61,+1.35
97,Ander Cantero,es  ESP,GK,Villarreal,22,1995,0,,,,,0,,0,0,,10,,,,,,,,,,,
98,Ander Capa,es  ESP,DF,Eibar,25,1992,33,2256,68,66.0,25.1,25,,20,8,,3,1.36,28,36,-8,-0.32,-0.47,26.0,29.4,-3.4,-0.14,-0.06
99,José Carlos,es  ESP,MF,Málaga,18,1998,0,,,,,0,,0,0,,1,,,,,,,,,,,
100,Lionel Carole,fr  FRA,DF,Sevilla,26,1991,6,540,90,15.8,6.0,6,,6,0,,4,1.00,4,11,-7,-1.17,-1.10,6.1,11.6,-5.5,-0.91,-1.12
101,Yannick Carrasco,be  BEL,"MF,FW",Atlético Madrid,23,1993,17,901,53,26.3,10.0,8,,3,9,,4,2.29,21,5,+16,+1.60,+0.88,14.0,10.4,+3.6,+0.36,+0.11
102,Daniel Carriço,pt  POR,DF,Sevilla,28,1988,6,461,77,13.5,5.1,5,,5,1,,4,1.67,5,8,-3,-0.59,-0.40,7.2,9.3,-2.1,-0.42,-0.52
103,Federico Cartabia,ar  ARG,"FW,MF",La Coruña,24,1993,20,1320,66,38.6,14.7,16,,3,4,,1,0.65,17,24,-7,-0.48,+0.85,20.2,20.0,+0.2,+0.01,+0.39
104,Dani Carvajal,es  ESP,DF,Real Madrid,25,1992,25,2223,89,65.0,24.7,25,,24,0,,1,2.00,61,30,+31,+1.26,-0.17,56.2,30.2,+26.0,+1.05,+0.15
105,Casemiro,br  BRA,MF,Real Madrid,25,1992,30,2589,86,75.7,28.8,30,,24,0,,5,2.03,70,33,+37,+1.29,-0.12,59.0,34.3,+24.8,+0.86,-0.60
106,Kiko Casilla,es  ESP,GK,Real Madrid,30,1986,10,900,90,26.3,10.0,10,,10,0,,28,2.00,20,11,+9,+0.90,-0.56,18.4,11.6,+6.7,+0.67,-0.44
107,Dani Castellano,es  ESP,DF,Las Palmas,29,1987,24,2023,84,59.2,22.5,23,,20,1,,5,0.79,19,40,-21,-0.93,+0.93,26.2,36.3,-10.1,-0.45,+0.67
108,Javi Castellano,es  ESP,MF,Las Palmas,29,1987,23,1567,68,45.8,17.4,17,,12,6,,9,0.65,10,34,-24,-1.38,-0.12,18.5,30.9,-12.4,-0.71,+0.01
109,Samu Castillejo,es  ESP,"MF,FW",Villarreal,22,1995,30,2066,69,60.4,23.0,25,,10,5,,1,1.87,43,27,+16,+0.70,+1.30,33.8,31.5,+2.3,+0.10,+0.47
110,Aritz Castro,es  ESP,GK,Alavés,19,1998,0,,,,,0,,0,0,,1,,,,,,,,,,,
111,Chory Castro,uy  URU,"MF,FW",Málaga,32,1984,26,2049,79,59.9,22.8,26,,10,0,,2,0.73,18,29,-11,-0.48,+1.22,20.5,26.9,-6.3,-0.27,+0.60
112,Jonny Castro,es  ESP,DF,Celta Vigo,23,1994,36,3200,89,93.6,35.6,36,,34,0,,0,1.31,55,56,-1,-0.03,-0.03,48.7,46.6,+2.1,+0.06,+0.79
113,Rubén Castro,es  ESP,FW,Betis,36,1981,10,359,36,10.5,4.0,3,,1,7,,7,1.30,8,8,0,0.00,+0.03,6.5,6.2,+0.2,+0.05,+0.34
114,Dani Ceballos,es  ESP,"MF,FW",Real Madrid,20,1996,12,404,34,11.8,4.5,4,,1,8,,11,2.50,7,6,+1,+0.22,-1.24,8.8,6.1,+2.6,+0.60,-0.45
115,Emanuel Cecchini,ar  ARG,"MF,DF",Málaga,20,1996,2,30,15,0.9,0.3,0,,0,2,,2,0.00,0,1,-1,-3.00,-2.04,0.3,0.7,-0.4,-1.26,-0.76
116,Nereo Champagne,ar  ARG,GK,Leganés,32,1985,2,180,90,5.3,2.0,2,,2,0,,36,0.00,2,6,-4,-2.00,-1.64,2.7,3.5,-0.9,-0.43,-0.27
117,Charles,br  BRA,FW,Eibar,33,1984,30,1578,53,46.1,17.5,18,,7,12,,3,1.33,26,19,+7,+0.40,+1.03,21.6,18.6,+3.0,+0.17,+0.54
118,Chema,es  ESP,DF,Levante,25,1992,25,2020,81,59.1,22.4,23,,21,2,,6,1.08,25,34,-9,-0.40,-0.08,22.1,36.6,-14.5,-0.65,-0.41
119,Denis Cheryshev,ru  RUS,"MF,FW",Villarreal,26,1990,24,931,39,27.2,10.3,9,,0,15,,3,1.88,18,11,+7,+0.68,+0.68,18.9,13.4,+5.5,+0.54,+0.85
120,Leandro Chichizola,ar  ARG,GK,Las Palmas,27,1990,27,2430,90,71.1,27.0,27,,27,0,,11,0.63,18,47,-29,-1.07,+0.84,26.9,44.7,-17.8,-0.66,+0.21
121,Chuca,es  ESP,MF,Villarreal,20,1997,4,90,23,2.6,1.0,1,,0,3,,5,1.75,0,2,-2,-2.00,-2.24,0.5,1.7,-1.3,-1.33,-1.27
122,Chuli,es  ESP,"FW,MF",Getafe,26,1991,0,,,,,0,,0,0,,4,,,,,,,,,,,
123,Cifu,es  ESP,DF,Málaga,26,1990,2,108,54,3.2,1.2,1,,1,1,,8,0.00,0,6,-6,-5.00,-4.16,1.1,3.9,-2.8,-2.36,-1.91
124,Jasper Cillessen,nl  NED,GK,Barcelona,28,1989,1,90,90,2.6,1.0,1,,1,0,,37,3.00,5,1,+4,+4.00,+2.22,3.3,1.2,+2.1,+2.11,+1.16
125,Coke,es  ESP,DF,Levante,30,1987,17,1383,81,40.4,15.4,16,,12,1,,3,1.65,23,24,-1,-0.07,+0.51,20.0,24.2,-4.2,-0.28,+0.34
126,Emre Çolak,tr  TUR,"MF,FW",La Coruña,26,1991,26,1447,56,42.3,16.1,17,,2,9,,8,0.92,19,36,-17,-1.06,-0.10,25.7,27.1,-1.4,-0.09,+0.24
127,Francis Coquelin,fr  FRA,"MF,DF",Valencia,26,1991,9,657,73,19.2,7.3,7,,6,2,,1,2.11,12,9,+3,+0.41,-0.37,10.4,11.7,-1.3,-0.17,-0.58
128,Sébastien Corchia,fr  FRA,DF,Sevilla,26,1990,12,820,68,24.0,9.1,9,,4,3,,6,1.33,16,16,0,0.00,+0.31,12.2,12.8,-0.7,-0.07,-0.14
129,Iñigo Córdoba,es  ESP,"FW,MF",Athletic Club,20,1997,30,1454,48,42.5,16.2,18,,5,12,,5,1.07,24,26,-2,-0.12,+0.15,20.4,20.3,0.0,0.00,+0.09
130,Ángel Correa,ar  ARG,"FW,MF",Atlético Madrid,22,1995,37,2240,61,65.5,24.9,27,,6,10,,0,2.14,40,9,+31,+1.25,+0.86,33.9,22.3,+11.6,+0.46,+0.52
131,Joaquín Correa,ar  ARG,"FW,MF",Sevilla,22,1994,21,1189,57,34.8,13.2,15,,3,6,,9,1.90,17,12,+5,+0.38,+0.94,22.7,17.5,+5.2,+0.39,+0.54
132,Diego Costa,es  ESP,FW,Atlético Madrid,28,1988,15,1034,69,30.2,11.5,13,,4,2,,0,2.20,22,5,+17,+1.48,+0.76,13.9,8.6,+5.3,+0.45,+0.24
133,Jaume Costa,es  ESP,DF,Villarreal,29,1988,30,2544,85,74.4,28.3,29,,24,1,,3,1.67,43,34,+9,+0.32,+0.52,37.0,41.7,-4.7,-0.17,-0.32
134,David Costas,es  ESP,DF,Barcelona,22,1995,0,,,,,0,,0,0,,2,,,,,,,,,,,
135,Philippe Coutinho,br  BRA,"FW,MF",Barcelona,25,1992,18,1293,72,37.8,14.4,16,,6,2,,0,2.17,33,16,+17,+1.18,-1.06,25.4,20.0,+5.3,+0.37,-0.99
136,Iván Cuéllar,es  ESP,GK,Leganés,33,1984,35,3150,90,92.1,35.0,35,,35,0,,0,1.14,29,43,-14,-0.40,+0.60,35.8,41.3,-5.5,-0.16,+0.23
137,Sergi Darder,es  ESP,MF,Espanyol,23,1993,35,2778,79,81.2,30.9,32,,21,3,,0,1.29,25,34,-9,-0.29,-0.71,32.0,38.2,-6.2,-0.20,-0.40
138,Salem Al-Dawsari,sa  KSA,MF,Villarreal,25,1991,1,33,33,1.0,0.4,0,,0,1,,0,1.00,2,0,+2,+5.45,+5.32,1.2,0.2,+1.1,+2.87,+2.98
139,Ousmane Dembélé,fr  FRA,"FW,MF",Barcelona,20,1997,17,918,54,26.8,10.2,12,,2,5,,3,2.35,30,14,+16,+1.57,-0.37,21.6,16.4,+5.1,+0.50,-0.66
140,Ermedin Demirović,ba  BIH,FW,Alavés,19,1998,3,183,61,5.4,2.0,2,,2,1,,5,1.00,3,1,+2,+0.98,+1.32,1.9,2.9,-1.0,-0.50,-0.13
141,Gerard Deulofeu,es  ESP,"MF,FW",Barcelona,23,1994,10,502,50,14.7,5.6,5,,0,5,,3,2.60,19,2,+17,+3.05,+1.41,11.3,3.2,+8.1,+1.44,+0.55
142,Adrián Diéguez,es  ESP,DF,Alavés,21,1996,6,435,73,12.7,4.8,6,,3,0,,6,1.00,3,6,-3,-0.62,-0.41,4.6,8.1,-3.5,-0.71,-0.39
143,Lucas Digne,fr  FRA,DF,Barcelona,24,1993,12,709,59,20.7,7.9,8,,6,4,,19,2.33,17,7,+10,+1.27,-0.72,12.5,9.5,+3.0,+0.38,-0.75
144,Djené,tg  TOG,DF,Getafe,25,1991,36,3238,90,94.7,36.0,36,,35,0,,0,1.44,41,32,+9,+0.25,+0.25,44.3,35.9,+8.4,+0.23,-0.36
145,Marko Dmitrović,rs  SRB,GK,Eibar,25,1992,36,3240,90,94.7,36.0,36,,36,0,,2,1.31,40,49,-9,-0.25,-1.75,37.5,41.3,-3.8,-0.11,+0.21
146,Jaume Doménech,es  ESP,GK,Valencia,26,1990,5,450,90,13.2,5.0,5,,5,0,,33,2.40,8,5,+3,+0.60,-0.13,5.5,4.7,+0.8,+0.17,-0.14
147,Mauro dos Santos,ar  ARG,DF,Leganés,28,1989,14,986,70,28.8,11.0,10,,9,4,,13,1.43,10,9,+1,+0.09,+0.76,10.2,12.8,-2.5,-0.23,-0.08
148,Cheick Doukouré,ci  CIV,MF,Levante,24,1992,19,1021,54,29.9,11.3,12,,6,7,,2,0.89,9,23,-14,-1.23,-1.23,11.7,17.8,-6.1,-0.54,-0.09
149,Dejan Dražić,rs  SRB,MF,Celta Vigo,21,1995,0,,,,,0,,0,0,,1,,,,,,,,,,,
150,Óscar Duarte,cr  CRC,DF,Espanyol,28,1989,11,990,90,28.9,11.0,11,,11,0,,5,1.27,10,14,-4,-0.36,-0.29,12.8,11.2,+1.5,+0.14,+0.38
151,Rubén Duarte,es  ESP,DF,Alavés,21,1995,24,2138,89,62.5,23.8,24,,21,0,,2,1.42,27,29,-2,-0.08,+0.48,25.1,30.0,-4.9,-0.21,+0.45
152,Riza Durmisi,dk  DEN,"DF,MF",Betis,23,1994,24,2080,87,60.8,23.1,23,,22,1,,11,1.42,39,48,-9,-0.39,-0.93,26.8,35.7,-8.8,-0.38,-0.34
153,Hugo Duro,es  ESP,FW,Getafe,17,1999,2,22,11,0.6,0.2,0,,0,2,,1,1.50,0,1,-1,-4.09,-4.36,0.3,0.2,+0.1,+0.70,+0.45
154,Dennis Eckert,de  GER,FW,Celta Vigo,20,1997,0,,,,,0,,0,0,,1,,,,,,,,,,,
155,Aritz Elustondo,es  ESP,DF,Real Sociedad,23,1994,19,1594,84,46.6,17.7,18,,15,1,,14,1.63,39,24,+15,+0.85,+1.24,27.0,23.2,+3.8,+0.21,+0.01
156,Rodrigo Ely,br  BRA,DF,Alavés,23,1993,31,2691,87,78.7,29.9,30,,28,1,,1,1.23,30,40,-10,-0.33,-0.33,29.1,43.8,-14.6,-0.49,-0.52
157,Youssef En-Nesyri,ma  MAR,FW,Málaga,20,1997,25,1601,64,46.8,17.8,16,,12,9,,3,0.60,12,26,-14,-0.79,+0.35,17.2,22.8,-5.7,-0.32,+0.35
158,Sergi Enrich,es  ESP,FW,Eibar,27,1990,19,1332,70,38.9,14.8,14,,8,5,,1,1.42,19,23,-4,-0.27,-0.18,15.2,18.7,-3.6,-0.24,-0.20
159,Javier Eraso,es  ESP,"MF,FW",Leganés,27,1990,34,2527,74,73.9,28.1,31,,20,3,,2,1.09,22,33,-11,-0.39,+0.21,29.9,32.0,-2.0,-0.07,+0.40
160,Gonzalo Escalante,ar  ARG,MF,Eibar,24,1993,28,1574,56,46.0,17.5,16,,9,12,,7,1.43,16,31,-15,-0.86,-1.30,15.3,23.5,-8.2,-0.47,-0.66
161,Sergio Escudero,es  ESP,DF,Sevilla,27,1989,27,2333,86,68.2,25.9,26,,25,1,,2,1.63,39,41,-2,-0.08,+0.50,40.1,35.3,+4.9,+0.19,+0.48
162,Bernardo Espinosa,co  COL,DF,Girona,28,1989,34,2868,84,83.9,31.9,32,,30,2,,2,1.29,41,49,-8,-0.25,-0.09,40.7,40.3,+0.4,+0.01,-0.25
163,Oghenekaro Etebo,ng  NGA,MF,Las Palmas,21,1995,14,1215,87,35.5,13.5,14,,13,0,,0,0.50,7,17,-10,-0.74,+0.89,12.1,20.4,-8.2,-0.61,+0.17
164,Beñat Etxebarria,es  ESP,MF,Athletic Club,30,1987,24,1125,47,32.9,12.5,12,,5,12,,9,1.04,11,16,-5,-0.40,-0.28,10.0,15.0,-5.0,-0.40,-0.53
165,Xabier Etxeita,es  ESP,DF,Athletic Club,29,1987,5,375,75,11.0,4.2,5,,3,0,,23,1.00,3,4,-1,-0.24,-0.03,5.0,4.8,+0.2,+0.06,+0.12
166,Edu Expósito,es  ESP,MF,La Coruña,20,1996,3,97,32,2.8,1.1,0,,0,3,,4,1.75,1,6,-5,-4.64,-3.75,2.4,2.8,-0.4,-0.36,-0.14
167,Erik Expósito,es  ESP,FW,Las Palmas,21,1996,10,473,47,13.8,5.3,4,,3,6,,4,0.10,2,8,-6,-1.14,+0.20,5.2,11.7,-6.5,-1.27,-0.63
168,Imoh Ezekiel,ng  NGA,"FW,MF",Las Palmas,23,1993,10,467,47,13.7,5.2,5,,1,5,,2,0.20,3,6,-3,-0.58,+0.85,6.8,7.2,-0.4,-0.07,+0.75
169,Fayçal Fajr,ma  MAR,"MF,FW",Getafe,28,1988,31,2387,77,69.8,26.5,26,,22,5,,4,1.55,23,24,-1,-0.04,-0.91,29.9,25.8,+4.1,+0.15,-0.33
170,Zouhair Feddal,ma  MAR,DF,Betis,28,1989,15,1258,84,36.8,14.0,14,,13,1,,1,1.27,23,31,-8,-0.57,-0.86,15.2,22.0,-6.8,-0.49,-0.38
171,Andrés Fernández,es  ESP,GK,Villarreal,30,1986,3,225,75,6.6,2.5,3,,2,0,,7,0.33,2,6,-4,-1.60,-1.91,2.0,4.5,-2.5,-1.02,-1.00
172,Augusto Fernández,ar  ARG,"MF,FW",Atlético Madrid,31,1986,5,110,22,3.2,1.2,1,,0,4,,5,2.40,0,1,-1,-0.82,-1.82,1.2,1.7,-0.4,-0.36,-0.66
173,Carlos Fernández,es  ESP,FW,Sevilla,21,1996,2,135,68,3.9,1.5,2,,0,0,,1,0.50,1,1,0,0.00,+0.25,2.3,2.9,-0.5,-0.34,-0.39
174,Enzo Fernández,es  ESP,MF,Alavés,22,1995,2,70,35,2.0,0.8,1,,0,1,,3,0.00,0,1,-1,-1.29,-1.04,0.5,2.1,-1.5,-1.93,-1.58
175,Raúl Fernández,es  ESP,GK,Levante,29,1988,11,990,90,28.9,11.0,11,,11,0,,8,1.09,12,15,-3,-0.27,+0.13,11.7,15.9,-4.3,-0.39,+0.12
176,Franchu Feuillassier,ar  ARG,FW,Real Madrid,19,1998,0,,,,,0,,0,0,,1,,,,,,,,,,,
177,Junior Firpo,es  ESP,"DF,MF",Betis,20,1996,14,1189,85,34.8,13.2,14,,13,0,,1,2.07,19,9,+10,+0.76,+1.20,13.3,13.1,+0.2,+0.01,+0.40
178,Mathieu Flamini,fr  FRA,MF,Getafe,33,1984,8,481,60,14.1,5.3,6,,2,2,,0,1.38,5,4,+1,+0.19,-0.06,4.8,5.4,-0.6,-0.12,-0.43
179,Andreu Fontàs,es  ESP,DF,Celta Vigo,27,1989,12,884,74,25.8,9.8,9,,7,3,,17,1.58,18,16,+2,+0.20,+0.31,12.1,15.5,-3.5,-0.35,-0.49
180,Pablo Fornals,es  ESP,"MF,FW",Villarreal,21,1996,35,2615,75,76.5,29.1,30,,22,5,,0,1.63,43,38,+5,+0.17,-0.05,39.7,39.4,+0.3,+0.01,+0.41
181,Quique Fornos,es  ESP,DF,La Coruña,20,1997,0,,,,,0,,0,0,,1,,,,,,,,,,,
182,Eduardo Frías Molleda,es  ESP,GK,Espanyol,18,1998,0,,,,,0,,0,0,,8,,,,,,,,,,,
183,Gabi,es  ESP,MF,Atlético Madrid,34,1983,34,2354,69,68.8,26.2,25,,19,9,,3,2.09,41,17,+24,+0.92,-0.10,33.7,26.1,+7.6,+0.29,+0.02
184,Gabri,es  ESP,FW,Leganés,21,1996,0,,,,,0,,0,0,,2,,,,,,,,,,,
185,Gabriel,br  BRA,MF,Leganés,23,1993,29,2370,82,69.3,26.3,28,,16,1,,1,1.21,23,32,-9,-0.34,+0.34,28.1,31.7,-3.6,-0.14,+0.14
186,Nicolás Gaitán,ar  ARG,"MF,FW",Atlético Madrid,29,1988,6,224,37,6.5,2.5,1,,0,5,,5,2.00,4,1,+3,+1.21,+0.28,3.1,4.2,-1.1,-0.47,-0.81
187,Bruno Gama,pt  POR,"FW,MF",La Coruña,29,1987,6,118,20,3.5,1.3,1,,0,5,,1,0.40,1,5,-4,-3.05,-2.12,2.2,2.6,-0.4,-0.31,-0.09
188,Kévin Gameiro,fr  FRA,FW,Atlético Madrid,30,1987,25,1133,45,33.1,12.6,11,,3,14,,11,2.12,19,10,+9,+0.71,-0.35,16.5,13.5,+3.0,+0.24,-0.07
189,Ganso,br  BRA,MF,Sevilla,27,1989,8,515,64,15.1,5.7,7,,2,1,,6,2.13,5,2,+3,+0.52,+0.90,8.3,6.5,+1.7,+0.30,+0.31
190,Ezequiel Garay,ar  ARG,DF,Valencia,30,1986,24,2026,84,59.2,22.5,23,,20,1,,3,1.92,38,25,+13,+0.58,-0.33,32.7,25.8,+6.9,+0.31,+0.03
191,Aleix García,es  ESP,MF,Girona,20,1997,20,863,43,25.2,9.6,7,,5,13,,14,1.60,13,21,-8,-0.83,-0.80,11.3,13.9,-2.5,-0.27,-0.43
192,Borja García,es  ESP,"MF,FW",Girona,26,1990,37,2785,75,81.4,30.9,34,,15,3,,1,1.38,41,43,-2,-0.06,+0.93,40.4,37.1,+3.3,+0.10,+0.29
193,Dani García,es  ESP,MF,Eibar,27,1990,32,2769,87,81.0,30.8,32,,26,0,,3,1.53,42,38,+4,+0.13,+1.51,33.9,36.3,-2.4,-0.08,+0.21
194,David García,es  ESP,DF,Las Palmas,35,1982,11,861,78,25.2,9.6,9,,9,2,,17,0.18,5,23,-18,-1.88,-0.76,7.4,18.4,-11.0,-1.15,-0.58
195,Imanol García,es  ESP,MF,Villarreal,21,1995,0,,,,,0,,0,0,,1,,,,,,,,,,,
196,Javi García,es  ESP,"MF,DF",Betis,30,1987,32,2405,75,70.3,26.7,27,,22,5,,2,1.69,41,39,+2,+0.07,+0.34,26.1,35.7,-9.7,-0.36,-0.38
197,Manu García,es  ESP,MF,Alavés,31,1986,30,2438,81,71.3,27.1,27,,25,3,,5,1.30,31,33,-2,-0.07,+0.66,29.2,34.3,-5.2,-0.19,+0.65
198,Sergio García,es  ESP,"FW,MF",Espanyol,34,1983,33,1647,50,48.2,18.3,14,,10,19,,1,1.30,20,15,+5,+0.27,+0.83,25.6,21.0,+4.6,+0.26,+0.73
199,Mario Gaspar,es  ESP,DF,Villarreal,26,1990,32,2806,88,82.0,31.2,31,,31,1,,2,1.63,47,42,+5,+0.16,-0.13,44.9,44.3,+0.5,+0.02,+0.56
200,Johannes Geis,de  GER,"DF,MF",Sevilla,23,1993,14,680,49,19.9,7.6,7,,6,7,,9,1.79,11,9,+2,+0.26,+0.63,8.9,12.4,-3.6,-0.48,-0.63
201,Carles Gil,es  ESP,"FW,MF",La Coruña,24,1992,10,476,48,13.9,5.3,6,,0,4,,4,0.70,4,12,-8,-1.51,-0.60,5.0,10.2,-5.3,-0.99,-0.89
202,Dani Giménez,es  ESP,GK,Betis,34,1983,4,308,77,9.0,3.4,4,,3,0,,25,2.50,4,0,+4,+1.17,+1.31,5.0,2.0,+3.0,+0.88,+1.24
203,Giovanni,es  ESP,FW,Atlético Madrid,18,1999,0,,,,,0,,0,0,,1,,,,,,,,,,,
204,Diego Godín,uy  URU,DF,Atlético Madrid,31,1986,30,2554,85,74.7,28.4,28,,27,2,,5,2.27,49,15,+34,+1.20,+0.99,38.8,29.6,+9.2,+0.32,+0.16
205,André Gomes,pt  POR,"MF,FW",Barcelona,24,1993,16,640,40,18.7,7.1,6,,2,10,,10,2.75,16,5,+11,+1.55,-0.36,14.4,6.7,+7.7,+1.10,+0.15
206,Ibai Gómez,es  ESP,"MF,FW",Alavés,27,1989,34,2315,68,67.7,25.7,26,,12,8,,2,1.26,30,30,0,0.00,+0.81,28.5,33.0,-4.4,-0.17,+0.64
207,Maxi Gómez,uy  URU,FW,Celta Vigo,20,1996,36,3056,85,89.4,34.0,35,,25,1,,0,1.19,50,54,-4,-0.12,-0.86,46.6,42.2,+4.4,+0.13,+1.18
208,Sergi Gómez,es  ESP,DF,Celta Vigo,25,1992,33,2680,81,78.4,29.8,31,,27,2,,3,1.36,48,49,-1,-0.03,-0.03,41.2,38.8,+2.4,+0.08,+0.33
209,Vicente Gómez,es  ESP,MF,Las Palmas,28,1988,25,1523,61,44.5,16.9,17,,9,8,,8,0.56,9,37,-28,-1.65,-0.61,14.5,26.9,-12.4,-0.73,-0.03
210,Cenk Gönen,tr  TUR,GK,Málaga,29,1988,0,,,,,0,,0,0,,3,,,,,,,,,,,
211,Adrián González,es  ESP,MF,Málaga,29,1988,29,2340,81,68.4,26.0,27,,24,2,,3,0.66,21,43,-22,-0.85,+0.40,23.2,35.2,-12.0,-0.47,+0.12
212,Álvaro González,es  ESP,DF,Villarreal,27,1990,33,2899,88,84.8,32.2,32,,30,1,,0,1.52,44,45,-1,-0.03,-1.41,45.0,47.1,-2.1,-0.07,+0.13
213,Bruno González,es  ESP,DF,Getafe,27,1990,20,1543,77,45.1,17.1,17,,17,3,,15,1.60,16,11,+5,+0.29,+0.10,19.4,14.9,+4.6,+0.27,+0.03
214,Diego González,es  ESP,DF,Málaga,22,1995,18,1427,79,41.7,15.9,17,,12,1,,11,0.39,9,29,-20,-1.26,-0.49,14.7,22.2,-7.4,-0.47,+0.07
215,Fabio González,es  ESP,MF,Las Palmas,20,1997,1,63,63,1.8,0.7,1,,0,0,,1,0.00,1,3,-2,-2.86,-1.57,0.3,0.4,-0.1,-0.09,+0.64
216,Mario González,es  ESP,FW,Villarreal,21,1996,2,20,10,0.6,0.2,0,,0,2,,0,1.50,0,2,-2,-9.00,-9.24,0.2,1.2,-1.0,-5.67,-5.61
217,Sergi González,es  ESP,DF,Atlético Madrid,22,1995,0,,,,,0,,0,0,,5,,,,,,,,,,,
218,Andoni Gorosabel,es  ESP,DF,Real Sociedad,20,1996,2,76,38,2.2,0.8,1,,0,1,,6,1.50,0,1,-1,-1.18,-1.40,1.0,1.1,-0.1,-0.14,-0.36
219,Nicolás Gorosito,ar  ARG,DF,Getafe,28,1988,0,,,,,0,,0,0,,4,,,,,,,,,,,
220,Julio Gracia,es  ESP,"FW,MF",Betis,19,1998,2,24,12,0.7,0.3,0,,0,2,,4,0.00,0,1,-1,-3.75,-3.75,0.1,0.0,+0.1,+0.40,+0.65
221,Álex Granell,es  ESP,MF,Girona,28,1988,34,2841,84,83.1,31.6,33,,25,1,,1,1.38,43,46,-3,-0.10,+0.84,41.2,35.8,+5.4,+0.17,+0.71
222,Esteban Granero,es  ESP,"MF,FW",Espanyol,30,1987,25,1237,49,36.2,13.7,11,,5,14,,6,1.16,14,14,0,0.00,+0.25,17.0,15.4,+1.6,+0.12,+0.38
223,Antoine Griezmann,fr  FRA,FW,Atlético Madrid,26,1991,32,2509,78,73.4,27.9,30,,17,2,,1,2.06,45,15,+30,+1.08,+0.48,37.6,26.8,+10.8,+0.38,+0.39
224,Vicente Guaita,es  ESP,GK,Getafe,30,1987,33,2970,90,86.8,33.0,33,,33,0,,1,1.45,35,26,+9,+0.27,+0.27,39.5,32.0,+7.5,+0.23,-0.20
225,Andrés Guardado,mx  MEX,MF,Betis,30,1986,29,2270,78,66.4,25.2,25,,20,4,,0,1.69,47,42,+5,+0.20,+0.67,29.0,31.0,-2.0,-0.08,+0.50
226,Gonçalo Guedes,pt  POR,"MF,FW",Valencia,20,1996,33,2435,74,71.2,27.1,27,,18,6,,0,2.00,54,25,+29,+1.07,+1.25,42.0,30.1,+11.9,+0.44,+0.51
227,Ramiro Guerra,uy  URU,MF,Villarreal,20,1997,4,74,19,2.2,0.8,0,,0,4,,9,2.25,1,4,-3,-3.65,-3.92,1.5,2.8,-1.3,-1.77,-1.72
228,Francis Guerrero,es  ESP,"DF,MF",Betis,21,1996,14,992,71,29.0,11.0,10,,7,4,,6,1.86,20,15,+5,+0.45,+0.68,13.3,15.5,-2.2,-0.20,+0.07
229,Ander Guevara,es  ESP,MF,Real Sociedad,20,1997,0,,,,,0,,0,0,,2,,,,,,,,,,,
230,Guilherme,br  BRA,MF,La Coruña,26,1991,31,2637,85,77.1,29.3,31,,25,0,,1,0.77,29,57,-28,-0.96,+0.19,37.6,42.1,-4.5,-0.15,+0.32
231,Gerard Gumbau,es  ESP,MF,Leganés,22,1994,25,1441,58,42.1,16.0,16,,11,9,,7,1.12,14,30,-16,-1.00,-0.95,15.3,23.2,-7.9,-0.50,-0.55
232,Jon Guridi,es  ESP,"MF,FW",Real Sociedad,22,1995,4,55,14,1.6,0.6,0,,0,4,,4,1.00,1,0,+1,+1.64,+1.48,1.5,1.0,+0.5,+0.98,+0.78
233,Alejandro Gutiérrez Mozo,es  ESP,MF,Leganés,22,1995,1,45,45,1.3,0.5,0,,0,1,,1,0.00,0,2,-2,-4.00,-3.60,0.2,0.7,-0.5,-1.07,-0.90
234,Hacen,mr  MTN,MF,Levante,19,1997,2,80,40,2.3,0.9,1,,0,1,,2,0.50,0,1,-1,-1.13,-0.77,0.5,1.7,-1.2,-1.31,-0.85
235,Munir El Haddadi,ma  MAR,FW,Alavés,21,1995,33,2436,74,71.2,27.1,28,,11,5,,1,1.33,30,35,-5,-0.18,+0.27,30.0,33.7,-3.7,-0.13,+0.86
236,Achraf Hakimi,ma  MAR,DF,Real Madrid,18,1998,9,758,84,22.2,8.4,8,,7,1,,8,2.11,22,7,+15,+1.78,+0.60,18.1,9.9,+8.2,+0.98,-0.03
237,Alen Halilović,hr  CRO,"FW,MF",Las Palmas,21,1996,20,1305,65,38.2,14.5,16,,9,4,,3,0.75,8,20,-12,-0.83,+0.79,12.9,24.8,-11.9,-0.82,-0.16
238,Mario Hermoso,es  ESP,DF,Espanyol,22,1995,22,1928,88,56.4,21.4,22,,21,0,,7,1.09,18,28,-10,-0.47,-0.71,22.8,27.3,-4.4,-0.21,-0.18
239,Hernán,es  ESP,MF,Las Palmas,26,1990,7,351,50,10.3,3.9,4,,1,3,,5,0.43,3,13,-10,-2.56,-1.39,3.5,6.2,-2.7,-0.70,+0.02
240,Héctor Hernández,es  ESP,MF,Alavés,26,1991,1,16,16,0.5,0.2,0,,0,1,,0,0.00,0,0,0,0.00,+0.26,0.1,0.2,-0.1,-0.43,-0.06
241,Lucas Hernández,fr  FRA,DF,Atlético Madrid,21,1996,27,2122,79,62.0,23.6,24,,22,3,,7,2.15,33,11,+22,+0.93,-0.04,26.5,22.1,+4.3,+0.18,-0.26
242,Luis Hernández,es  ESP,DF,Málaga,28,1989,36,3240,90,94.7,36.0,36,,36,0,,0,0.56,23,57,-34,-0.94,+0.56,31.8,48.7,-16.9,-0.47,+0.73
243,Pablo Hernández,cl  CHI,MF,Celta Vigo,30,1986,30,1826,61,53.4,20.3,18,,14,12,,4,1.17,32,29,+3,+0.15,+0.37,22.2,27.7,-5.5,-0.27,-0.60
244,Theo Hernández,fr  FRA,DF,Real Madrid,19,1997,13,962,74,28.1,10.7,10,,8,3,,21,2.62,30,12,+18,+1.68,+0.51,22.5,12.8,+9.7,+0.91,-0.13
245,Borja Herrera,es  ESP,DF,Las Palmas,24,1993,3,240,80,7.0,2.7,3,,2,0,,7,0.00,0,8,-8,-3.00,-1.81,2.2,4.6,-2.3,-0.87,-0.16
246,Iago Herrerín,es  ESP,GK,Athletic Club,29,1988,8,720,90,21.1,8.0,8,,8,0,,30,1.63,10,6,+4,+0.50,+0.90,9.7,10.4,-0.7,-0.09,-0.05
247,Andrew Hjulsager,dk  DEN,"DF,MF",Celta Vigo,22,1995,2,15,8,0.4,0.2,0,,0,2,,10,0.00,0,1,-1,-6.00,-6.00,0.1,0.8,-0.7,-4.96,-4.99
248,Robert Ibáñez,es  ESP,"FW,MF",Valencia,24,1993,0,,,,,0,,0,0,,2,,,,,,,,,,,
249,Brown Ideye,ng  NGA,FW,Málaga,28,1988,13,736,57,21.5,8.2,8,,4,5,,0,0.23,2,12,-10,-1.22,-0.32,5.7,7.9,-2.2,-0.27,+0.30
250,Asier Illarramendi,es  ESP,MF,Real Sociedad,27,1990,36,3163,88,92.5,35.1,35,,33,1,,0,1.28,60,55,+5,+0.14,-0.56,50.7,44.2,+6.5,+0.19,-0.27
251,Andrés Iniesta,es  ESP,"MF,FW",Barcelona,33,1984,30,1862,62,54.4,20.7,25,,3,5,,2,2.37,45,18,+27,+1.31,-1.18,36.1,24.3,+11.8,+0.58,-0.87
252,Takashi Inui,jp  JPN,"MF,FW",Eibar,29,1988,34,2622,77,76.7,29.1,31,,19,3,,1,1.35,38,39,-1,-0.03,+0.53,31.6,35.1,-3.5,-0.12,-0.01
253,Gorka Iraizoz,es  ESP,GK,Girona,36,1981,9,765,85,22.4,8.5,8,,8,1,,26,0.78,8,13,-5,-0.59,-0.45,11.7,8.6,+3.0,+0.35,+0.39
254,Carlos Isaac,es  ESP,DF,Atlético Madrid,19,1998,1,62,62,1.8,0.7,1,,0,0,,1,3.00,1,0,+1,+1.45,+0.51,1.2,0.9,+0.2,+0.32,+0.04
255,Isco,es  ESP,"MF,FW",Real Madrid,25,1992,30,1766,59,51.6,19.6,21,,5,9,,3,2.00,42,17,+25,+1.27,-0.09,37.2,19.0,+18.2,+0.92,-0.17
256,Manuel Iturra,cl  CHI,MF,Málaga,33,1984,20,1583,79,46.3,17.6,18,,15,2,,0,0.45,10,27,-17,-0.97,+0.01,15.5,23.8,-8.4,-0.48,+0.06
257,Ander Iturraspe,es  ESP,MF,Athletic Club,28,1989,30,1904,63,55.7,21.2,20,,13,10,,2,1.10,22,29,-7,-0.33,-0.27,29.5,29.7,-0.2,-0.01,+0.08
258,Ivi,es  ESP,"MF,FW",Levante,23,1994,29,1762,61,51.5,19.6,17,,9,12,,3,1.03,22,29,-7,-0.36,+0.02,21.1,29.2,-8.2,-0.42,+0.12
259,Adnan Januzaj,be  BEL,"FW,MF",Real Sociedad,22,1995,28,1566,56,45.8,17.4,18,,2,10,,3,1.18,29,27,+2,+0.11,-0.13,24.1,17.3,+6.8,+0.39,+0.33
260,Jason,es  ESP,"MF,FW",Levante,23,1994,27,1784,66,52.2,19.8,22,,10,5,,2,1.22,19,25,-6,-0.30,+0.14,20.2,31.9,-11.7,-0.59,-0.23
261,Javier Jiménez García,es  ESP,DF,Valencia,20,1997,0,,,,,0,,0,0,,2,,,,,,,,,,,
262,Álvaro Jiménez,es  ESP,"MF,FW",Getafe,22,1995,13,536,41,15.7,6.0,5,,2,8,,6,1.31,7,9,-2,-0.34,-0.68,5.7,7.7,-1.9,-0.34,-0.69
263,Joaquín,es  ESP,"FW,MF",Betis,36,1981,35,2476,71,72.4,27.5,29,,15,6,,0,1.46,40,50,-10,-0.36,-1.22,29.8,36.6,-6.8,-0.25,+0.01
264,Jony,es  ESP,"MF,FW",Málaga,26,1991,5,220,44,6.4,2.4,1,,1,4,,1,0.00,0,7,-7,-2.86,-2.02,1.8,6.0,-4.2,-1.79,-1.36
265,Joan Jordán,es  ESP,MF,Eibar,23,1994,35,2435,70,71.2,27.1,25,,20,10,,2,1.40,31,33,-2,-0.07,+0.29,26.9,29.6,-2.8,-0.10,+0.04
266,Willian José,br  BRA,FW,Real Sociedad,25,1991,34,2763,81,80.8,30.7,32,,21,2,,0,1.32,55,44,+11,+0.36,+0.91,45.0,36.4,+8.6,+0.28,+0.38
267,Vukašin Jovanović,rs  SRB,DF,Eibar,21,1996,0,,,,,0,,0,0,,2,,,,,,,,,,,
268,Jozabed,es  ESP,MF,Celta Vigo,26,1991,24,1465,61,42.8,16.3,18,,4,6,,13,1.29,24,28,-4,-0.25,-0.38,26.1,23.6,+2.5,+0.15,+0.25
269,Juankar,es  ESP,DF,Málaga,27,1990,10,784,78,22.9,8.7,9,,8,1,,0,0.70,8,16,-8,-0.92,+0.07,8.5,13.3,-4.8,-0.55,-0.06
270,Juanmi,es  ESP,"FW,MF",Real Sociedad,24,1993,30,1489,50,43.5,16.5,18,,4,12,,8,1.20,30,26,+4,+0.24,+0.10,23.0,21.7,+1.3,+0.08,-0.23
271,Juanpe,es  ESP,DF,Girona,26,1991,35,3066,88,89.6,34.1,34,,34,1,,2,1.40,47,55,-8,-0.23,+0.02,43.7,44.4,-0.7,-0.02,-0.71
272,Juanpi,ve  VEN,"MF,FW",Málaga,23,1994,16,615,38,18.0,6.8,5,,0,11,,5,0.50,5,13,-8,-1.17,-0.24,7.0,9.6,-2.6,-0.39,+0.14
273,David Juncà,es  ESP,DF,Eibar,23,1993,15,900,60,26.3,10.0,10,,6,5,,12,1.20,13,14,-1,-0.10,+0.08,10.3,11.2,-0.9,-0.09,+0.04
274,Aleksandar Katai,rs  SRB,"FW,MF",Alavés,26,1991,3,57,19,1.7,0.6,0,,0,3,,2,1.00,1,2,-1,-1.58,-1.34,0.8,0.8,+0.1,+0.12,+0.50
275,Olarenwaju Kayode,ng  NGA,"FW,MF",Girona,24,1993,12,397,33,11.6,4.4,2,,1,10,,5,1.25,3,5,-2,-0.45,-0.24,6.4,6.8,-0.4,-0.09,-0.15
276,Keko,es  ESP,"MF,FW",Málaga,25,1991,21,1203,57,35.2,13.4,15,,2,6,,7,0.76,8,17,-9,-0.67,+0.46,10.7,16.4,-5.7,-0.42,+0.14
277,Kike,es  ESP,FW,Eibar,27,1989,35,2458,70,71.9,27.3,28,,17,7,,1,1.29,27,37,-10,-0.37,-0.74,28.8,31.0,-2.2,-0.08,+0.13
278,Simon Kjær,dk  DEN,DF,Sevilla,28,1989,20,1571,79,45.9,17.5,18,,16,2,,3,1.25,18,30,-12,-0.69,-0.83,21.7,24.8,-3.1,-0.18,-0.39
279,Koke,es  ESP,"MF,FW",Atlético Madrid,25,1992,35,2753,79,80.5,30.6,33,,23,2,,0,2.06,45,15,+30,+0.98,+0.17,35.8,28.8,+7.0,+0.23,-0.29
280,Geoffrey Kondogbia,cf  CTA,MF,Valencia,24,1993,31,2614,84,76.4,29.0,30,,25,1,,0,1.77,49,30,+19,+0.65,-0.24,41.8,36.5,+5.3,+0.18,-0.47
281,Mamadou Koné,ci  CIV,FW,Leganés,25,1991,0,,,,,0,,0,0,,5,,,,,,,,,,,
282,Mateo Kovačić,hr  CRO,MF,Real Madrid,23,1994,21,994,47,29.1,11.0,10,,3,11,,7,1.90,28,18,+10,+0.91,-0.58,24.8,16.3,+8.5,+0.77,-0.32
283,Maksym Koval,ua  UKR,"GK,MF",La Coruña,24,1992,2,121,61,3.5,1.3,2,,0,0,,12,0.50,2,3,-1,-0.74,+0.27,2.6,2.3,+0.3,+0.19,+0.43
284,Bojan Krkić,es  ESP,"FW,MF",Alavés,26,1990,13,445,34,13.0,4.9,4,,0,9,,6,0.92,0,10,-10,-2.02,-2.02,2.2,7.9,-5.6,-1.16,-0.90
285,Toni Kroos,de  GER,MF,Real Madrid,27,1990,27,2261,84,66.1,25.1,26,,18,1,,2,1.81,60,32,+28,+1.11,-0.59,54.9,31.0,+23.9,+0.95,-0.15
286,Kuki,es  ESP,FW,Málaga,19,1998,0,,,,,0,,0,0,,4,,,,,,,,,,,
287,Zdravko Kuzmanović,rs  SRB,MF,Málaga,29,1987,8,480,60,14.0,5.3,6,,3,2,,4,0.25,2,13,-11,-2.06,-1.27,4.8,10.6,-5.8,-1.09,-0.67
288,Alberto de la Bella,es  ESP,DF,Real Sociedad,31,1985,17,1526,90,44.6,17.0,17,,16,0,,17,1.06,22,22,0,0.00,-0.33,20.7,23.0,-2.3,-0.14,-0.62
289,Víctor Laguardia,es  ESP,DF,Alavés,27,1989,17,1530,90,44.7,17.0,17,,17,0,,4,1.53,20,22,-2,-0.12,+0.26,17.4,25.1,-7.6,-0.45,-0.13
290,Landeta,es  ESP,GK,Alavés,21,1995,0,,,,,0,,0,0,,2,,,,,,,,,,,
291,Mitchell Langerak,au  AUS,GK,Levante,28,1988,0,,,,,0,,0,0,,2,,,,,,,,,,,
292,Aymeric Laporte,es  ESP,DF,Athletic Club,23,1994,19,1710,90,50.0,19.0,19,,19,0,,0,1.32,23,22,+1,+0.05,+0.53,25.6,26.2,-0.6,-0.03,+0.03
293,Borja Lasso,es  ESP,MF,Sevilla,23,1994,1,53,53,1.5,0.6,1,,0,0,,1,1.00,1,1,0,0.00,+0.24,1.3,1.2,+0.1,+0.19,+0.16
294,Toni Lato,es  ESP,DF,Valencia,19,1997,16,798,50,23.3,8.9,9,,3,7,,19,1.81,14,11,+3,+0.34,-0.49,14.2,13.2,+1.0,+0.12,-0.23
295,Miguel Layún,mx  MEX,DF,Sevilla,29,1988,16,1187,74,34.7,13.2,11,,11,5,,1,1.50,17,25,-8,-0.61,-0.57,23.0,20.2,+2.8,+0.22,+0.28
296,Iñigo Lekue,es  ESP,"DF,FW",Athletic Club,24,1993,32,2115,66,61.8,23.5,22,,19,10,,6,1.31,24,30,-6,-0.26,-0.12,28.3,35.1,-6.8,-0.29,-0.63
297,Mauricio Lemos,uy  URU,"DF,MF",Las Palmas,21,1995,16,1260,79,36.8,14.0,14,,10,2,,2,0.69,11,33,-22,-1.57,-0.40,13.8,23.8,-10.0,-0.71,+0.01
298,Clément Lenglet,fr  FRA,DF,Sevilla,22,1995,35,3000,86,87.7,33.3,33,,31,2,,1,1.54,47,50,-3,-0.09,+1.20,50.9,48.5,+2.4,+0.07,+0.33
299,Pedro León,es  ESP,"FW,MF",Eibar,30,1986,12,930,78,27.2,10.3,10,,8,2,,1,1.00,5,10,-5,-0.48,-0.45,9.9,11.4,-1.4,-0.14,-0.03
300,Sergio León,es  ESP,FW,Betis,28,1989,31,1974,64,57.7,21.9,23,,12,8,,6,1.61,33,37,-4,-0.18,-0.37,25.0,28.8,-3.8,-0.17,+0.19
301,Jefferson Lerma,co  COL,MF,Levante,22,1994,26,2135,82,62.4,23.7,25,,21,1,,0,1.35,24,28,-4,-0.17,+0.53,26.9,34.0,-7.1,-0.30,+0.47
302,Maxime Lestienne,be  BEL,"MF,FW",Málaga,25,1992,12,667,56,19.5,7.4,8,,2,4,,2,0.58,7,11,-4,-0.54,+0.54,6.8,8.4,-1.6,-0.22,+0.36
303,Marcel Lizak,pl  POL,GK,Girona,21,1996,0,,,,,0,,0,0,,3,,,,,,,,,,,
304,Raúl Lizoain,es  ESP,GK,Las Palmas,26,1991,11,990,90,28.9,11.0,11,,11,0,,27,0.45,6,27,-21,-1.91,-0.84,11.0,20.6,-9.5,-0.87,-0.21
305,Diego Llorente,es  ESP,DF,Real Sociedad,23,1993,27,2324,86,68.0,25.8,26,,23,1,,8,1.04,33,38,-5,-0.19,-1.18,34.3,29.5,+4.8,+0.19,-0.06
306,Marcos Llorente,es  ESP,MF,Real Madrid,22,1995,13,554,43,16.2,6.2,5,,3,8,,10,2.38,12,5,+7,+1.14,-0.21,14.1,8.5,+5.6,+0.93,-0.08
307,Stanislav Lobotka,sk  SVK,MF,Celta Vigo,22,1994,38,3062,81,89.5,34.0,34,,30,4,,0,1.29,54,54,0,0.00,+0.25,46.8,46.4,+0.3,+0.01,0.00
308,David Lombán,es  ESP,DF,Eibar,30,1987,13,995,77,29.1,11.1,11,,9,2,,16,1.08,10,17,-7,-0.63,-0.67,10.0,16.5,-6.6,-0.60,-0.68
309,Pedro López Muñoz,es  ESP,DF,Levante,33,1983,21,1591,76,46.5,17.7,18,,12,3,,13,1.36,17,22,-5,-0.28,+0.16,16.5,27.9,-11.4,-0.64,-0.31
310,Alberto López,es  ESP,DF,Málaga,22,1995,1,45,45,1.3,0.5,0,,0,1,,0,0.00,0,1,-1,-2.00,-1.04,0.8,2.2,-1.4,-2.71,-2.23
311,Andoni López,es  ESP,DF,Athletic Club,21,1996,1,90,90,2.6,1.0,1,,1,0,,0,0.00,0,2,-2,-2.00,-1.84,0.5,1.9,-1.4,-1.42,-1.41
312,Ángel López,es  ESP,MF,Eibar,21,1996,0,,,,,0,,0,0,,1,,,,,,,,,,,
313,David López,es  ESP,"DF,MF",Espanyol,27,1989,37,3330,90,97.4,37.0,37,,37,0,,0,1.30,35,41,-6,-0.16,-0.16,41.4,47.0,-5.5,-0.15,-0.88
314,Diego López,es  ESP,GK,Espanyol,35,1981,11,942,86,27.5,10.5,11,,9,0,,19,1.40,12,11,+1,+0.10,+0.35,12.4,11.7,+0.7,+0.07,+0.26
315,Iván López,es  ESP,DF,Levante,23,1993,3,172,57,5.0,1.9,3,,1,0,,0,1.67,3,2,+1,+0.52,+0.94,3.5,1.3,+2.2,+1.14,+1.71
316,Javi López,es  ESP,DF,Espanyol,31,1986,14,965,69,28.2,10.7,12,,9,2,,8,1.79,14,8,+6,+0.56,+1.00,14.3,13.1,+1.2,+0.11,+0.34
317,Pau López,es  ESP,GK,Espanyol,22,1994,28,2478,89,72.5,27.5,27,,28,1,,9,1.24,24,31,-7,-0.25,-0.35,30.5,36.0,-5.5,-0.19,-0.26
318,Pedro López,es  ESP,GK,Betis,22,1995,5,412,82,12.0,4.6,4,,4,1,,8,1.00,6,8,-2,-0.44,-0.47,4.9,6.6,-1.7,-0.38,-0.15
319,Víctor López,es  ESP,"MF,FW",Alavés,20,1997,1,59,59,1.7,0.7,1,,0,0,,1,3.00,1,0,+1,+1.53,+1.82,0.4,0.4,0.0,+0.05,+0.44
320,Anthony Lozano,hn  HON,"FW,MF",Girona,24,1993,14,477,34,13.9,5.3,4,,1,10,,2,1.43,6,12,-6,-1.13,-1.04,6.4,7.0,-0.6,-0.12,-0.20
321,José Luis Gayà,es  ESP,DF,Valencia,22,1995,34,2915,86,85.2,32.4,33,,30,1,,2,2.03,55,32,+23,+0.71,0.00,45.4,38.2,+7.2,+0.22,-0.48
322,José Luis Morales,es  ESP,"MF,FW",Levante,30,1987,35,3053,87,89.3,33.9,35,,27,0,,0,1.26,39,53,-14,-0.41,-0.41,37.5,53.6,-16.0,-0.47,+0.07
323,Filipe Luís,br  BRA,DF,Atlético Madrid,31,1985,20,1656,83,48.4,18.4,19,,16,1,,3,2.15,31,10,+21,+1.14,+0.38,26.2,16.5,+9.8,+0.53,+0.48
324,Luisinho,pt  POR,DF,La Coruña,32,1985,30,2621,87,76.6,29.1,29,,28,1,,2,0.67,29,60,-31,-1.06,-0.28,38.5,46.2,-7.7,-0.26,-0.16
325,Douglas Luiz,br  BRA,"MF,FW",Girona,19,1998,15,322,21,9.4,3.6,1,,1,14,,13,1.27,4,10,-6,-1.68,-1.59,4.2,6.9,-2.7,-0.81,-0.95
326,Saša Lukić,rs  SRB,MF,Levante,20,1996,16,992,62,29.0,11.0,12,,6,4,,10,1.38,16,23,-7,-0.64,-0.38,13.6,24.0,-10.5,-0.95,-0.66
327,Antonio Luna,es  ESP,DF,Levante,26,1991,23,2021,88,59.1,22.5,22,,21,1,,10,1.13,27,35,-8,-0.36,+0.03,24.8,40.0,-15.1,-0.67,-0.48
328,Pablo Maffeo,es  ESP,"MF,DF",Girona,20,1997,33,2645,80,77.3,29.4,32,,22,1,,3,1.42,39,46,-7,-0.24,-0.01,35.9,35.8,+0.1,0.00,-0.22
329,Nemanja Maksimović,rs  SRB,"MF,FW",Valencia,22,1995,14,560,40,16.4,6.2,6,,4,8,,16,2.40,7,8,-1,-0.16,-1.04,7.1,8.7,-1.6,-0.27,-0.67
330,Hugo Mallo,es  ESP,DF,Celta Vigo,26,1991,34,2998,88,87.7,33.3,34,,29,0,,0,1.32,50,51,-1,-0.03,-0.03,43.1,44.6,-1.5,-0.04,-0.44
331,Aïssa Mandi,dz  ALG,DF,Betis,25,1991,34,3024,89,88.4,33.6,34,,33,0,,2,1.65,54,49,+5,+0.15,+1.51,36.3,42.9,-6.7,-0.20,+0.44
332,Filip Manojlović,rs  SRB,GK,Getafe,21,1996,0,,,,,0,,0,0,,6,,,,,,,,,,,
333,Martín Mantovani,ar  ARG,DF,Leganés,33,1984,13,1021,79,29.9,11.3,10,,10,3,,4,1.07,10,17,-7,-0.62,-0.24,12.3,15.5,-3.2,-0.28,-0.15
334,José Manuel Jurado,es  ESP,"MF,FW",Espanyol,31,1986,29,1499,52,43.8,16.7,20,,4,9,,4,1.24,14,19,-5,-0.30,-0.25,15.0,22.4,-7.4,-0.44,-0.57
335,Marcelo,br  BRA,DF,Real Madrid,29,1988,28,2262,81,66.1,25.1,26,,21,2,,2,1.86,62,30,+32,+1.27,-0.13,55.8,30.5,+25.3,+1.01,+0.02
336,Óscar de Marcos,es  ESP,"DF,MF",Athletic Club,28,1989,21,1654,79,48.4,18.4,20,,14,1,,1,1.24,22,23,-1,-0.05,+0.30,22.9,18.3,+4.6,+0.25,+0.58
337,José María Giménez,uy  URU,DF,Atlético Madrid,22,1995,23,1696,74,49.6,18.8,17,,17,6,,8,2.17,34,14,+20,+1.06,+0.23,24.3,19.4,+4.9,+0.26,-0.04
338,Adrián Marín,es  ESP,DF,Villarreal,20,1997,3,233,78,6.8,2.6,2,,1,1,,10,1.33,5,4,+1,+0.39,+0.22,4.2,2.3,+1.9,+0.72,+0.86
339,Guillermo Maripán,cl  CHI,DF,Alavés,23,1994,19,1531,81,44.8,17.0,17,,16,2,,13,1.32,18,20,-2,-0.12,+0.26,18.3,21.8,-3.5,-0.21,+0.31
340,Roger Martí,es  ESP,FW,Levante,26,1991,17,960,56,28.1,10.7,10,,5,7,,2,1.59,17,15,+2,+0.19,+0.77,15.3,16.0,-0.8,-0.07,+0.56
341,Aarón Martín,es  ESP,DF,Espanyol,20,1997,32,2816,88,82.3,31.3,31,,30,1,,5,1.31,28,35,-7,-0.22,-0.37,32.2,39.9,-7.6,-0.24,-0.67
342,Carlos Martínez,es  ESP,DF,Real Sociedad,31,1986,1,3,3,0.1,0.0,0,,0,1,,2,3.00,0,0,0,0.00,-0.18,0.0,0.0,0.0,-1.38,-1.59
343,Emiliano Martínez,ar  ARG,GK,Getafe,24,1992,5,450,90,13.2,5.0,5,,5,0,,31,1.40,7,7,0,0.00,-0.27,6.9,4.8,+2.1,+0.43,+0.20
344,Roger Martínez,co  COL,FW,Villarreal,23,1994,8,235,29,6.9,2.6,2,,1,6,,6,1.25,2,5,-3,-1.15,-1.43,3.2,3.7,-0.5,-0.18,-0.10
345,Javier Mascherano,ar  ARG,DF,Barcelona,33,1984,7,542,77,15.8,6.0,6,,6,1,,7,3.00,19,1,+18,+2.99,+1.36,11.4,4.1,+7.3,+1.22,+0.29
346,Borja Mayoral,es  ESP,FW,Real Madrid,20,1997,14,349,25,10.2,3.9,3,,1,11,,10,2.07,13,7,+6,+1.55,+0.26,10.2,4.0,+6.3,+1.68,+0.75
347,Róbert Mazáň,sk  SVK,DF,Celta Vigo,23,1994,2,82,41,2.4,0.9,1,,0,1,,16,1.50,0,3,-3,-3.29,-3.35,1.0,0.7,+0.3,+0.31,+0.31
348,Óscar Melendo,es  ESP,"MF,FW",Espanyol,19,1997,18,693,39,20.3,7.7,6,,0,12,,7,1.28,8,7,+1,+0.13,+0.36,9.4,11.0,-1.6,-0.22,-0.11
349,Brais Méndez,es  ESP,"MF,FW",Celta Vigo,20,1997,20,951,48,27.8,10.6,12,,2,8,,13,1.25,15,18,-3,-0.28,-0.36,14.3,16.2,-1.9,-0.18,-0.26
350,Gabriel Mercado,ar  ARG,DF,Sevilla,30,1987,26,2116,81,61.9,23.5,25,,19,1,,3,1.73,29,30,-1,-0.04,+0.51,37.3,35.1,+2.3,+0.10,+0.17
351,Sabin Merino,es  ESP,"FW,MF",Athletic Club,25,1992,13,376,29,11.0,4.2,4,,0,9,,11,1.38,2,7,-5,-1.20,-1.11,5.1,7.7,-2.6,-0.63,-0.66
352,Roque Mesa,es  ESP,MF,Sevilla,28,1989,7,344,49,10.1,3.8,4,,2,3,,5,2.00,6,8,-2,-0.52,-0.32,6.4,5.4,+1.0,+0.27,+0.26
353,Lionel Messi,ar  ARG,"FW,MF",Barcelona,30,1987,36,3002,83,87.8,33.4,32,,32,4,,0,2.50,91,21,+70,+2.10,+2.10,70.7,31.7,+39.0,+1.17,+1.57
354,Michel,br  BRA,DF,Las Palmas,27,1990,28,2151,77,62.9,23.9,26,,17,2,,3,0.68,14,37,-23,-0.96,+0.95,20.9,38.0,-17.1,-0.72,-0.01
355,Santi Mina,es  ESP,FW,Valencia,21,1995,32,1560,49,45.6,17.3,17,,7,15,,4,1.88,31,23,+8,+0.46,-0.46,27.6,22.4,+5.1,+0.30,+0.01
356,Yerry Mina,co  COL,DF,Barcelona,22,1994,5,372,74,10.9,4.1,4,,4,1,,5,1.60,9,7,+2,+0.48,-1.52,7.3,8.0,-0.7,-0.17,-1.29
357,Ignasi Miquel,es  ESP,DF,Málaga,24,1992,20,1772,89,51.8,19.7,20,,18,0,,2,0.45,9,27,-18,-0.91,+0.12,15.5,25.2,-9.6,-0.49,+0.04
358,Luka Modrić,hr  CRO,MF,Real Madrid,31,1985,26,1966,76,57.5,21.8,23,,14,3,,5,1.85,53,19,+34,+1.56,+0.57,47.4,25.1,+22.3,+1.01,+0.03
359,Moha,es  ESP,GK,Real Madrid,17,2000,0,,,,,0,,0,0,,5,,,,,,,,,,,
360,Johan Mojica,co  COL,"MF,DF",Girona,24,1992,30,2137,71,62.5,23.7,22,,18,8,,4,1.13,30,37,-7,-0.29,-0.15,29.3,30.0,-0.7,-0.03,-0.21
361,Daniel Molina Orta,es  ESP,MF,Celta Vigo,21,1996,0,,,,,0,,0,0,,1,,,,,,,0.0,0.0,0.0,0.00,-0.01
362,Jorge Molina,es  ESP,FW,Getafe,35,1982,36,2779,77,81.3,30.9,31,,20,5,,0,1.42,36,27,+9,+0.29,+0.29,39.2,28.7,+10.5,+0.34,+0.47
363,Francisco Molinero,es  ESP,DF,Getafe,32,1985,10,583,58,17.0,6.5,5,,5,5,,26,1.60,6,6,0,0.00,-0.29,8.4,6.6,+1.7,+0.27,+0.02
364,Momo,es  ESP,"FW,MF",Las Palmas,35,1982,13,672,52,19.6,7.5,8,,1,5,,6,0.31,5,22,-17,-2.28,-1.20,7.7,14.7,-6.9,-0.93,-0.26
365,Jefferson Montero,ec  ECU,"FW,MF",Getafe,27,1989,4,61,15,1.8,0.7,0,,0,4,,3,1.00,1,0,+1,+1.48,+1.26,0.5,0.2,+0.3,+0.55,+0.31
366,Antonio Montoro,es  ESP,DF,Atlético Madrid,20,1997,0,,,,,0,,0,0,,4,,,,,,,,,,,
367,Martín Montoya,es  ESP,DF,Valencia,26,1991,25,2152,86,62.9,23.9,24,,23,1,,9,1.88,40,23,+17,+0.71,0.00,37.8,28.0,+9.8,+0.41,+0.31
368,Walter Montoya,ar  ARG,FW,Sevilla,24,1993,1,75,75,2.2,0.8,1,,0,0,,2,3.00,1,0,+1,+1.20,+1.47,0.6,1.0,-0.4,-0.42,-0.46
369,Shaquell Moore,us  USA,DF,Levante,20,1996,6,425,71,12.4,4.7,5,,4,1,,5,0.83,2,10,-8,-1.69,-1.51,4.6,8.2,-3.6,-0.77,-0.33
370,Emre Mor,tr  TUR,"FW,MF",Celta Vigo,20,1997,23,679,30,19.9,7.5,4,,2,19,,4,1.17,11,11,0,0.00,+0.03,9.3,9.2,+0.1,+0.02,+0.01
371,Sergio Mora,es  ESP,MF,Getafe,37,1979,26,826,32,24.2,9.2,6,,2,20,,8,1.69,13,10,+3,+0.33,+0.12,13.0,10.4,+2.5,+0.29,+0.04
372,Erik Morán,es  ESP,MF,Leganés,26,1991,6,231,39,6.8,2.6,2,,1,4,,4,1.17,2,3,-1,-0.39,+0.06,4.2,2.9,+1.3,+0.51,+0.74
373,Gerard Moreno,es  ESP,FW,Espanyol,25,1992,38,3411,90,99.7,37.9,38,,37,0,,0,1.29,36,42,-6,-0.16,-0.16,42.8,47.7,-4.9,-0.13,-1.39
374,Héctor Moreno,mx  MEX,DF,Real Sociedad,29,1988,8,720,90,21.1,8.0,8,,8,0,,4,1.63,15,9,+6,+0.75,+0.72,12.0,7.8,+4.1,+0.51,+0.39
375,Marlos Moreno,co  COL,MF,Girona,20,1996,2,33,17,1.0,0.4,0,,0,2,,5,0.00,0,0,0,0.00,+0.24,0.3,0.5,-0.2,-0.60,-0.66
376,Manu Morlanes,es  ESP,MF,Villarreal,18,1999,0,,,,,0,,0,0,,2,,,,,,,,,,,
377,Loren Morón,es  ESP,FW,Betis,23,1993,15,1061,71,31.0,11.8,12,,5,3,,1,1.93,17,14,+3,+0.25,+0.41,11.5,14.4,-2.9,-0.25,+0.01
378,Pedro Mosquera,es  ESP,MF,La Coruña,29,1988,23,1395,61,40.8,15.5,16,,8,7,,7,0.78,14,31,-17,-1.10,-0.16,19.7,21.8,-2.1,-0.14,+0.15
379,Toni Moya,es  ESP,DF,Atlético Madrid,19,1998,1,4,4,0.1,0.0,0,,0,1,,0,3.00,0,0,0,0.00,-0.95,0.1,0.0,+0.1,+3.28,+3.00
380,Álex Mula,es  ESP,"MF,FW",Málaga,21,1996,11,560,51,16.4,6.2,7,,,4,,0,,,,,,,,,,,
381,Iker Muniain,es  ESP,"MF,FW",Athletic Club,24,1992,14,784,56,22.9,8.7,7,,5,7,,1,1.07,10,12,-2,-0.23,-0.02,11.0,9.0,+2.0,+0.23,+0.36
382,Marc Muniesa,es  ESP,DF,Girona,25,1992,13,1125,87,32.9,12.5,13,,11,0,,13,1.21,15,17,-2,-0.16,+0.11,17.2,12.4,+4.8,+0.38,+0.49
383,Ezequiel Muñoz,ar  ARG,DF,Leganés,26,1990,19,1406,74,41.1,15.6,17,,14,2,,3,1.05,11,26,-15,-0.96,-0.87,14.0,21.4,-7.4,-0.48,-0.51
384,Sulley Muntari,gh  GHA,MF,La Coruña,32,1984,8,402,50,11.8,4.5,6,,0,2,,2,0.75,3,9,-6,-1.34,-0.39,5.7,5.5,+0.2,+0.05,+0.31
385,Luis Muriel,co  COL,FW,Sevilla,26,1991,29,1610,56,47.1,17.9,17,,9,12,,7,1.24,25,31,-6,-0.34,-0.19,26.3,30.6,-4.3,-0.24,-0.52
386,Jeison Murillo,co  COL,DF,Valencia,25,1992,17,1374,81,40.2,15.3,15,,13,2,,7,2.35,33,10,+23,+1.51,+1.33,22.2,20.1,+2.2,+0.14,-0.25
387,Fahad Al Muwallad,sa  KSA,MF,Levante,22,1994,0,,,,,0,,0,0,,2,,,,,,,0.2,0.3,-0.1,-0.24,+0.24
388,Fahad Al-Muwallad,sa  KSA,"FW,MF",Levante,20,1996,2,29,15,0.8,0.3,0,,,2,,0,,,,,,,,,,,
389,Alfred N'Diaye,sn  SEN,"DF,MF",Villarreal,27,1990,2,102,51,3.0,1.1,1,,1,1,,0,0.00,0,4,-4,-3.53,-3.83,0.3,3.9,-3.7,-3.32,-3.34
390,Nacho,es  ESP,DF,Real Madrid,27,1990,27,2075,77,60.7,23.1,22,,20,5,,6,2.07,66,27,+39,+1.69,+0.96,52.9,27.8,+25.2,+1.09,+0.23
391,Matías Nahuel,es  ESP,"FW,MF",Betis,20,1996,7,252,36,7.4,2.8,3,,0,4,,6,0.86,1,7,-6,-2.14,-2.28,1.5,3.4,-1.9,-0.69,-0.48
392,Naldo,br  BRA,DF,Espanyol,28,1988,11,920,84,26.9,10.2,10,,9,1,,18,1.45,13,9,+4,+0.39,+0.75,13.6,14.2,-0.6,-0.06,+0.09
393,Nano,es  ESP,FW,Levante,22,1995,9,282,31,8.2,3.1,2,,0,7,,3,0.44,0,4,-4,-1.28,-0.99,3.4,5.2,-1.8,-0.59,-0.12
394,Naranjo,es  ESP,"FW,MF",Leganés,23,1994,16,567,35,16.6,6.3,6,,0,10,,11,0.88,5,7,-2,-0.32,+0.16,3.5,6.6,-3.1,-0.50,-0.38
395,Juanjo Narváez,co  COL,MF,Betis,22,1995,7,303,43,8.9,3.4,4,,1,3,,6,1.00,3,10,-7,-2.08,-2.25,4.2,4.8,-0.6,-0.18,+0.08
396,Fernando Navarro,es  ESP,DF,La Coruña,35,1982,15,1049,70,30.7,11.7,11,,11,4,,21,1.00,14,28,-14,-1.20,-0.29,14.3,17.7,-3.5,-0.30,-0.10
397,Marc Navarro,es  ESP,DF,Espanyol,22,1995,19,1110,58,32.5,12.3,10,,7,9,,8,0.89,11,16,-5,-0.41,-0.37,13.0,13.6,-0.6,-0.05,+0.12
398,Rafa Navarro,es  ESP,DF,Betis,23,1994,3,135,45,3.9,1.5,1,,0,2,,14,1.33,3,2,+1,+0.67,+0.72,2.8,1.7,+1.1,+0.76,+1.06
399,Ximo Navarro,es  ESP,DF,Las Palmas,27,1990,31,2610,84,76.3,29.0,29,,28,2,,4,0.68,14,49,-35,-1.21,+0.46,25.8,51.6,-25.8,-0.89,-0.73
400,Jesús Navas,es  ESP,"FW,DF",Sevilla,31,1985,26,1765,68,51.6,19.6,20,,16,6,,2,1.38,21,28,-7,-0.36,-0.25,29.7,27.8,+2.0,+0.10,+0.14
401,Keylor Navas,cr  CRC,GK,Real Madrid,30,1986,27,2430,90,71.1,27.0,27,,27,0,,2,2.04,72,31,+41,+1.52,+0.70,64.0,32.3,+31.8,+1.18,+0.61
402,Raúl Navas,es  ESP,DF,Real Sociedad,29,1988,20,1790,90,52.3,19.9,20,,19,0,,4,1.60,44,30,+14,+0.70,+1.09,30.5,24.1,+6.4,+0.32,+0.24
403,Merveille Ndockyt,cg  CGO,MF,Getafe,19,1998,6,71,12,2.1,0.8,0,,0,6,,5,1.67,1,1,0,0.00,-0.24,1.0,1.3,-0.3,-0.40,-0.66
404,Neto,br  BRA,GK,Valencia,28,1989,33,2970,90,86.8,33.0,33,,33,0,,5,1.85,57,33,+24,+0.73,+0.13,50.4,40.1,+10.3,+0.31,+0.14
405,Saúl Ñíguez,es  ESP,MF,Atlético Madrid,22,1994,36,3155,88,92.3,35.1,35,,33,1,,0,2.03,54,22,+32,+0.91,-0.45,42.6,34.5,+8.1,+0.23,-0.68
406,Nolito,es  ESP,"FW,MF",Sevilla,30,1986,30,1599,53,46.8,17.8,17,,5,13,,3,1.30,27,33,-6,-0.34,-0.19,25.3,24.9,+0.4,+0.02,-0.02
407,Unai Núñez,es  ESP,DF,Athletic Club,20,1997,32,2850,89,83.3,31.7,32,,32,0,,1,1.09,35,42,-7,-0.22,-0.06,40.2,41.8,-1.6,-0.05,0.00
408,Steven Nzonzi,fr  FRA,MF,Sevilla,28,1988,27,2216,82,64.8,24.6,26,,23,1,,2,1.63,38,40,-2,-0.08,+0.44,40.4,34.2,+6.2,+0.25,+0.62
409,Jan Oblak,si  SVN,GK,Atlético Madrid,24,1993,37,3330,90,97.4,37.0,37,,37,0,,0,2.05,57,22,+35,+0.95,-0.05,45.2,36.2,+9.0,+0.24,-1.53
410,Álvaro Odriozola,es  ESP,DF,Real Sociedad,21,1995,35,2920,83,85.4,32.4,32,,29,3,,1,1.14,54,56,-2,-0.06,-1.68,46.1,41.8,+4.3,+0.13,-0.50
411,Oier Olazábal,es  ESP,GK,Levante,27,1989,26,2340,90,68.4,26.0,26,,26,0,,10,1.31,30,39,-9,-0.35,+0.07,30.3,40.5,-10.2,-0.39,+0.27
412,Paulo Oliveira,pt  POR,DF,Eibar,25,1992,26,2212,85,64.7,24.6,25,,23,1,,7,1.50,31,33,-2,-0.08,+0.22,26.9,25.3,+1.6,+0.06,+0.51
413,Mathías Olivera,uy  URU,"FW,MF",Getafe,19,1997,3,105,35,3.1,1.2,1,,1,2,,3,2.33,1,0,+1,+0.86,+0.64,0.5,1.2,-0.7,-0.63,-0.91
414,Michael Olunga,ke  KEN,FW,Girona,23,1994,14,439,31,12.8,4.9,4,,1,10,,12,1.29,9,6,+3,+0.62,+0.98,8.3,6.3,+2.0,+0.43,+0.43
415,Javier Ontiveros,es  ESP,"MF,FW",Málaga,19,1997,12,398,33,11.6,4.4,1,,1,11,,2,0.83,3,6,-3,-0.68,+0.33,5.5,7.5,-2.0,-0.47,+0.04
416,Mikel Oyarzabal,es  ESP,"FW,MF",Real Sociedad,20,1997,35,2767,79,80.9,30.7,31,,19,4,,0,1.31,53,45,+8,+0.26,+0.40,44.6,38.1,+6.5,+0.21,+0.02
417,Daniel Pacheco,es  ESP,"MF,FW",Getafe,26,1991,11,186,17,5.4,2.1,0,,0,11,,5,0.91,3,2,+1,+0.48,+0.26,5.1,2.6,+2.5,+1.37,+1.17
418,Fernando Pacheco,es  ESP,GK,Alavés,25,1992,38,3360,88,98.2,37.3,37,,37,1,,0,1.24,40,50,-10,-0.27,-0.27,38.8,52.7,-13.9,-0.37,+0.35
419,Diego Pampín,es  ESP,DF,Celta Vigo,17,2000,0,,,,,0,,0,0,,1,,,,,,,,,,,
420,Costel Pantilimon,ro  ROU,GK,La Coruña,30,1987,6,540,90,15.8,6.0,6,,6,0,,8,1.50,8,9,-1,-0.17,+0.99,8.1,8.1,0.0,-0.01,+0.26
421,Rubén Pardo,es  ESP,MF,Real Sociedad,24,1992,6,222,37,6.5,2.5,3,,0,3,,10,2.00,5,5,0,0.00,-0.20,3.1,3.5,-0.4,-0.15,-0.38
422,Nicolás Pareja,ar  ARG,DF,Sevilla,33,1984,5,405,81,11.8,4.5,5,,4,0,,7,2.40,6,7,-1,-0.22,+0.02,7.3,6.5,+0.8,+0.17,+0.15
423,Daniel Parejo,es  ESP,MF,Valencia,28,1989,34,2998,88,87.7,33.3,34,,30,0,,0,1.94,58,33,+25,+0.75,+0.32,49.0,38.1,+10.8,+0.32,+0.26
424,Thomas Partey,gh  GHA,"MF,DF",Atlético Madrid,24,1993,33,2373,72,69.4,26.4,28,,18,5,,2,2.06,35,13,+22,+0.83,-0.37,33.1,26.3,+6.8,+0.26,-0.09
425,Víctor Pastrana,es  ESP,MF,Celta Vigo,20,1996,0,,,,,0,,0,0,,1,,,,,,,,,,,
426,Paulinho,br  BRA,MF,Barcelona,29,1988,34,1948,57,57.0,21.6,21,,13,13,,2,2.47,55,16,+39,+1.80,-0.09,47.2,25.3,+21.9,+1.02,+0.09
427,Gabriel Paulista,br  BRA,DF,Valencia,26,1990,30,2586,86,75.6,28.7,29,,28,1,,3,1.97,49,27,+22,+0.77,+0.23,42.2,30.0,+12.2,+0.43,+0.54
428,Giampaolo Pazzini,it  ITA,FW,Levante,32,1984,9,446,50,13.0,5.0,5,,2,4,,4,1.22,6,11,-5,-1.01,-0.74,4.8,9.0,-4.1,-0.84,-0.42
429,Alfonso Pedraza,es  ESP,"MF,DF",Alavés,21,1996,33,2440,74,71.3,27.1,27,,20,6,,2,1.24,27,38,-11,-0.41,-0.50,29.2,40.1,-10.9,-0.40,-0.08
430,Rubén Peña,es  ESP,"DF,FW",Eibar,26,1991,28,1733,62,50.7,19.3,18,,12,10,,10,1.50,20,23,-3,-0.16,0.00,18.3,21.7,-3.4,-0.18,-0.13
431,Gabriel Peñalba,ar  ARG,MF,Las Palmas,32,1984,7,570,81,16.7,6.3,7,,5,0,,0,1.00,4,13,-9,-1.42,-0.13,5.1,12.0,-7.0,-1.09,-0.45
432,Adalberto Peñaranda,ve  VEN,"FW,MF",Málaga,20,1997,13,798,61,23.3,8.9,11,,3,2,,0,0.77,7,16,-9,-1.02,-0.05,9.0,12.4,-3.4,-0.38,+0.17
433,Andreas Pereira,br  BRA,"MF,FW",Valencia,21,1996,23,1083,47,31.7,12.0,12,,3,11,,3,1.74,22,16,+6,+0.50,-0.31,19.0,13.1,+5.9,+0.49,+0.29
434,Lucas Pérez,es  ESP,FW,La Coruña,28,1988,35,2797,80,81.8,31.1,31,,28,4,,0,0.77,32,63,-31,-1.00,+0.01,41.6,47.7,-6.1,-0.20,+0.17
435,Rubén Pérez,es  ESP,MF,Leganés,28,1989,31,2513,81,73.5,27.9,29,,23,2,,2,1.29,27,30,-3,-0.11,+1.28,32.1,30.6,+1.5,+0.05,+0.87
436,Pablo Piatti,ar  ARG,"MF,FW",Espanyol,28,1989,30,1733,58,50.7,19.3,22,,4,8,,0,1.33,16,20,-4,-0.21,-0.10,23.3,25.4,-2.1,-0.11,+0.04
437,Tomás Pina Isla,es  ESP,MF,Alavés,29,1987,30,2384,79,69.7,26.5,28,,20,2,,5,1.37,29,32,-3,-0.11,+0.49,25.3,35.7,-10.4,-0.39,-0.05
438,Ían Pino,es  ESP,DF,Málaga,21,1996,0,,,,,0,,0,0,,4,,,,,,,,,,,
439,Gerard Piqué,es  ESP,DF,Barcelona,30,1987,30,2631,88,76.9,29.2,29,,27,1,,6,2.57,81,23,+58,+1.98,+0.62,65.0,30.0,+35.1,+1.20,+0.96
440,Guido Pizarro,ar  ARG,MF,Sevilla,27,1990,24,1755,73,51.3,19.5,19,,17,5,,9,1.71,21,26,-5,-0.26,-0.04,26.8,30.5,-3.7,-0.19,-0.46
441,Carles Planas,es  ESP,"DF,MF",Girona,26,1991,5,193,39,5.6,2.1,2,,1,3,,10,1.40,2,4,-2,-0.93,-0.74,3.4,2.4,+1.0,+0.46,+0.43
442,Pere Pons,es  ESP,MF,Girona,24,1993,31,2555,82,74.7,28.4,30,,24,1,,0,,,,,,,36.9,33.8,+3.0,+0.11,+0.21
443,Francisco Portillo,es  ESP,"MF,FW",Getafe,27,1990,33,2449,74,71.6,27.2,28,,15,5,,4,1.36,31,23,+8,+0.29,+0.20,35.1,26.0,+9.1,+0.33,+0.28
444,Portu,es  ESP,"FW,MF",Girona,25,1992,37,2981,81,87.2,33.1,35,,16,2,,0,1.38,49,51,-2,-0.06,+1.37,42.9,40.4,+2.5,+0.08,+0.19
445,Sergio Postigo,es  ESP,DF,Levante,28,1988,30,2424,81,70.9,26.9,27,,24,3,,3,1.27,32,39,-7,-0.26,+0.37,31.1,40.8,-9.7,-0.36,+0.40
446,Darío Poveda,es  ESP,FW,Villarreal,20,1997,1,3,3,0.1,0.0,0,,0,1,,0,0.00,0,0,0,0.00,-0.18,0.0,0.0,0.0,+3.18,+3.27
447,Alejandro Pozo Pozo,es  ESP,"DF,MF",Sevilla,18,1999,0,,,,,0,,0,0,,1,,,,,,,,,,,
448,Andrés Prieto,es  ESP,GK,Málaga,23,1993,4,360,90,10.5,4.0,4,,4,0,,32,0.00,1,10,-9,-2.25,-1.43,4.3,8.0,-3.7,-0.92,-0.46
449,Xabi Prieto,es  ESP,MF,Real Sociedad,33,1983,25,1914,77,56.0,21.3,24,,11,1,,0,1.23,41,41,0,0.00,-0.42,32.1,27.5,+4.6,+0.21,+0.01
450,Luismi Quezada,do  DOM,DF,Real Madrid,21,1996,0,,,,,0,,0,0,,1,,,,,,,,,,,
451,Dani Raba,es  ESP,"MF,FW",Villarreal,21,1995,21,1110,53,32.5,12.3,14,,2,7,,3,1.76,13,9,+4,+0.32,+0.21,16.4,17.6,-1.2,-0.10,-0.02
452,Nemanja Radoja,rs  SRB,MF,Celta Vigo,24,1993,26,1111,43,32.5,12.3,11,,4,15,,4,1.46,16,24,-8,-0.65,-0.92,19.9,15.7,+4.2,+0.34,+0.49
453,Ivan Rakitić,hr  CRO,MF,Barcelona,29,1988,35,2831,81,82.8,31.5,31,,24,4,,1,2.51,82,22,+60,+1.91,+0.38,66.1,30.2,+35.9,+1.14,+0.94
454,Jonás Ramalho,es  ESP,DF,Girona,24,1993,26,2299,88,67.2,25.5,25,,25,1,,9,1.31,35,42,-7,-0.27,-0.11,30.2,32.3,-2.1,-0.08,-0.41
455,Benito Ramírez,es  ESP,"FW,MF",Las Palmas,22,1995,4,167,42,4.9,1.9,1,,1,3,,3,0.00,1,6,-5,-2.69,-1.45,2.4,4.0,-1.6,-0.87,-0.16
456,Sandro Ramírez,es  ESP,"FW,MF",Sevilla,22,1995,13,721,55,21.1,8.0,7,,3,6,,2,1.38,10,17,-7,-0.87,-0.81,13.7,11.8,+1.9,+0.24,+0.26
457,Toño Ramírez,es  ESP,GK,Real Sociedad,30,1986,4,317,79,9.3,3.5,3,,3,1,,29,1.50,7,6,+1,+0.28,+0.11,6.3,4.2,+2.1,+0.60,+0.44
458,Iván Ramis,es  ESP,DF,Eibar,32,1984,16,1302,81,38.1,14.5,15,,12,1,,4,1.00,12,14,-2,-0.14,+0.03,14.7,16.2,-1.5,-0.10,+0.02
459,Omar Ramos,es  ESP,"FW,MF",Leganés,29,1988,23,1421,62,41.5,15.8,18,,4,5,,0,1.22,15,24,-9,-0.57,-0.21,18.1,19.9,-1.8,-0.11,+0.12
460,Sergio Ramos,es  ESP,DF,Real Madrid,31,1986,26,2290,88,67.0,25.4,26,,23,0,,0,1.81,50,31,+19,+0.75,-1.72,48.9,29.3,+19.6,+0.77,-0.70
461,Rebollo,es  ESP,GK,Betis,17,1999,0,,,,,0,,0,0,,4,,,,,,,,,,,
462,Recio,es  ESP,MF,Málaga,26,1991,22,1835,83,53.7,20.4,21,,16,1,,0,0.50,12,30,-18,-0.88,+0.20,17.2,28.0,-10.8,-0.53,-0.04
463,Alberto Redondo,es  ESP,DF,Getafe,20,1997,1,90,90,2.6,1.0,1,,1,0,,1,3.00,1,0,+1,+1.00,+0.78,1.3,1.4,-0.1,-0.14,-0.41
464,Redru,es  ESP,DF,Betis,20,1997,0,,,,,0,,0,0,,1,,,,,,,,,,,
465,Xesc Regis,es  ESP,FW,Eibar,20,1996,0,,,,,0,,0,0,,2,,,,,,,0.0,0.0,0.0,,
466,Federico Ricca,uy  URU,DF,Málaga,22,1994,14,1107,79,32.4,12.3,13,,10,1,,2,0.21,4,22,-18,-1.46,-0.72,8.0,16.4,-8.4,-0.68,-0.25
467,Diego Rico,es  ESP,DF,Leganés,24,1993,26,2228,86,65.1,24.8,26,,24,0,,7,1.12,16,32,-16,-0.65,-0.57,26.9,27.8,-0.9,-0.04,+0.40
468,Mikel Rico,es  ESP,MF,Athletic Club,32,1984,17,1173,69,34.3,13.0,13,,11,4,,6,1.35,15,10,+5,+0.38,+0.90,17.1,15.2,+2.0,+0.15,+0.30
469,Sergio Rico,es  ESP,GK,Sevilla,23,1993,24,2157,90,63.1,24.0,23,,23,1,,14,1.42,29,39,-10,-0.42,-0.49,36.0,35.0,+1.0,+0.04,+0.03
470,Asier Riesgo,es  ESP,GK,Eibar,33,1983,1,90,90,2.6,1.0,1,,1,0,,28,3.00,4,1,+3,+3.00,+3.24,1.7,2.1,-0.4,-0.40,-0.29
471,Cristian Rivera,es  ESP,MF,Eibar,20,1997,7,247,35,7.2,2.7,2,,2,5,,5,0.43,1,9,-8,-2.91,-2.97,2.1,4.8,-2.7,-1.02,-0.98
472,Rober,es  ESP,"DF,MF",Levante,22,1995,25,1912,76,55.9,21.2,19,,18,6,,7,1.28,26,34,-8,-0.38,-0.02,26.2,35.2,-9.0,-0.42,+0.12
473,Roberto,es  ESP,GK,Málaga,31,1986,34,3060,90,89.5,34.0,34,,34,0,,3,0.59,23,51,-28,-0.82,+1.43,29.1,44.7,-15.7,-0.46,+0.46
474,Sergi Roberto,es  ESP,DF,Barcelona,25,1992,30,2221,74,64.9,24.7,24,,17,6,,0,2.47,58,12,+46,+1.86,+0.06,51.2,23.0,+28.2,+1.14,+0.47
475,Álex Robles,es  ESP,DF,Málaga,18,1999,1,90,90,2.6,1.0,1,,1,0,,1,0.00,0,1,-1,-1.00,-0.03,0.8,1.3,-0.6,-0.57,-0.06
476,Marc Roca,es  ESP,MF,Espanyol,20,1996,8,269,34,7.9,3.0,2,,1,6,,17,2.13,6,3,+3,+1.00,+1.26,5.7,4.4,+1.3,+0.45,+0.63
477,Leonardo Rocha,pt  POR,FW,Leganés,20,1997,0,,,,,0,,0,0,,2,,,,,,,,,,,
478,Rubén Rochina,es  ESP,MF,Levante,26,1991,5,154,31,4.5,1.7,1,,0,4,,3,1.50,4,5,-1,-0.58,-0.23,2.0,4.9,-2.9,-1.76,-1.34
479,Rodri,es  ESP,MF,Villarreal,21,1996,37,3227,87,94.4,35.9,36,,34,1,,0,1.65,54,45,+9,+0.25,+1.18,48.3,50.8,-2.4,-0.07,+0.31
480,Rodrigo,es  ESP,FW,Valencia,26,1991,37,2670,72,78.1,29.7,31,,13,6,,0,1.89,47,24,+23,+0.78,+0.30,43.6,33.4,+10.2,+0.34,+0.23
481,Kévin Rodrigues,pt  POR,DF,Real Sociedad,23,1994,20,1638,82,47.9,18.2,18,,18,2,,9,1.40,39,31,+8,+0.44,+0.49,31.1,21.4,+9.6,+0.53,+0.62
482,Óscar Rodríguez Arnaiz,es  ESP,MF,Real Madrid,19,1998,0,,,,,0,,0,0,,3,,,,,,,,,,,
483,Ángel Rodríguez,es  ESP,FW,Getafe,30,1987,33,2288,69,66.9,25.4,26,,13,7,,3,1.45,32,14,+18,+0.71,+1.42,34.2,23.0,+11.2,+0.44,+0.56
484,Iván Rodríguez,es  ESP,DF,Málaga,21,1996,1,21,21,0.6,0.2,0,,0,1,,3,0.00,1,0,+1,+4.29,+5.29,0.7,0.5,+0.2,+1.09,+1.61
485,Diego Rolán,uy  URU,"FW,MF",Málaga,24,1993,26,1947,75,56.9,21.6,21,,17,5,,0,0.35,14,42,-28,-1.29,-0.74,19.7,35.6,-15.9,-0.74,-0.53
486,Esteban Rolón,ar  ARG,MF,Málaga,22,1995,8,415,52,12.1,4.6,6,,1,2,,13,0.88,1,12,-11,-2.39,-1.61,2.8,9.6,-6.8,-1.46,-1.08
487,Óscar Romero,py  PAR,"MF,FW",Alavés,25,1992,5,253,51,7.4,2.8,2,,2,3,,2,0.00,0,4,-4,-1.42,-1.25,1.5,5.7,-4.2,-1.53,-1.24
488,Cristiano Ronaldo,pt  POR,FW,Real Madrid,32,1985,27,2288,85,66.9,25.4,27,,19,0,,0,1.96,64,29,+35,+1.38,+0.18,57.0,28.4,+28.6,+1.12,+0.37
489,Facundo Roncaglia,ar  ARG,DF,Celta Vigo,30,1987,21,1511,72,44.2,16.8,17,,14,4,,9,1.38,26,29,-3,-0.18,-0.27,26.7,19.2,+7.4,+0.45,+0.78
490,Roberto Rosales,ve  VEN,DF,Málaga,28,1988,35,3122,89,91.3,34.7,35,,33,0,,1,0.57,24,53,-29,-0.84,+1.58,30.9,45.2,-14.3,-0.41,+1.11
491,Rubén,es  ESP,GK,La Coruña,33,1984,28,2480,89,72.5,27.6,27,,27,1,,0,0.68,25,58,-33,-1.20,-0.72,34.8,43.2,-8.4,-0.30,-0.29
492,Aitor Ruibal,es  ESP,FW,Betis,21,1996,2,10,5,0.3,0.1,0,,0,2,,2,1.50,0,0,0,0.00,+0.03,0.0,0.1,0.0,-0.50,-0.25
493,Fabián Ruiz Peña,es  ESP,MF,Betis,21,1996,34,2656,78,77.7,29.5,30,,23,4,,2,1.59,48,45,+3,+0.10,+0.57,32.7,40.3,-7.6,-0.26,-0.04
494,Víctor Ruiz,es  ESP,DF,Villarreal,28,1989,27,2416,89,70.6,26.8,27,,26,0,,8,1.78,46,29,+17,+0.63,+1.53,39.4,35.6,+3.7,+0.14,+0.76
495,Antonio Rukavina,rs  SRB,DF,Villarreal,33,1984,17,1275,75,37.3,14.2,14,,13,3,,18,1.76,22,17,+5,+0.35,+0.27,19.3,22.1,-2.7,-0.19,-0.17
496,Gerónimo Rulli,ar  ARG,GK,Real Sociedad,25,1992,26,2340,90,68.4,26.0,26,,26,0,,4,1.35,50,45,+5,+0.19,+0.03,39.7,33.0,+6.7,+0.26,+0.16
497,Enric Saborit,es  ESP,DF,Athletic Club,25,1992,19,1433,75,41.9,15.9,16,,12,3,,3,1.42,12,15,-3,-0.19,+0.04,16.4,18.0,-1.6,-0.10,-0.09
498,Mujaid Sadick,es  ESP,DF,La Coruña,17,2000,2,107,54,3.1,1.2,1,,1,1,,0,0.00,2,3,-1,-0.84,+0.16,1.8,2.3,-0.5,-0.45,-0.23
499,Armando Sadiku,al  ALB,FW,Levante,26,1991,6,268,45,7.8,3.0,4,,0,2,,3,0.83,3,5,-2,-0.67,-0.33,3.2,6.6,-3.4,-1.15,-0.73
500,Sergi Samper,es  ESP,MF,Las Palmas,22,1995,2,142,71,4.2,1.6,2,,0,0,,4,0.00,2,3,-1,-0.63,+0.71,1.6,2.1,-0.5,-0.32,+0.41
501,Jairo Samperio,es  ESP,"FW,DF",Las Palmas,24,1993,11,555,50,16.2,6.2,6,,0,5,,4,0.45,3,18,-15,-2.43,-1.33,7.1,15.6,-8.5,-1.38,-0.79
502,Víctor San Bartolomé,es  ESP,MF,Athletic Club,17,1999,0,,,,,0,,0,0,,1,,,,,,,,,,,
503,Mikel San José,es  ESP,MF,Athletic Club,28,1989,26,2153,83,63.0,23.9,24,,20,2,,7,1.00,24,36,-12,-0.50,-0.79,25.8,30.1,-4.3,-0.18,-0.35
504,Antonio Sanabria,py  PAR,FW,Betis,21,1996,17,854,50,25.0,9.5,8,,5,9,,2,1.59,22,17,+5,+0.53,+0.74,11.6,12.7,-1.1,-0.12,+0.17
505,Carlos Sánchez,co  COL,MF,Espanyol,31,1986,14,1122,80,32.8,12.5,13,,11,1,,2,1.43,14,11,+3,+0.24,+0.59,14.4,14.2,+0.2,+0.01,+0.21
506,Sergio Sánchez,es  ESP,DF,Espanyol,31,1986,2,102,51,3.0,1.1,1,,0,1,,10,0.50,0,1,-1,-0.88,-0.75,1.6,1.9,-0.3,-0.26,-0.14
507,Víctor Sánchez,es  ESP,"DF,MF",Espanyol,29,1987,30,2452,82,71.7,27.2,29,,22,1,,2,1.37,28,31,-3,-0.11,+0.17,27.5,32.2,-4.7,-0.17,-0.17
508,Arona Sané,sn  SEN,MF,Atlético Madrid,22,1995,1,66,66,1.9,0.7,0,,0,1,,1,0.00,0,2,-2,-2.73,-3.75,0.6,0.9,-0.3,-0.39,-0.68
509,Nicola Sansone,it  ITA,"FW,MF",Villarreal,25,1991,18,649,36,19.0,7.2,5,,1,13,,6,1.78,17,11,+6,+0.83,+0.80,11.1,8.5,+2.6,+0.37,+0.56
510,Christian Santos,ve  VEN,FW,Alavés,29,1988,10,438,44,12.8,4.9,5,,3,5,,3,1.20,3,8,-5,-1.03,-0.88,5.1,6.9,-1.8,-0.37,+0.01
511,Pablo Sarabia,es  ESP,"FW,MF",Sevilla,25,1992,34,2394,70,70.0,26.6,27,,15,7,,1,1.50,36,35,+1,+0.04,+0.91,40.2,35.9,+4.3,+0.16,+0.43
512,Imanol Sarriegi,es  ESP,"MF,FW",Eibar,22,1995,3,43,14,1.3,0.5,0,,0,3,,2,2.00,1,1,0,0.00,+0.16,0.1,0.4,-0.3,-0.64,-0.53
513,Stefan Savić,me  MNE,DF,Atlético Madrid,26,1991,27,2299,85,67.2,25.5,26,,25,1,,4,1.93,31,15,+16,+0.63,-0.98,29.9,26.7,+3.2,+0.12,-0.49
514,Fabian Schär,ch  SUI,DF,La Coruña,25,1991,25,2219,89,64.9,24.7,25,,24,0,,8,0.88,27,56,-29,-1.18,-0.50,32.1,43.5,-11.4,-0.46,-0.67
515,Nélson Semedo,pt  POR,DF,Barcelona,23,1993,24,1500,63,43.9,16.7,17,,11,7,,6,2.46,56,19,+37,+2.22,+0.67,35.5,19.8,+15.6,+0.94,-0.06
516,Rúben Semedo,pt  POR,"DF,MF",Villarreal,23,1994,4,229,57,6.7,2.5,3,,2,1,,3,0.75,0,7,-7,-2.75,-3.15,1.3,5.6,-4.3,-1.67,-1.70
517,Gaku Shibasaki,jp  JPN,"MF,FW",Getafe,25,1992,22,994,45,29.1,11.0,12,,1,10,,6,1.23,8,7,+1,+0.09,-0.21,12.8,10.5,+2.3,+0.21,-0.07
518,Sidnei,br  BRA,DF,La Coruña,27,1989,21,1778,85,52.0,19.8,21,,19,0,,3,0.86,21,34,-13,-0.66,+0.71,24.9,26.6,-1.7,-0.09,+0.29
519,Jaime Sierra Mateos,es  ESP,"FW,MF",Leganés,19,1998,2,29,15,0.8,0.3,0,,0,2,,1,1.50,2,1,+1,+3.10,+3.58,0.3,0.7,-0.4,-1.43,-1.27
520,David Simón,es  ESP,DF,Las Palmas,28,1988,11,723,66,21.1,8.0,6,,5,5,,8,0.36,3,19,-16,-1.99,-0.86,9.2,11.6,-2.4,-0.30,+0.53
521,Unai Simón,es  ESP,GK,Athletic Club,20,1997,0,,,,,0,,0,0,,7,,,,,,,,,,,
522,Dimitris Siovas,gr  GRE,DF,Leganés,28,1988,24,2051,85,60.0,22.8,24,,19,0,,3,1.08,18,27,-9,-0.39,+0.13,24.4,26.0,-1.7,-0.07,+0.26
523,Pione Sisto,dk  DEN,"FW,MF",Celta Vigo,22,1995,34,2500,74,73.1,27.8,31,,10,3,,3,1.35,47,38,+9,+0.32,+1.30,36.9,39.1,-2.2,-0.08,-0.33
524,Antonio Sivera,es  ESP,GK,Alavés,20,1996,1,60,60,1.8,0.7,1,,0,0,,34,0.00,0,0,0,0.00,+0.27,0.0,0.5,-0.5,-0.72,-0.35
525,Rubén Sobrino,es  ESP,"FW,MF",Alavés,25,1992,28,1474,53,43.1,16.4,15,,9,13,,2,1.04,15,25,-10,-0.61,-0.61,13.9,28.4,-14.5,-0.90,-0.90
526,Enrique Sola,es  ESP,FW,Athletic Club,31,1986,0,,,,,0,,0,0,,1,,,,,,,,,,,
527,Carlos Soler,es  ESP,"MF,FW",Valencia,20,1997,33,2357,71,68.9,26.2,27,,11,6,,0,2.03,47,21,+26,+0.99,+0.91,39.1,27.0,+12.1,+0.46,+0.54
528,Kévin Soni,cm  CMR,MF,Girona,19,1998,2,20,10,0.6,0.2,0,,0,2,,0,0.00,0,2,-2,-9.00,-8.81,0.0,0.8,-0.7,-3.94,-4.01
529,David Soria,es  ESP,GK,Sevilla,24,1993,15,1263,84,36.9,14.0,15,,14,0,,21,1.67,20,19,+1,+0.07,+0.49,20.5,20.3,+0.2,+0.02,-0.03
530,Juan Soriano,es  ESP,GK,Sevilla,19,1997,0,,,,,0,,0,0,,2,,,,,,,,,,,
531,Roberto Soriano,it  ITA,"MF,FW",Villarreal,26,1991,22,1140,52,33.3,12.7,11,,4,11,,2,1.50,13,18,-5,-0.39,-0.87,15.4,21.7,-6.2,-0.50,-0.61
532,Daniel Sotres,es  ESP,GK,Celta Vigo,24,1993,0,,,,,0,,0,0,,1,,,,,,,,,,,
533,Cristhian Stuani,uy  URU,FW,Girona,30,1986,33,2688,81,78.6,29.9,32,,18,1,,3,1.42,36,44,-8,-0.27,-0.14,36.2,33.9,+2.3,+0.07,+0.11
534,Damián Suárez,uy  URU,DF,Getafe,29,1988,33,2879,87,84.2,32.0,33,,31,0,,0,1.42,36,27,+9,+0.28,+0.28,38.6,29.2,+9.4,+0.29,+0.26
535,Denis Suárez,es  ESP,"MF,FW",Barcelona,23,1994,18,602,33,17.6,6.7,4,,3,14,,9,2.39,23,5,+18,+2.69,+1.03,16.2,9.3,+6.9,+1.07,+0.11
536,Leonardo Suárez,ar  ARG,MF,Villarreal,21,1996,1,30,30,0.9,0.3,0,,0,1,,1,0.00,0,1,-1,-3.00,-3.21,0.1,1.1,-1.0,-3.23,-3.17
537,Luis Suárez,uy  URU,FW,Barcelona,30,1987,33,2897,88,84.7,32.2,32,,28,1,,2,2.42,82,25,+57,+1.77,-0.47,65.7,34.2,+31.6,+0.98,+0.01
538,Isaac Success,ng  NGA,"MF,FW",Málaga,21,1996,9,490,54,14.3,5.4,7,,1,2,,3,0.44,4,10,-6,-1.10,-0.15,5.4,8.0,-2.6,-0.47,+0.05
539,Markel Susaeta,es  ESP,"FW,MF",Athletic Club,29,1987,34,2261,67,66.1,25.1,26,,12,8,,4,1.09,30,34,-4,-0.16,+0.15,31.1,32.2,-1.1,-0.04,+0.02
540,Tana,es  ESP,"MF,FW",Las Palmas,26,1990,24,1543,64,45.1,17.1,16,,8,8,,1,0.67,10,30,-20,-1.17,+0.27,15.9,27.8,-11.9,-0.69,+0.05
541,Oussama Tannane,ma  MAR,"FW,MF",Las Palmas,23,1994,10,549,55,16.1,6.1,7,,3,3,,0,1.00,7,15,-8,-1.31,+0.01,8.4,9.8,-1.4,-0.22,+0.60
542,Álvaro Tejero,es  ESP,DF,Real Madrid,21,1996,0,,,,,0,,0,0,,6,,,,,,,,,,,
543,Cristian Tello,es  ESP,"FW,MF",Betis,25,1991,32,1699,53,49.7,18.9,16,,9,16,,2,1.69,32,31,+1,+0.05,+0.16,19.1,28.6,-9.5,-0.51,-0.51
544,Marc-André ter Stegen,de  GER,GK,Barcelona,25,1992,37,3330,90,97.4,37.0,37,,37,0,,1,2.43,94,28,+66,+1.78,-2.22,75.0,39.9,+35.1,+0.95,-1.16
545,David Timor,es  ESP,"MF,DF",Girona,27,1989,17,930,55,27.2,10.3,10,,7,7,,10,1.71,11,13,-2,-0.19,+0.06,11.9,12.6,-0.7,-0.07,-0.17
546,Tito,es  ESP,DF,Leganés,32,1985,9,613,68,17.9,6.8,6,,6,3,,10,1.00,8,11,-3,-0.44,+0.01,6.5,10.4,-3.9,-0.57,-0.48
547,Hernán Toledo,ar  ARG,"FW,MF",Las Palmas,21,1996,15,629,42,18.4,7.0,6,,4,9,,6,0.60,4,17,-13,-1.86,-0.67,6.7,14.0,-7.3,-1.07,-0.43
548,Toño,es  ESP,DF,Levante,27,1989,12,1080,90,31.6,12.0,12,,12,0,,7,1.08,12,19,-7,-0.58,-0.31,12.5,17.9,-5.4,-0.45,+0.03
549,Daniel Torres,co  COL,MF,Alavés,27,1989,18,1216,68,35.6,13.5,14,,10,4,,17,1.28,13,20,-7,-0.52,-0.40,15.7,20.6,-4.9,-0.36,+0.02
550,Fernando Torres,es  ESP,FW,Atlético Madrid,33,1984,27,996,37,29.1,11.1,7,,4,20,,10,2.04,10,9,+1,+0.09,-1.21,13.4,12.3,+1.1,+0.10,-0.26
551,Ferrán Torres,es  ESP,"MF,FW",Valencia,17,2000,13,320,25,9.4,3.6,2,,0,11,,8,1.85,4,3,+1,+0.28,-0.47,4.1,4.0,+0.1,+0.02,-0.30
552,Miguel Torres,es  ESP,DF,Málaga,31,1986,8,672,84,19.6,7.5,8,,6,0,,6,0.88,7,10,-3,-0.40,+0.71,6.6,9.8,-3.2,-0.43,+0.10
553,Pau Torres,es  ESP,"DF,MF",Villarreal,20,1997,2,53,27,1.5,0.6,0,,0,2,,13,0.00,1,2,-1,-1.70,-1.91,1.0,2.2,-1.3,-2.26,-2.21
554,Alin Toșca,ro  ROU,DF,Betis,25,1992,6,423,71,12.4,4.7,5,,4,1,,9,1.33,4,7,-3,-0.64,-0.70,3.7,5.4,-1.8,-0.38,-0.14
555,Manu Trigueros,es  ESP,MF,Villarreal,25,1991,34,2690,79,78.7,29.9,32,,19,2,,0,1.65,47,38,+9,+0.30,+0.55,41.0,44.8,-3.7,-0.12,-0.19
556,Arda Turan,tr  TUR,"FW,MF",Barcelona,30,1987,0,,,,,0,,0,0,,1,,,,,,,,,,,
557,Przemysław Tytoń,pl  POL,GK,La Coruña,30,1987,2,98,49,2.9,1.1,1,,1,1,,15,0.00,2,4,-2,-1.84,-0.86,1.6,2.0,-0.4,-0.36,-0.14
558,Samuel Umtiti,fr  FRA,DF,Barcelona,23,1993,25,2189,88,64.0,24.3,24,,23,1,,3,2.44,59,17,+42,+1.73,-0.32,45.9,25.8,+20.1,+0.83,-0.42
559,Francis Uzoho,ng  NGA,GK,La Coruña,18,1998,2,180,90,5.3,2.0,2,,2,0,,0,0.50,1,2,-1,-0.50,+0.53,2.2,2.5,-0.4,-0.18,+0.05
560,Gerard Valentín,es  ESP,"DF,FW",La Coruña,24,1993,3,158,53,4.6,1.8,2,,1,1,,5,1.00,3,4,-1,-0.57,+0.45,2.2,2.9,-0.8,-0.43,-0.21
561,Borja Valle,es  ESP,"FW,MF",La Coruña,25,1992,17,497,29,14.5,5.5,3,,2,14,,11,0.82,9,13,-4,-0.72,+0.32,8.5,10.6,-2.1,-0.40,-0.20
562,Jesús Vallejo,es  ESP,DF,Real Madrid,20,1997,7,630,90,18.4,7.0,7,,7,0,,9,2.57,20,7,+13,+1.86,+0.66,19.0,7.8,+11.2,+1.60,+0.73
563,Federico Valverde,uy  URU,"MF,FW",La Coruña,19,1998,24,1232,51,36.0,13.7,12,,6,12,,4,0.88,14,27,-13,-0.95,+0.08,17.1,21.6,-4.5,-0.33,-0.16
564,Raphaël Varane,fr  FRA,DF,Real Madrid,24,1993,27,2320,86,67.8,25.8,27,,25,0,,3,1.85,62,28,+34,+1.32,+0.01,56.4,29.6,+26.8,+1.04,+0.12
565,Álvaro Vázquez,es  ESP,FW,Espanyol,26,1991,0,,,,,0,,0,0,,1,,,,,,,,,,,
566,Franco Vázquez,ar  ARG,MF,Sevilla,28,1989,30,1831,61,53.5,20.3,22,,7,8,,4,1.57,22,33,-11,-0.54,-0.65,30.9,31.0,-0.1,-0.01,-0.09
567,Lucas Vázquez,es  ESP,"MF,FW",Real Madrid,26,1991,33,1688,51,49.4,18.8,16,,13,17,,5,2.06,54,25,+29,+1.55,+0.45,45.4,22.7,+22.7,+1.23,+0.45
568,Koke Vegas,es  ESP,GK,Levante,21,1995,1,90,90,2.6,1.0,1,,1,0,,13,1.50,3,4,-1,-1.00,-0.65,0.4,4.1,-3.7,-3.70,-3.31
569,Carlos Vela,mx  MEX,"FW,MF",Real Sociedad,28,1989,13,393,30,11.5,4.4,2,,1,11,,0,1.46,6,8,-2,-0.46,-0.73,7.7,6.4,+1.3,+0.32,+0.13
570,Thomas Vermaelen,be  BEL,DF,Barcelona,31,1985,14,1018,73,29.8,11.3,12,,10,2,,9,2.21,30,10,+20,+1.77,-0.11,25.9,14.0,+12.0,+1.06,+0.11
571,Verza,es  ESP,MF,Levante,30,1986,0,,,,,0,,0,0,,1,,,,,,,,,,,
572,Mikel Vesga,es  ESP,MF,Athletic Club,24,1993,12,804,67,23.5,8.9,11,,6,1,,14,0.92,10,15,-5,-0.56,-0.46,9.6,11.8,-2.1,-0.24,-0.25
573,Rúben Vezo,pt  POR,DF,Valencia,23,1994,19,1558,82,45.6,17.3,17,,16,2,,8,1.53,19,17,+2,+0.12,-1.09,22.6,19.6,+3.0,+0.17,-0.22
574,Aleix Vidal,es  ESP,"MF,FW",Barcelona,27,1989,15,468,31,13.7,5.2,4,,0,11,,8,2.60,17,2,+15,+2.88,+1.21,13.8,5.0,+8.8,+1.76,+0.90
575,Nacho Vidal,es  ESP,DF,Valencia,22,1995,7,447,64,13.1,5.0,5,,4,2,,14,2.71,15,8,+7,+1.41,+0.80,8.6,7.1,+1.4,+0.29,-0.01
576,Jonathan Viera,es  ESP,MF,Las Palmas,27,1989,23,1993,87,58.3,22.1,23,,22,0,,0,0.78,18,46,-28,-1.26,+0.12,24.0,37.5,-13.6,-0.61,+0.25
577,Carlos Vigaray,es  ESP,"DF,MF",Alavés,22,1994,12,897,75,26.2,10.0,9,,7,3,,1,0.25,4,22,-18,-1.81,-2.09,6.9,16.5,-9.7,-0.98,-0.81
578,Dídac Vilà,es  ESP,"DF,MF",Espanyol,28,1989,14,735,53,21.5,8.2,7,,6,7,,11,1.36,9,10,-1,-0.12,+0.05,11.6,9.8,+1.8,+0.23,+0.45
579,Asier Villalibre,es  ESP,FW,Athletic Club,19,1997,1,90,90,2.6,1.0,1,,,0,,0,,,,,,,,,,,
580,Gonzalo Villar,es  ESP,MF,Valencia,19,1998,0,,,,,0,,0,0,,1,,,,,,,,,,,
581,Daniel Vivian,es  ESP,DF,Athletic Club,18,1999,0,,,,,0,,0,0,,1,,,,,,,,,,,
582,Šime Vrsaljko,hr  CRO,"DF,MF",Atlético Madrid,25,1992,21,1697,81,49.6,18.9,19,,16,2,,5,2.00,28,13,+15,+0.80,-0.30,20.8,13.8,+7.0,+0.37,+0.18
583,Wakaso,gh  GHA,"MF,FW",Alavés,27,1990,21,1099,52,32.1,12.2,12,,5,9,,11,1.33,10,21,-11,-0.90,-0.94,10.2,18.5,-8.3,-0.68,-0.44
584,Daniel Wass,dk  DEN,"MF,FW",Celta Vigo,28,1989,35,2920,83,85.4,32.4,34,,24,1,,0,1.29,54,53,+1,+0.03,+0.39,43.2,46.8,-3.6,-0.11,-0.86
585,Axel Werner,ar  ARG,GK,Atlético Madrid,21,1996,1,90,90,2.6,1.0,1,,1,0,,12,3.00,1,0,+1,+1.00,+0.05,2.6,0.9,+1.8,+1.77,+1.53
586,William,br  BRA,FW,Leganés,18,1999,0,,,,,0,,0,0,,2,,,,,,,,,,,
587,Iñaki Williams,es  ESP,"FW,MF",Athletic Club,23,1994,38,2853,75,83.4,31.7,31,,24,7,,0,1.13,34,41,-7,-0.22,-0.06,38.1,37.4,+0.7,+0.02,+0.42
588,Yoel,es  ESP,GK,Eibar,28,1988,1,90,90,2.6,1.0,1,,1,0,,6,1.00,0,0,0,0.00,+0.16,0.7,0.9,-0.2,-0.23,-0.11
589,Joseba Zaldúa,es  ESP,DF,Leganés,25,1992,30,2556,85,74.7,28.4,29,,25,1,,5,1.33,26,31,-5,-0.18,+1.07,31.7,31.6,+0.1,0.00,+0.71
590,Simone Zaza,it  ITA,FW,Valencia,26,1991,33,2074,63,60.6,23.0,23,,12,10,,2,2.00,44,22,+22,+0.95,+0.62,35.1,26.2,+8.9,+0.39,+0.24
591,Nabil El Zhar,ma  MAR,"FW,MF",Leganés,30,1986,30,2005,67,58.6,22.3,20,,11,10,,1,1.10,20,32,-12,-0.54,-0.22,25.8,28.5,-2.8,-0.13,+0.12
592,Luca Zidane,fr  FRA,GK,Real Madrid,19,1998,1,90,90,2.6,1.0,1,,1,0,,3,1.00,2,2,0,0.00,-1.35,0.9,1.4,-0.5,-0.51,-1.55
593,Igor Zubeldia,es  ESP,MF,Real Sociedad,20,1997,25,1589,64,46.5,17.7,16,,13,9,,10,1.12,28,29,-1,-0.06,-0.45,25.0,23.6,+1.4,+0.08,-0.24
594,Andoni Zubiaurre,es  ESP,GK,Real Sociedad,20,1996,0,,,,,0,,0,0,,2,,,,,,,,,,,
595,David Zurutuza,es  ESP,MF,Real Sociedad,31,1986,31,2236,72,65.4,24.8,26,,15,5,,1,1.35,43,39,+4,+0.16,-0.07,35.2,31.6,+3.5,+0.14,-0.19
