,Player,Nation,Pos,Squad,Age,Born,MP_Playing Time,Starts_Playing Time,Min_Playing Time,90s_Playing Time,Gls_Performance,Ast_Performance,G-PK_Performance,PK_Performance,PKatt_Performance,CrdY_Performance,CrdR_Performance,Gls_Per 90 Minutes,Ast_Per 90 Minutes,G+A_Per 90 Minutes,G-PK_Per 90 Minutes,G+A-PK_Per 90 Minutes,xG_Expected,npxG_Expected,xA_Expected,npxG+xA_Expected,xG_Per 90 Minutes,xA_Per 90 Minutes,xG+xA_Per 90 Minutes,npxG_Per 90 Minutes,npxG+xA_Per 90 Minutes
0,Antonio Adán,es  ESP,GK,Atlético Madrid,32,1987,1,0,25,0.3,0,0,0,0,0,0,0,0.00,0.00,0.00,0.00,0.00,0.0,0.0,0.0,0.0,0.00,0.00,0.00,0.00,0.00
1,Aritz Aduriz,es  ESP,FW,Athletic Club,38,1981,14,0,208,2.3,1,0,1,0,1,3,0,0.43,0.00,0.43,0.43,0.43,1.3,0.6,0.0,0.6,0.58,0.00,0.58,0.25,0.25
2,Lumor Agbenyenu,gh  GHA,DF,Mallorca,22,1996,23,20,1805,20.1,1,0,1,0,0,5,1,0.05,0.00,0.05,0.05,0.05,0.3,0.3,1.9,2.3,0.02,0.10,0.11,0.02,0.11
3,Martin Agirregabiria,es  ESP,DF,Alavés,23,1996,31,23,2099,23.3,1,1,1,0,0,5,1,0.04,0.04,0.09,0.04,0.09,0.9,0.9,1.0,1.9,0.04,0.04,0.08,0.04,0.08
4,Joseph Aidoo,gh  GHA,DF,Celta Vigo,23,1995,32,27,2502,27.8,0,1,0,0,0,4,0,0.00,0.04,0.04,0.00,0.04,0.8,0.8,0.8,1.7,0.03,0.03,0.06,0.03,0.06
5,Jordi Alba,es  ESP,DF,Barcelona,30,1989,27,25,2187,24.3,2,5,2,0,0,7,0,0.08,0.21,0.29,0.08,0.29,1.1,1.1,3.3,4.3,0.04,0.14,0.18,0.04,0.18
6,Raúl Albiol,es  ESP,DF,Villarreal,33,1985,36,36,3237,36.0,1,0,1,0,0,9,0,0.03,0.00,0.03,0.03,0.03,1.4,1.4,0.4,1.7,0.04,0.01,0.05,0.04,0.05
7,Paco Alcácer,es  ESP,FW,Villarreal,25,1993,13,11,924,10.3,4,1,4,0,0,1,0,0.39,0.10,0.49,0.39,0.49,3.2,3.2,1.6,4.7,0.31,0.15,0.46,0.31,0.46
8,Rubén Alcaraz,es  ESP,MF,Valladolid,28,1991,27,20,1927,21.4,2,2,2,0,0,10,0,0.09,0.09,0.19,0.09,0.19,1.6,1.6,0.8,2.5,0.08,0.04,0.11,0.08,0.11
9,Álex Alegría,es  ESP,FW,Mallorca,26,1992,6,0,109,1.2,0,0,0,0,0,0,0,0.00,0.00,0.00,0.00,0.00,0.0,0.0,0.0,0.0,0.00,0.00,0.00,0.00,0.00
10,Yeray Álvarez,es  ESP,DF,Athletic Club,24,1995,32,32,2810,31.2,0,0,0,0,0,2,0,0.00,0.00,0.00,0.00,0.00,1.2,1.2,0.5,1.7,0.04,0.02,0.05,0.04,0.05
11,Ibrahim Amadou,fr  FRA,MF,Leganés,26,1993,10,9,770,8.6,0,0,0,0,0,2,0,0.00,0.00,0.00,0.00,0.00,0.4,0.4,0.0,0.4,0.04,0.00,0.04,0.04,0.04
12,Amath,sn  SEN,MF,Getafe,23,1996,7,0,66,0.7,0,0,0,0,0,0,0,0.00,0.00,0.00,0.00,0.00,0.0,0.0,0.0,0.0,0.00,0.00,0.00,0.00,0.00
13,Miguel Ángel Guerrero,es  ESP,FW,Leganés,29,1990,13,9,790,8.8,1,0,1,0,1,0,0,0.11,0.00,0.11,0.11,0.11,2.4,1.7,0.6,2.2,0.27,0.07,0.34,0.19,0.25
14,Miguel Ángel Moyá,es  ESP,GK,Real Sociedad,35,1984,13,13,1170,13.0,0,0,0,0,0,0,0,0.00,0.00,0.00,0.00,0.00,0.0,0.0,0.0,0.0,0.00,0.00,0.00,0.00,0.00
15,José Ángel,es  ESP,DF,Eibar,29,1989,28,27,2360,26.2,1,1,1,0,0,4,0,0.04,0.04,0.08,0.04,0.08,0.6,0.6,2.4,3.0,0.02,0.09,0.12,0.02,0.12
16,Antoñito,es  ESP,"DF,MF",Valladolid,31,1987,15,11,1029,11.4,0,0,0,0,0,1,0,0.00,0.00,0.00,0.00,0.00,0.1,0.1,1.6,1.6,0.01,0.14,0.14,0.01,0.14
17,Vitorino Antunes,pt  POR,MF,Getafe,32,1987,1,0,6,0.1,0,0,0,0,0,0,0,0.00,0.00,0.00,0.00,0.00,0.0,0.0,0.0,0.0,0.00,0.00,0.00,0.00,0.00
18,Anuar,ma  MAR,"MF,FW",Valladolid,24,1995,11,1,189,2.1,0,0,0,0,0,1,0,0.00,0.00,0.00,0.00,0.00,0.0,0.0,0.0,0.0,0.01,0.00,0.01,0.01,0.01
19,Mauro Arambarri,uy  URU,MF,Getafe,23,1995,35,34,3069,34.1,1,1,1,0,0,11,1,0.03,0.03,0.06,0.03,0.06,2.0,2.0,1.6,3.6,0.06,0.05,0.10,0.06,0.10
20,Néstor Araujo,mx  MEX,DF,Celta Vigo,27,1991,34,32,2888,32.1,1,2,1,0,0,10,0,0.03,0.06,0.09,0.03,0.09,0.8,0.8,0.2,1.1,0.03,0.01,0.03,0.03,0.03
21,Ronald Araújo,uy  URU,DF,Barcelona,20,1999,6,2,238,2.6,0,0,0,0,0,0,1,0.00,0.00,0.00,0.00,0.00,0.2,0.2,0.0,0.2,0.09,0.00,0.09,0.09,0.09
22,Anaitz Arbilla,es  ESP,DF,Eibar,32,1987,24,22,2007,22.3,1,0,1,0,0,5,0,0.04,0.00,0.04,0.04,0.04,0.7,0.7,0.1,0.8,0.03,0.01,0.04,0.03,0.04
23,Alphonse Areola,fr  FRA,GK,Real Madrid,26,1993,4,4,360,4.0,0,0,0,0,0,1,0,0.00,0.00,0.00,0.00,0.00,0.0,0.0,0.0,0.0,0.00,0.00,0.00,0.00,0.00
24,Santiago Arias,co  COL,DF,Atlético Madrid,27,1992,14,11,1076,12.0,0,1,0,0,0,1,0,0.00,0.08,0.08,0.00,0.08,0.5,0.5,1.1,1.6,0.04,0.09,0.13,0.04,0.13
25,Sergio Asenjo,es  ESP,GK,Villarreal,30,1989,34,34,3060,34.0,0,0,0,0,0,2,0,0.00,0.00,0.00,0.00,0.00,0.0,0.0,0.0,0.0,0.00,0.00,0.00,0.00,0.00
26,Marco Asensio,es  ESP,FW,Real Madrid,23,1996,9,3,336,3.7,3,1,3,0,0,0,0,0.80,0.27,1.07,0.80,1.07,1.7,1.7,1.0,2.7,0.45,0.27,0.71,0.45,0.71
27,Iago Aspas,es  ESP,FW,Celta Vigo,31,1987,37,37,3262,36.2,14,3,9,5,7,9,0,0.39,0.08,0.47,0.25,0.33,13.9,8.5,4.1,12.6,0.38,0.11,0.49,0.24,0.35
28,Roger Assalé,ci  CIV,"FW,MF",Leganés,25,1993,14,2,531,5.9,2,1,2,0,0,1,0,0.34,0.17,0.51,0.34,0.51,1.7,1.7,1.1,2.8,0.29,0.19,0.48,0.29,0.48
29,Miguel Atienza,es  ESP,MF,Eibar,20,1999,3,0,30,0.3,0,0,0,0,0,0,0,0.00,0.00,0.00,0.00,0.00,0.0,0.0,0.0,0.0,0.13,0.00,0.13,0.13,0.13
30,Ezequiel Ávila,ar  ARG,FW,Osasuna,25,1994,20,18,1591,17.7,9,2,9,0,0,6,0,0.51,0.11,0.62,0.51,0.62,7.0,7.0,2.7,9.8,0.40,0.15,0.55,0.40,0.55
31,Javier Avilés,es  ESP,"MF,FW",Leganés,21,1997,9,1,184,2.0,1,1,1,0,0,1,0,0.49,0.49,0.98,0.49,0.98,0.5,0.5,0.9,1.4,0.25,0.45,0.70,0.25,0.70
32,Chidozie Awaziem,ng  NGA,DF,Leganés,22,1997,26,21,1997,22.2,0,0,0,0,0,10,0,0.00,0.00,0.00,0.00,0.00,0.7,0.7,0.1,0.8,0.03,0.01,0.04,0.03,0.04
33,Ramon Azeez,ng  NGA,MF,Granada,26,1992,25,14,1361,15.1,2,0,2,0,0,3,0,0.13,0.00,0.13,0.13,0.13,1.9,1.9,0.3,2.2,0.13,0.02,0.14,0.13,0.14
34,Iddrisu Baba,gh  GHA,MF,Mallorca,23,1996,36,35,2903,32.3,0,0,0,0,0,6,0,0.00,0.00,0.00,0.00,0.00,0.9,0.9,0.2,1.1,0.03,0.01,0.03,0.03,0.03
35,Carlos Bacca,co  COL,"FW,MF",Villarreal,32,1986,19,7,688,7.6,2,1,2,0,0,1,0,0.26,0.13,0.39,0.26,0.39,3.1,3.1,0.5,3.6,0.41,0.06,0.47,0.41,0.47
36,Alex Baena,es  ESP,MF,Villarreal,18,2001,1,0,15,0.2,0,0,0,0,0,0,0,0.00,0.00,0.00,0.00,0.00,0.0,0.0,0.0,0.0,0.00,0.00,0.00,0.00,0.00
37,Gareth Bale,wal  WAL,"FW,MF",Real Madrid,30,1989,16,12,1089,12.1,2,2,2,0,0,4,1,0.17,0.17,0.33,0.17,0.33,3.5,3.5,1.2,4.7,0.29,0.10,0.39,0.29,0.39
38,Mikel Balenziaga,es  ESP,DF,Athletic Club,31,1988,9,6,563,6.3,0,0,0,0,0,1,0,0.00,0.00,0.00,0.00,0.00,0.1,0.1,0.0,0.1,0.01,0.00,0.01,0.01,0.01
39,Éver Banega,ar  ARG,MF,Sevilla,31,1988,33,28,2475,27.5,3,7,1,2,2,10,0,0.11,0.25,0.36,0.04,0.29,3.0,1.5,5.1,6.6,0.11,0.19,0.29,0.05,0.24
40,Federico Barba,it  ITA,DF,Valladolid,25,1993,5,5,450,5.0,0,0,0,0,0,3,0,0.00,0.00,0.00,0.00,0.00,0.0,0.0,0.1,0.1,0.01,0.01,0.02,0.01,0.02
41,Enis Bardhi,mk  MKD,MF,Levante,24,1995,30,23,2114,23.5,7,2,7,0,0,5,0,0.30,0.09,0.38,0.30,0.38,4.6,4.6,1.9,6.5,0.20,0.08,0.28,0.20,0.28
42,Kike Barja,es  ESP,"MF,FW",Osasuna,22,1997,8,4,313,3.5,0,1,0,0,0,0,0,0.00,0.29,0.29,0.00,0.29,0.5,0.5,1.0,1.5,0.14,0.28,0.43,0.14,0.43
43,Antonio Barragán,es  ESP,DF,Betis,32,1987,12,7,641,7.1,0,1,0,0,0,3,0,0.00,0.14,0.14,0.00,0.14,0.1,0.1,0.6,0.7,0.01,0.08,0.09,0.01,0.09
44,Ander Barrenetxea,es  ESP,"FW,MF",Real Sociedad,17,2001,17,3,442,4.9,0,0,0,0,0,1,0,0.00,0.00,0.00,0.00,0.00,0.8,0.8,0.5,1.3,0.16,0.10,0.26,0.16,0.26
45,Marc Bartra,es  ESP,"DF,MF",Betis,28,1991,30,29,2524,28.0,3,1,3,0,0,8,0,0.11,0.04,0.14,0.11,0.14,1.6,1.6,1.0,2.6,0.06,0.04,0.09,0.06,0.09
46,Gil Bastião Dias,pt  POR,"DF,MF",Granada,22,1996,12,3,356,4.0,0,1,0,0,0,1,0,0.00,0.25,0.25,0.00,0.25,0.2,0.2,0.4,0.6,0.06,0.09,0.15,0.06,0.15
47,Fran Beltrán,es  ESP,MF,Celta Vigo,20,1999,28,22,1830,20.3,1,0,1,0,0,2,1,0.05,0.00,0.05,0.05,0.05,1.3,1.3,0.6,1.9,0.07,0.03,0.10,0.07,0.10
48,Hatem Ben Arfa,fr  FRA,"MF,FW",Valladolid,32,1987,5,2,159,1.8,0,0,0,0,0,1,0,0.00,0.00,0.00,0.00,0.00,0.0,0.0,0.0,0.1,0.03,0.02,0.04,0.03,0.04
49,Karim Benzema,fr  FRA,FW,Real Madrid,31,1987,37,36,3141,34.9,21,8,16,5,5,0,0,0.60,0.23,0.83,0.46,0.69,17.4,13.6,8.4,22.0,0.50,0.24,0.74,0.39,0.63
50,Yuri Berchiche,es  ESP,DF,Athletic Club,29,1990,33,32,2850,31.7,2,1,2,0,0,7,0,0.06,0.03,0.09,0.06,0.09,1.4,1.4,2.6,4.0,0.04,0.08,0.13,0.04,0.13
51,Markel Bergara,es  ESP,MF,Getafe,33,1986,2,0,72,0.8,0,0,0,0,0,2,0,0.00,0.00,0.00,0.00,0.00,0.2,0.2,0.2,0.4,0.30,0.19,0.49,0.30,0.49
52,Sergio Bermejo,es  ESP,FW,Celta Vigo,21,1997,1,0,5,0.1,0,0,0,0,0,0,0,0.00,0.00,0.00,0.00,0.00,0.0,0.0,0.0,0.0,0.00,0.00,0.00,0.00,0.00
53,Pedro Bigas,es  ESP,DF,Eibar,28,1990,23,21,1777,19.7,3,0,3,0,0,2,0,0.15,0.00,0.15,0.15,0.15,1.6,1.6,0.3,1.9,0.08,0.02,0.10,0.08,0.10
54,Rubén Blanco,es  ESP,GK,Celta Vigo,24,1995,33,33,2960,32.9,0,0,0,0,0,4,0,0.00,0.00,0.00,0.00,0.00,0.0,0.0,0.0,0.0,0.00,0.00,0.00,0.00,0.00
55,Pablo de Blasis,ar  ARG,"DF,MF",Eibar,31,1988,30,15,1604,17.8,2,3,1,1,1,1,0,0.11,0.17,0.28,0.06,0.22,2.5,1.7,2.0,3.7,0.14,0.11,0.25,0.10,0.21
56,Alejandro Blesa,es  ESP,MF,Levante,17,2002,1,0,2,0.0,0,0,0,0,0,0,0,0.00,0.00,0.00,0.00,0.00,0.0,0.0,0.0,0.0,0.00,0.00,0.00,0.00,0.00
57,Yassine Bounou,ma  MAR,GK,Sevilla,28,1991,6,5,495,5.5,0,1,0,0,0,1,0,0.00,0.18,0.18,0.00,0.18,0.0,0.0,0.3,0.3,0.00,0.05,0.05,0.00,0.05
58,Filip Bradarić,hr  CRO,MF,Celta Vigo,27,1992,14,7,706,7.8,0,0,0,0,0,2,1,0.00,0.00,0.00,0.00,0.00,0.5,0.5,0.1,0.5,0.06,0.01,0.07,0.06,0.07
59,Brandon,es  ESP,FW,Osasuna,24,1995,8,5,406,4.5,0,1,0,0,0,4,0,0.00,0.22,0.22,0.00,0.22,0.9,0.9,0.4,1.2,0.19,0.09,0.27,0.19,0.27
60,Darko Brašanac,rs  SRB,MF,Osasuna,27,1992,31,27,2245,24.9,0,1,0,0,0,8,0,0.00,0.04,0.04,0.00,0.04,1.8,1.8,1.6,3.4,0.07,0.06,0.14,0.07,0.14
61,Yan Brice Eteki,cm  CMR,MF,Granada,21,1997,28,18,1499,16.7,0,0,0,0,0,4,0,0.00,0.00,0.00,0.00,0.00,0.5,0.5,0.1,0.6,0.03,0.00,0.04,0.03,0.04
62,Ante Budimir,hr  CRO,FW,Mallorca,28,1991,35,33,2765,30.7,13,2,11,2,2,12,0,0.42,0.07,0.49,0.36,0.42,10.4,8.8,1.0,9.8,0.34,0.03,0.37,0.29,0.32
63,Esteban Burgos,ar  ARG,DF,Eibar,27,1992,15,11,1119,12.4,1,0,1,0,0,3,0,0.08,0.00,0.08,0.08,0.08,0.7,0.7,0.1,0.9,0.06,0.01,0.07,0.06,0.07
64,Burgui,es  ESP,MF,Alavés,25,1993,2,0,22,0.2,0,0,0,0,0,0,0,0.00,0.00,0.00,0.00,0.00,0.0,0.0,0.0,0.0,0.00,0.00,0.00,0.00,0.00
65,Oliver Burke,sco  SCO,"MF,FW",Alavés,22,1997,31,14,1429,15.9,1,2,1,0,0,2,0,0.06,0.13,0.19,0.06,0.19,3.2,3.2,1.2,4.3,0.20,0.07,0.27,0.20,0.27
66,Sergio Busquets,es  ESP,MF,Barcelona,31,1988,33,29,2483,27.6,2,2,2,0,0,9,0,0.07,0.07,0.14,0.07,0.14,1.2,1.2,2.7,4.0,0.04,0.10,0.14,0.04,0.14
67,Unai Bustinza,es  ESP,DF,Leganés,27,1992,33,31,2684,29.8,0,1,0,0,0,8,0,0.00,0.03,0.03,0.00,0.03,0.4,0.4,1.4,1.7,0.01,0.05,0.06,0.01,0.06
68,Ariday Cabrera,es  ESP,"MF,FW",Mallorca,30,1988,2,0,37,0.4,0,0,0,0,0,0,0,0.00,0.00,0.00,0.00,0.00,0.0,0.0,0.0,0.0,0.11,0.00,0.11,0.11,0.11
69,Fernando Calero,es  ESP,DF,Espanyol,23,1995,15,12,1043,11.6,0,0,0,0,0,4,1,0.00,0.00,0.00,0.00,0.00,0.0,0.0,0.0,0.0,0.00,0.00,0.00,0.00,0.00
70,Jonathan Calleri,ar  ARG,FW,Espanyol,25,1993,27,20,1811,20.1,1,3,1,0,0,6,1,0.05,0.15,0.20,0.05,0.20,3.6,3.6,2.3,5.9,0.18,0.11,0.29,0.18,0.29
71,Víctor Camarasa,es  ESP,MF,Alavés,25,1994,17,15,1293,14.4,0,1,0,0,0,1,0,0.00,0.07,0.07,0.00,0.07,0.3,0.3,1.6,1.9,0.02,0.11,0.13,0.02,0.13
72,Sergio Camello,es  ESP,FW,Atlético Madrid,18,2001,2,0,25,0.3,0,0,0,0,0,0,0,0.00,0.00,0.00,0.00,0.00,0.0,0.0,0.0,0.0,0.00,0.00,0.00,0.00,0.00
73,José Campaña,es  ESP,MF,Levante,26,1993,37,35,3156,35.1,2,7,2,0,0,4,1,0.06,0.20,0.26,0.06,0.26,2.5,2.5,5.1,7.6,0.07,0.15,0.22,0.07,0.22
74,Xisco Campos,es  ESP,DF,Mallorca,37,1982,9,4,473,5.3,0,1,0,0,0,2,0,0.00,0.19,0.19,0.00,0.19,0.1,0.1,0.1,0.2,0.02,0.01,0.03,0.02,0.03
75,Víctor Campuzano,es  ESP,FW,Espanyol,22,1997,20,9,870,9.7,0,0,0,0,0,2,0,0.00,0.00,0.00,0.00,0.00,1.4,1.4,0.1,1.5,0.14,0.01,0.15,0.14,0.15
76,Sergio Canales,es  ESP,"MF,FW",Betis,28,1991,36,36,3163,35.1,6,6,3,3,4,5,0,0.17,0.17,0.34,0.09,0.26,7.0,4.0,5.7,9.7,0.20,0.16,0.36,0.11,0.28
77,Ander Capa,es  ESP,DF,Athletic Club,27,1992,35,32,2872,31.9,3,4,3,0,0,10,0,0.09,0.13,0.22,0.09,0.22,1.1,1.1,3.4,4.5,0.04,0.11,0.14,0.04,0.14
78,Marc Cardona,es  ESP,FW,Osasuna,24,1995,19,9,705,7.8,1,2,1,0,0,1,0,0.13,0.26,0.38,0.13,0.38,1.9,1.9,1.4,3.3,0.24,0.18,0.42,0.24,0.42
79,Diego Carlos,br  BRA,DF,Sevilla,26,1993,35,35,3134,34.8,2,0,2,0,0,7,0,0.06,0.00,0.06,0.06,0.06,2.0,2.0,0.5,2.5,0.06,0.01,0.07,0.06,0.07
80,Yannick Carrasco,be  BEL,"MF,FW",Atlético Madrid,25,1993,15,6,631,7.0,1,2,1,0,0,2,0,0.14,0.29,0.43,0.14,0.43,1.7,1.7,0.7,2.5,0.25,0.10,0.35,0.25,0.35
81,Daniel Carriço,pt  POR,DF,Sevilla,30,1988,11,10,847,9.4,0,0,0,0,0,3,0,0.00,0.00,0.00,0.00,0.00,0.3,0.3,0.0,0.3,0.03,0.00,0.03,0.03,0.03
82,Guido Carrillo,ar  ARG,FW,Leganés,28,1991,24,13,1213,13.5,1,2,1,0,0,2,0,0.07,0.15,0.22,0.07,0.22,4.9,4.7,0.3,5.0,0.36,0.02,0.38,0.35,0.37
83,Dani Carvajal,es  ESP,DF,Real Madrid,27,1992,31,31,2738,30.4,1,5,1,0,0,11,0,0.03,0.16,0.20,0.03,0.20,2.7,2.7,4.3,7.0,0.09,0.14,0.23,0.09,0.23
84,William Carvalho,pt  POR,MF,Betis,27,1992,13,11,892,9.9,0,0,0,0,0,6,1,0.00,0.00,0.00,0.00,0.00,0.5,0.5,0.8,1.4,0.05,0.08,0.14,0.05,0.14
85,Casemiro,br  BRA,MF,Real Madrid,27,1992,35,35,3088,34.3,4,3,4,0,0,12,0,0.12,0.09,0.20,0.12,0.20,3.6,3.6,0.4,4.0,0.11,0.01,0.12,0.11,0.12
86,Santi Cazorla,es  ESP,MF,Villarreal,34,1984,35,29,2450,27.2,11,9,3,8,8,3,0,0.40,0.33,0.73,0.11,0.44,8.5,2.4,6.6,9.0,0.31,0.24,0.55,0.09,0.33
87,Sofian Chakla,ma  MAR,DF,Villarreal,25,1993,2,2,180,2.0,0,0,0,0,0,1,0,0.00,0.00,0.00,0.00,0.00,0.1,0.1,0.0,0.1,0.03,0.00,0.03,0.03,0.03
88,Charles,br  BRA,FW,Eibar,35,1984,30,13,1301,14.5,6,0,5,1,2,8,0,0.42,0.00,0.42,0.35,0.35,4.5,3.0,0.8,3.8,0.31,0.06,0.37,0.20,0.26
89,Pablo Chavarría,ar  ARG,"FW,MF",Mallorca,31,1988,13,1,209,2.3,0,0,0,0,0,1,0,0.00,0.00,0.00,0.00,0.00,0.5,0.5,0.7,1.2,0.24,0.29,0.52,0.24,0.52
90,Pape Cheikh Diop,sn  SEN,MF,Celta Vigo,21,1997,16,6,599,6.7,0,1,0,0,0,5,1,0.00,0.15,0.15,0.00,0.15,0.1,0.1,0.3,0.4,0.02,0.04,0.06,0.02,0.06
91,Chema,es  ESP,DF,Getafe,27,1992,4,3,309,3.4,0,0,0,0,0,4,0,0.00,0.00,0.00,0.00,0.00,0.1,0.1,0.0,0.1,0.04,0.00,0.04,0.04,0.04
92,Denis Cheryshev,ru  RUS,"MF,FW",Valencia,28,1990,24,9,926,10.3,1,2,1,0,0,5,0,0.10,0.19,0.29,0.10,0.29,2.9,2.9,1.2,4.1,0.28,0.12,0.39,0.28,0.39
93,Samuel Chukwueze,ng  NGA,"MF,FW",Villarreal,20,1999,37,20,2048,22.8,3,2,3,0,0,2,0,0.13,0.09,0.22,0.13,0.22,3.6,3.6,3.3,6.8,0.16,0.14,0.30,0.16,0.30
94,Churripi,es  ESP,GK,Valladolid,25,1994,3,3,244,2.7,0,0,0,0,0,0,0,0.00,0.00,0.00,0.00,0.00,0.0,0.0,0.0,0.0,0.00,0.00,0.00,0.00,0.00
95,Jasper Cillessen,nl  NED,GK,Valencia,30,1989,24,24,2096,23.3,0,1,0,0,0,1,0,0.00,0.04,0.04,0.00,0.04,0.0,0.0,0.1,0.1,0.00,0.00,0.00,0.00,0.00
96,Óscar Clemente,es  ESP,MF,Atlético Madrid,20,1999,1,0,4,0.0,0,0,0,0,0,0,0,0.00,0.00,0.00,0.00,0.00,0.0,0.0,0.0,0.0,0.00,0.00,0.00,0.00,0.00
97,Carlos Clerc,es  ESP,DF,Levante,27,1992,23,20,1848,20.5,0,2,0,0,0,4,0,0.00,0.10,0.10,0.00,0.10,0.2,0.2,1.8,2.0,0.01,0.09,0.10,0.01,0.10
98,Coke,es  ESP,DF,Levante,32,1987,17,11,989,11.0,1,0,1,0,0,3,0,0.09,0.00,0.09,0.09,0.09,0.6,0.6,0.4,0.9,0.05,0.03,0.09,0.05,0.09
99,Álex Collado,es  ESP,DF,Barcelona,20,1999,1,0,6,0.1,0,0,0,0,0,0,0,0.00,0.00,0.00,0.00,0.00,0.0,0.0,0.0,0.0,0.00,0.00,0.00,0.00,0.00
100,Francis Coquelin,fr  FRA,MF,Valencia,28,1991,26,21,1905,21.2,0,0,0,0,0,8,1,0.00,0.00,0.00,0.00,0.00,0.4,0.4,0.2,0.6,0.02,0.01,0.03,0.02,0.03
101,Sébastien Corchia,fr  FRA,DF,Espanyol,28,1990,3,3,269,3.0,0,0,0,0,0,1,0,0.00,0.00,0.00,0.00,0.00,0.1,0.1,0.5,0.6,0.04,0.15,0.20,0.04,0.20
102,Iñigo Córdoba,es  ESP,FW,Athletic Club,22,1997,24,21,1442,16.0,1,4,1,0,0,4,0,0.06,0.25,0.31,0.06,0.31,1.5,1.5,1.1,2.6,0.09,0.07,0.16,0.09,0.16
103,Ángel Correa,ar  ARG,"MF,FW",Atlético Madrid,24,1995,33,22,2061,22.9,5,6,5,0,0,5,0,0.22,0.26,0.48,0.22,0.48,6.6,6.6,4.1,10.7,0.29,0.18,0.47,0.29,0.47
104,Rober Correa,es  ESP,DF,Eibar,26,1992,12,11,929,10.3,0,0,0,0,0,3,0,0.00,0.00,0.00,0.00,0.00,0.2,0.2,0.2,0.4,0.02,0.02,0.04,0.02,0.04
105,Thierry Correia,pt  POR,DF,Valencia,20,1999,4,3,259,2.9,0,0,0,0,0,0,0,0.00,0.00,0.00,0.00,0.00,0.0,0.0,0.1,0.1,0.00,0.03,0.03,0.00,0.03
106,Antonio Cortés,es  ESP,"FW,MF",Granada,19,2000,8,2,181,2.0,1,0,1,0,0,2,0,0.50,0.00,0.50,0.50,0.50,0.8,0.8,0.2,1.0,0.38,0.12,0.50,0.38,0.50
107,Diego Costa,es  ESP,FW,Atlético Madrid,30,1988,23,14,1350,15.0,5,4,3,2,3,5,0,0.33,0.27,0.60,0.20,0.47,6.8,4.6,1.8,6.4,0.46,0.12,0.58,0.30,0.43
108,Jaume Costa,es  ESP,DF,Valencia,31,1988,19,15,1389,15.4,0,1,0,0,0,2,1,0.00,0.06,0.06,0.00,0.06,0.1,0.1,0.6,0.6,0.00,0.04,0.04,0.00,0.04
109,David Costas,es  ESP,DF,Celta Vigo,24,1995,6,3,338,3.8,0,0,0,0,0,1,0,0.00,0.00,0.00,0.00,0.00,0.1,0.1,0.0,0.1,0.03,0.00,0.03,0.03,0.03
110,Thibaut Courtois,be  BEL,GK,Real Madrid,27,1992,34,34,3060,34.0,0,0,0,0,0,1,0,0.00,0.00,0.00,0.00,0.00,0.1,0.1,0.0,0.1,0.00,0.00,0.00,0.00,0.00
111,Sebastián Cristóforo,uy  URU,MF,Eibar,25,1993,18,9,877,9.7,0,0,0,0,0,1,0,0.00,0.00,0.00,0.00,0.00,0.2,0.2,0.5,0.7,0.02,0.05,0.08,0.02,0.08
112,Cucho,co  COL,"FW,MF",Mallorca,20,1999,22,17,1487,16.5,5,1,5,0,0,5,1,0.30,0.06,0.36,0.30,0.36,4.2,4.2,1.3,5.5,0.26,0.08,0.34,0.26,0.34
113,Marc Cucurella,es  ESP,"MF,DF",Getafe,21,1998,37,37,3237,36.0,1,5,1,0,0,9,0,0.03,0.14,0.17,0.03,0.17,1.8,1.8,4.7,6.6,0.05,0.13,0.18,0.05,0.18
114,Iván Cuéllar,es  ESP,GK,Leganés,35,1984,27,27,2429,27.0,0,0,0,0,0,4,1,0.00,0.00,0.00,0.00,0.00,0.0,0.0,0.0,0.0,0.00,0.00,0.00,0.00,0.00
115,Moanes Dabour,il  ISR,FW,Sevilla,27,1992,2,0,26,0.3,0,0,0,0,0,0,0,0.00,0.00,0.00,0.00,0.00,0.1,0.1,0.0,0.1,0.47,0.00,0.47,0.47,0.47
116,Sergi Darder,es  ESP,"MF,FW",Espanyol,25,1993,36,29,2658,29.5,2,1,2,0,0,4,0,0.07,0.03,0.10,0.07,0.10,2.6,2.6,2.0,4.7,0.09,0.07,0.16,0.09,0.16
117,Ousmane Dembélé,fr  FRA,FW,Barcelona,22,1997,5,3,357,4.0,1,0,1,0,0,1,1,0.25,0.00,0.25,0.25,0.25,1.0,1.0,0.6,1.6,0.25,0.15,0.40,0.25,0.40
118,Deyverson,br  BRA,FW,Getafe,28,1991,5,3,204,2.3,0,1,0,0,0,2,0,0.00,0.44,0.44,0.00,0.44,0.6,0.6,0.6,1.1,0.25,0.24,0.50,0.25,0.50
119,Mouctar Diakhaby,fr  FRA,DF,Valencia,22,1996,21,15,1444,16.0,0,0,0,0,0,5,0,0.00,0.00,0.00,0.00,0.00,0.0,0.0,0.0,0.1,0.00,0.00,0.01,0.00,0.01
120,Brahim Díaz,es  ESP,"FW,MF",Real Madrid,19,1999,6,0,65,0.7,0,0,0,0,0,1,0,0.00,0.00,0.00,0.00,0.00,0.4,0.4,0.0,0.4,0.61,0.00,0.61,0.61,0.61
121,Víctor Díaz,es  ESP,DF,Granada,31,1988,36,33,2884,32.0,1,5,1,0,0,4,0,0.03,0.16,0.19,0.03,0.19,0.7,0.7,2.9,3.7,0.02,0.09,0.11,0.02,0.11
122,Papakouli Diop,sn  SEN,MF,Eibar,33,1986,30,25,2253,25.0,1,0,1,0,0,7,0,0.04,0.00,0.04,0.04,0.04,1.1,1.1,0.5,1.6,0.05,0.02,0.06,0.05,0.06
123,Djené,tg  TOG,DF,Getafe,27,1991,34,34,3060,34.0,0,0,0,0,0,5,0,0.00,0.00,0.00,0.00,0.00,0.2,0.2,0.4,0.6,0.01,0.01,0.02,0.01,0.02
124,Naïs Djouahra,fr  FRA,FW,Real Sociedad,19,1999,2,0,29,0.3,0,1,0,0,0,0,0,0.00,3.10,3.10,0.00,3.10,0.1,0.1,0.2,0.3,0.25,0.56,0.80,0.25,0.80
125,Marko Dmitrović,rs  SRB,GK,Eibar,27,1992,35,35,3150,35.0,0,0,0,0,0,3,0,0.00,0.00,0.00,0.00,0.00,0.4,0.4,0.0,0.5,0.01,0.00,0.01,0.01,0.01
126,Jaume Doménech,es  ESP,GK,Valencia,28,1990,15,14,1324,14.7,0,0,0,0,0,1,0,0.00,0.00,0.00,0.00,0.00,0.0,0.0,0.0,0.0,0.00,0.00,0.00,0.00,0.00
127,Domingos Duarte,pt  POR,DF,Granada,24,1995,36,34,3087,34.3,3,1,3,0,0,7,0,0.09,0.03,0.12,0.09,0.12,1.2,1.2,0.1,1.3,0.04,0.00,0.04,0.04,0.04
128,Óscar Duarte,cr  CRC,DF,Levante,30,1989,8,5,485,5.4,0,0,0,0,0,0,0,0.00,0.00,0.00,0.00,0.00,0.1,0.1,0.0,0.1,0.03,0.00,0.03,0.03,0.03
129,Rubén Duarte,es  ESP,DF,Alavés,23,1995,31,30,2663,29.6,0,1,0,0,0,11,0,0.00,0.03,0.03,0.00,0.03,1.3,1.3,0.9,2.2,0.04,0.03,0.08,0.04,0.08
130,Hugo Duro,es  ESP,"FW,MF",Getafe,19,1999,12,4,378,4.2,1,1,1,0,0,3,0,0.24,0.24,0.48,0.24,0.48,1.0,1.0,0.4,1.4,0.24,0.09,0.33,0.24,0.33
131,Aritz Elustondo,es  ESP,DF,Real Sociedad,25,1994,22,17,1510,16.8,0,1,0,0,0,4,0,0.00,0.06,0.06,0.00,0.06,0.7,0.7,0.2,1.0,0.04,0.01,0.06,0.04,0.06
132,Rodrigo Ely,br  BRA,DF,Alavés,25,1993,25,24,2121,23.6,2,0,2,0,0,9,1,0.08,0.00,0.08,0.08,0.08,0.7,0.7,0.1,0.8,0.03,0.00,0.03,0.03,0.03
133,Adri Embarba,es  ESP,"MF,FW",Espanyol,27,1992,18,17,1371,15.2,2,4,1,1,1,4,0,0.13,0.26,0.39,0.07,0.33,2.8,2.1,1.8,3.9,0.19,0.12,0.31,0.14,0.26
134,Emerson,br  BRA,DF,Betis,20,1999,33,32,2839,31.5,3,6,3,0,0,11,0,0.10,0.19,0.29,0.10,0.29,1.2,1.2,4.1,5.3,0.04,0.13,0.17,0.04,0.17
135,Sergi Enrich,es  ESP,FW,Eibar,29,1990,30,21,1865,20.7,1,4,1,0,0,6,0,0.05,0.19,0.24,0.05,0.24,2.6,2.6,1.4,4.0,0.13,0.07,0.19,0.13,0.19
136,Javier Eraso,es  ESP,"MF,FW",Leganés,29,1990,20,11,815,9.1,0,0,0,0,0,3,0,0.00,0.00,0.00,0.00,0.00,0.6,0.6,0.6,1.1,0.06,0.06,0.13,0.06,0.13
137,Gonzalo Escalante,ar  ARG,MF,Eibar,26,1993,23,18,1674,18.6,0,1,0,0,0,9,1,0.00,0.05,0.05,0.00,0.05,1.7,1.7,0.7,2.4,0.09,0.04,0.13,0.09,0.13
138,Aarón Escandell,es  ESP,GK,Granada,23,1995,3,3,270,3.0,0,0,0,0,0,0,0,0.00,0.00,0.00,0.00,0.00,0.0,0.0,0.0,0.0,0.00,0.00,0.00,0.00,0.00
139,Sergio Escudero,es  ESP,DF,Sevilla,29,1989,11,8,773,8.6,1,0,1,0,0,2,0,0.12,0.00,0.12,0.12,0.12,0.8,0.8,0.5,1.3,0.09,0.06,0.15,0.09,0.15
140,Bernardo Espinosa,co  COL,DF,Espanyol,30,1989,26,26,2259,25.1,3,0,3,0,0,5,1,0.12,0.00,0.12,0.12,0.12,1.8,1.8,0.5,2.2,0.07,0.02,0.09,0.07,0.09
141,Vicente Esquerdo,es  ESP,MF,Valencia,20,1999,3,0,15,0.2,0,0,0,0,0,0,0,0.00,0.00,0.00,0.00,0.00,0.0,0.0,0.0,0.0,0.00,0.00,0.00,0.00,0.00
142,Pervis Estupiñán,ec  ECU,DF,Osasuna,21,1998,36,32,2979,33.1,1,5,1,0,0,8,0,0.03,0.15,0.18,0.03,0.18,1.2,1.2,3.5,4.8,0.04,0.11,0.14,0.04,0.14
143,Oghenekaro Etebo,ng  NGA,MF,Getafe,23,1995,10,6,572,6.4,1,0,1,0,0,4,0,0.16,0.00,0.16,0.16,0.16,0.6,0.6,0.2,0.8,0.09,0.04,0.13,0.09,0.13
144,Beñat Etxebarria,es  ESP,MF,Athletic Club,32,1987,11,3,394,4.4,0,0,0,0,0,0,0,0.00,0.00,0.00,0.00,0.00,0.1,0.1,0.5,0.6,0.03,0.11,0.13,0.03,0.13
145,Xabier Etxeita,es  ESP,DF,Getafe,31,1987,17,16,1446,16.1,0,0,0,0,0,7,0,0.00,0.00,0.00,0.00,0.00,0.3,0.3,0.0,0.4,0.02,0.00,0.02,0.02,0.02
146,Edu Expósito,es  ESP,MF,Eibar,22,1996,35,24,2316,25.7,4,1,3,1,2,3,0,0.16,0.04,0.19,0.12,0.16,2.8,1.1,1.3,2.4,0.11,0.05,0.16,0.04,0.09
147,Fabricio,es  ESP,GK,Mallorca,31,1987,1,1,90,1.0,0,0,0,0,0,1,0,0.00,0.00,0.00,0.00,0.00,0.0,0.0,0.0,0.0,0.00,0.00,0.00,0.00,0.00
148,Fayçal Fajr,ma  MAR,MF,Getafe,30,1988,10,5,403,4.5,0,0,0,0,0,2,0,0.00,0.00,0.00,0.00,0.00,0.4,0.4,0.5,1.0,0.10,0.11,0.21,0.10,0.21
149,Eliseo Falcon,es  ESP,"DF,MF",Levante,22,1997,1,1,73,0.8,0,0,0,0,0,2,1,0.00,0.00,0.00,0.00,0.00,0.0,0.0,0.0,0.0,0.00,0.00,0.00,0.00,0.00
150,Ansu Fati,es  ESP,"FW,DF",Barcelona,16,2002,24,11,1027,11.4,7,1,7,0,0,2,1,0.61,0.09,0.70,0.61,0.70,3.7,3.7,1.8,5.4,0.32,0.16,0.48,0.32,0.48
151,Aleix Febas,es  ESP,MF,Mallorca,23,1996,29,22,1690,18.8,0,3,0,0,0,4,0,0.00,0.16,0.16,0.00,0.16,0.6,0.6,1.4,2.0,0.03,0.08,0.11,0.03,0.11
152,Zouhair Feddal,ma  MAR,DF,Betis,30,1989,17,16,1431,15.9,1,2,1,0,0,10,2,0.06,0.13,0.19,0.06,0.19,0.8,0.8,0.7,1.4,0.05,0.04,0.09,0.05,0.09
153,Ljubomir Fejsa,rs  SRB,MF,Alavés,30,1988,13,11,786,8.7,0,0,0,0,0,2,0,0.00,0.00,0.00,0.00,0.00,0.0,0.0,0.0,0.0,0.00,0.00,0.00,0.00,0.00
154,Nabil Fekir,fr  FRA,"MF,FW",Betis,26,1993,32,31,2638,29.3,7,4,6,1,1,10,2,0.24,0.14,0.38,0.20,0.34,7.4,6.6,2.6,9.2,0.25,0.09,0.34,0.23,0.31
155,Felipe,br  BRA,DF,Atlético Madrid,30,1989,25,23,2102,23.4,1,0,1,0,0,7,0,0.04,0.00,0.04,0.04,0.04,1.1,1.1,0.1,1.2,0.05,0.00,0.05,0.05,0.05
156,João Félix,pt  POR,"FW,MF",Atlético Madrid,19,1999,27,21,1745,19.4,6,1,6,0,0,6,0,0.31,0.05,0.36,0.31,0.36,7.4,7.4,2.6,9.9,0.38,0.13,0.51,0.38,0.51
157,Matheus Fernandes,br  BRA,MF,Valladolid,21,1998,3,2,166,1.8,0,0,0,0,0,0,0,0.00,0.00,0.00,0.00,0.00,0.5,0.5,0.0,0.6,0.30,0.02,0.31,0.30,0.31
158,Aitor Fernández,es  ESP,GK,Levante,28,1991,36,36,3240,36.0,0,0,0,0,0,2,0,0.00,0.00,0.00,0.00,0.00,0.0,0.0,0.2,0.2,0.00,0.01,0.01,0.00,0.01
159,Andrés Fernández,es  ESP,GK,Villarreal,32,1986,4,4,360,4.0,0,1,0,0,0,1,0,0.00,0.25,0.25,0.00,0.25,0.0,0.0,0.3,0.3,0.00,0.07,0.07,0.00,0.07
160,Carlos Fernández,es  ESP,"FW,MF",Granada,23,1996,34,21,2201,24.5,10,3,9,1,1,8,0,0.41,0.12,0.53,0.37,0.49,8.7,8.0,1.7,9.7,0.36,0.07,0.43,0.33,0.40
161,Gabriel Fernández,uy  URU,"FW,MF",Celta Vigo,25,1994,20,5,561,6.2,1,1,1,0,0,5,1,0.16,0.16,0.32,0.16,0.32,1.0,1.0,0.3,1.3,0.16,0.04,0.20,0.16,0.20
162,Joaquín Fernández,es  ESP,"MF,DF",Valladolid,23,1996,20,19,1659,18.4,2,0,2,0,0,9,0,0.11,0.00,0.11,0.11,0.11,0.7,0.7,0.1,0.8,0.04,0.00,0.04,0.04,0.04
163,Fernando,br  BRA,MF,Sevilla,32,1987,34,30,2659,29.5,2,3,2,0,0,13,0,0.07,0.10,0.17,0.07,0.17,2.1,2.1,0.6,2.7,0.07,0.02,0.09,0.07,0.09
164,Facundo Ferreyra,ar  ARG,FW,Espanyol,28,1991,16,5,574,6.4,1,0,1,0,0,2,0,0.16,0.00,0.16,0.16,0.16,1.2,1.2,0.4,1.5,0.19,0.05,0.24,0.19,0.24
165,Junior Firpo,es  ESP,DF,Barcelona,22,1996,17,11,1014,11.3,1,1,1,0,0,5,0,0.09,0.09,0.18,0.09,0.18,0.6,0.6,0.7,1.3,0.05,0.06,0.11,0.05,0.11
166,Alessandro Florenzi,it  ITA,DF,Valencia,28,1991,12,9,752,8.4,0,0,0,0,0,1,1,0.00,0.00,0.00,0.00,0.00,0.3,0.3,0.7,1.0,0.04,0.09,0.12,0.04,0.12
167,Hernâni Fortes,pt  POR,"MF,FW",Levante,27,1991,20,5,654,7.3,2,0,2,0,0,3,1,0.28,0.00,0.28,0.28,0.28,1.6,1.6,1.6,3.2,0.22,0.23,0.44,0.22,0.44
168,Dimitri Foulquier,fr  FRA,DF,Granada,26,1993,17,12,1119,12.4,1,0,1,0,0,4,0,0.08,0.00,0.08,0.08,0.08,0.2,0.2,0.1,0.4,0.02,0.01,0.03,0.02,0.03
169,Jorge de Frutos,es  ESP,"MF,FW",Valladolid,22,1997,3,0,59,0.7,0,0,0,0,0,0,0,0.00,0.00,0.00,0.00,0.00,0.1,0.1,0.1,0.2,0.18,0.10,0.28,0.18,0.28
170,Ramiro Funes Mori,ar  ARG,DF,Villarreal,28,1991,7,5,453,5.0,0,0,0,0,0,1,0,0.00,0.00,0.00,0.00,0.00,0.1,0.1,0.0,0.1,0.01,0.01,0.02,0.01,0.02
171,Kévin Gameiro,fr  FRA,FW,Valencia,32,1987,29,17,1581,17.6,6,2,6,0,1,0,0,0.34,0.11,0.46,0.34,0.46,5.4,4.6,3.0,7.7,0.31,0.17,0.48,0.26,0.44
172,Fran Gámez,es  ESP,DF,Mallorca,28,1991,23,18,1768,19.6,0,1,0,0,0,5,0,0.00,0.05,0.05,0.00,0.05,1.0,1.0,0.9,1.9,0.05,0.05,0.10,0.05,0.10
173,Ezequiel Garay,ar  ARG,DF,Valencia,32,1986,17,17,1437,16.0,0,0,0,0,0,2,0,0.00,0.00,0.00,0.00,0.00,0.5,0.5,0.1,0.6,0.03,0.00,0.03,0.03,0.03
174,Dani García,es  ESP,MF,Athletic Club,29,1990,36,33,3029,33.7,0,1,0,0,0,11,0,0.00,0.03,0.03,0.00,0.03,0.5,0.5,1.0,1.6,0.02,0.03,0.05,0.02,0.05
175,David García,es  ESP,DF,Osasuna,25,1994,32,31,2793,31.0,0,0,0,0,0,7,0,0.00,0.00,0.00,0.00,0.00,1.2,1.2,0.3,1.4,0.04,0.01,0.05,0.04,0.05
176,Javi García,es  ESP,MF,Betis,32,1987,8,4,377,4.2,0,0,0,0,0,2,0,0.00,0.00,0.00,0.00,0.00,0.2,0.2,0.0,0.2,0.05,0.00,0.05,0.05,0.05
177,Manu García,es  ESP,MF,Alavés,33,1986,30,22,1967,21.9,0,0,0,0,0,11,1,0.00,0.00,0.00,0.00,0.00,2.0,2.0,0.2,2.2,0.09,0.01,0.10,0.09,0.10
178,Rubén García,es  ESP,"MF,FW",Osasuna,26,1993,30,25,2188,24.3,8,2,7,1,1,6,0,0.33,0.08,0.41,0.29,0.37,6.5,5.7,3.9,9.7,0.27,0.16,0.43,0.24,0.40
179,Unai García,es  ESP,DF,Osasuna,27,1992,8,6,536,6.0,1,0,1,0,0,0,0,0.17,0.00,0.17,0.17,0.17,0.2,0.2,0.1,0.3,0.03,0.02,0.05,0.03,0.05
180,Víctor García,es  ESP,"FW,MF",Valladolid,22,1997,2,1,88,1.0,1,0,1,0,0,0,0,1.02,0.00,1.02,1.02,1.02,0.1,0.1,0.1,0.2,0.13,0.10,0.23,0.13,0.23
181,Manuel Garrido,es  ESP,FW,Leganés,18,2000,4,2,115,1.3,0,0,0,0,0,1,0,0.00,0.00,0.00,0.00,0.00,0.3,0.3,0.0,0.3,0.22,0.00,0.22,0.22,0.22
182,Mario Gaspar,es  ESP,DF,Villarreal,28,1990,25,22,1962,21.8,0,2,0,0,0,2,0,0.00,0.09,0.09,0.00,0.09,0.9,0.9,1.8,2.7,0.04,0.08,0.13,0.04,0.13
183,José Antonio Martínez Gil,es  ESP,DF,Granada,26,1993,20,13,1191,13.2,0,1,0,0,0,0,0,0.00,0.08,0.08,0.00,0.08,0.1,0.1,0.0,0.1,0.00,0.00,0.00,0.00,0.00
184,Ibai Gómez,es  ESP,FW,Athletic Club,29,1989,17,6,695,7.7,0,0,0,0,0,0,0,0.00,0.00,0.00,0.00,0.00,1.3,1.3,1.5,2.7,0.17,0.19,0.35,0.17,0.35
185,Maxi Gómez,uy  URU,FW,Valencia,22,1996,33,25,2143,23.8,9,2,9,0,1,5,0,0.38,0.08,0.46,0.38,0.46,6.2,5.4,2.2,7.7,0.26,0.09,0.35,0.23,0.32
186,Moi Gómez,es  ESP,"FW,MF",Villarreal,25,1994,37,26,2319,25.8,5,4,5,0,0,1,0,0.19,0.16,0.35,0.19,0.35,3.1,3.1,3.0,6.2,0.12,0.12,0.24,0.12,0.24
187,Sergi Gómez,es  ESP,DF,Sevilla,27,1992,13,8,717,8.0,0,0,0,0,0,4,0,0.00,0.00,0.00,0.00,0.00,0.1,0.1,0.1,0.2,0.01,0.01,0.02,0.01,0.02
188,Maxime Gonalons,fr  FRA,MF,Granada,30,1989,19,17,1506,16.7,0,0,0,0,0,7,0,0.00,0.00,0.00,0.00,0.00,0.2,0.2,0.5,0.6,0.01,0.03,0.04,0.01,0.04
189,Édgar González,es  ESP,MF,Betis,22,1997,10,9,681,7.6,0,0,0,0,0,3,0,0.00,0.00,0.00,0.00,0.00,1.0,1.0,0.0,1.0,0.14,0.00,0.14,0.14,0.14
190,Gonzalo,es  ESP,DF,Levante,22,1997,1,0,13,0.1,0,0,0,0,0,0,0,0.00,0.00,0.00,0.00,0.00,0.0,0.0,0.0,0.0,0.00,0.00,0.00,0.00,0.00
191,Andoni Gorosabel,es  ESP,DF,Real Sociedad,22,1996,14,8,714,7.9,0,0,0,0,0,2,0,0.00,0.00,0.00,0.00,0.00,0.0,0.0,0.4,0.4,0.00,0.05,0.05,0.00,0.05
192,Esteban Granero,es  ESP,MF,Espanyol,32,1987,11,5,473,5.3,1,0,1,0,0,5,0,0.19,0.00,0.19,0.19,0.19,1.3,1.3,0.5,1.8,0.25,0.09,0.34,0.25,0.34
193,Antoine Griezmann,fr  FRA,FW,Barcelona,28,1991,35,31,2549,28.3,9,4,9,0,0,2,0,0.32,0.14,0.46,0.32,0.46,8.2,8.2,3.8,12.0,0.29,0.13,0.42,0.29,0.42
194,Andrés Guardado,mx  MEX,MF,Betis,32,1986,28,25,2046,22.7,0,3,0,0,0,9,0,0.00,0.13,0.13,0.00,0.13,1.0,1.0,2.3,3.3,0.04,0.10,0.15,0.04,0.15
195,Sergi Guardiola,es  ESP,FW,Valladolid,28,1991,35,31,2655,29.5,8,2,8,0,1,6,0,0.27,0.07,0.34,0.27,0.34,6.0,5.0,1.7,6.7,0.20,0.06,0.26,0.17,0.23
196,Nemanja Gudelj,rs  SRB,"MF,DF",Sevilla,27,1991,24,9,1216,13.5,0,0,0,0,0,6,0,0.00,0.00,0.00,0.00,0.00,0.3,0.3,0.1,0.4,0.02,0.01,0.03,0.02,0.03
197,Gonçalo Guedes,pt  POR,"MF,FW",Valencia,22,1996,21,14,1266,14.1,2,2,2,0,0,3,0,0.14,0.14,0.28,0.14,0.28,1.3,1.3,1.6,2.9,0.09,0.11,0.20,0.09,0.20
198,Adrián Guerrero,es  ESP,DF,Valencia,21,1998,2,1,126,1.4,0,0,0,0,0,1,0,0.00,0.00,0.00,0.00,0.00,0.0,0.0,0.0,0.0,0.00,0.00,0.00,0.00,0.00
199,Ander Guevara,es  ESP,MF,Real Sociedad,22,1997,14,11,939,10.4,0,0,0,0,0,4,0,0.00,0.00,0.00,0.00,0.00,0.0,0.0,0.4,0.5,0.00,0.04,0.05,0.00,0.05
200,John Guidetti,se  SWE,FW,Alavés,27,1992,5,1,96,1.1,0,0,0,0,0,0,0,0.00,0.00,0.00,0.00,0.00,0.2,0.2,0.0,0.2,0.19,0.04,0.23,0.19,0.23
201,Hugo Guillamón,es  ESP,DF,Valencia,19,2000,6,5,495,5.5,0,0,0,0,0,3,0,0.00,0.00,0.00,0.00,0.00,0.0,0.0,0.0,0.0,0.00,0.00,0.00,0.00,0.00
202,Munir El Haddadi,ma  MAR,FW,Sevilla,23,1995,21,14,1250,13.9,5,2,5,0,0,1,0,0.36,0.14,0.50,0.36,0.50,3.1,3.1,1.4,4.5,0.22,0.10,0.33,0.22,0.33
203,Eden Hazard,be  BEL,"FW,MF",Real Madrid,28,1991,16,14,1077,12.0,1,3,1,0,0,0,0,0.08,0.25,0.33,0.08,0.33,2.4,2.4,2.6,5.0,0.20,0.22,0.42,0.20,0.42
204,Mario Hermoso,es  ESP,DF,Atlético Madrid,24,1995,17,15,1217,13.5,0,0,0,0,0,3,1,0.00,0.00,0.00,0.00,0.00,0.7,0.7,0.1,0.7,0.05,0.00,0.05,0.05,0.05
205,Aridane Hernández,gq  EQG,DF,Osasuna,30,1989,29,29,2610,29.0,3,0,3,0,0,8,0,0.10,0.00,0.10,0.10,0.10,1.6,1.6,0.2,1.9,0.06,0.01,0.07,0.06,0.07
206,Javier Hernández,mx  MEX,FW,Sevilla,31,1988,9,4,448,5.0,1,0,1,0,0,0,0,0.20,0.00,0.20,0.20,0.20,2.5,2.5,0.3,2.8,0.50,0.06,0.56,0.50,0.56
207,Juan Hernández,es  ESP,"FW,MF",Celta Vigo,24,1994,5,1,87,1.0,0,0,0,0,0,0,0,0.00,0.00,0.00,0.00,0.00,0.0,0.0,0.3,0.3,0.02,0.27,0.28,0.02,0.28
208,Héctor Herrera,mx  MEX,MF,Atlético Madrid,29,1990,21,12,1123,12.5,0,2,0,0,0,1,0,0.00,0.16,0.16,0.00,0.16,0.7,0.7,1.7,2.4,0.06,0.13,0.19,0.06,0.19
209,Sergio Herrera,es  ESP,GK,Osasuna,26,1993,19,18,1655,18.4,0,0,0,0,0,2,1,0.00,0.00,0.00,0.00,0.00,0.0,0.0,0.1,0.1,0.00,0.01,0.01,0.00,0.01
210,Yangel Herrera,ve  VEN,MF,Granada,21,1998,30,28,2368,26.3,2,3,2,0,0,14,0,0.08,0.11,0.19,0.08,0.19,2.1,2.1,1.2,3.3,0.08,0.05,0.13,0.08,0.13
211,Iago Herrerín,es  ESP,GK,Athletic Club,31,1988,5,4,425,4.7,0,0,0,0,0,0,0,0.00,0.00,0.00,0.00,0.00,0.0,0.0,0.0,0.0,0.00,0.00,0.00,0.00,0.00
212,Pablo Hervías,es  ESP,"MF,FW",Valladolid,26,1993,25,9,1017,11.3,1,0,1,0,0,1,0,0.09,0.00,0.09,0.09,0.09,1.0,1.0,0.8,1.8,0.09,0.07,0.16,0.09,0.16
213,Robert Ibáñez,es  ESP,"MF,FW",Osasuna,26,1993,14,5,537,6.0,1,0,1,0,0,3,0,0.17,0.00,0.17,0.17,0.17,1.1,1.1,0.2,1.4,0.19,0.04,0.23,0.19,0.23
214,Vicente Iborra,es  ESP,MF,Villarreal,31,1988,34,33,2648,29.4,1,2,1,0,0,10,1,0.03,0.07,0.10,0.03,0.10,2.7,2.7,0.6,3.3,0.09,0.02,0.11,0.09,0.11
215,Borja Iglesias,es  ESP,FW,Betis,26,1993,35,21,1922,21.4,3,2,3,0,0,3,1,0.14,0.09,0.23,0.14,0.23,3.3,3.3,2.0,5.3,0.15,0.10,0.25,0.15,0.25
216,Asier Illarramendi,es  ESP,MF,Real Sociedad,29,1990,3,3,216,2.4,0,0,0,0,0,0,0,0.00,0.00,0.00,0.00,0.00,0.0,0.0,0.2,0.2,0.01,0.08,0.08,0.01,0.08
217,Takashi Inui,jp  JPN,"MF,FW",Eibar,31,1988,29,23,1960,21.8,2,3,2,0,0,2,0,0.09,0.14,0.23,0.09,0.23,3.9,3.9,1.6,5.5,0.18,0.07,0.25,0.18,0.25
218,Alexander Isak,se  SWE,FW,Real Sociedad,19,1999,37,14,1507,16.7,9,1,9,0,0,3,0,0.54,0.06,0.60,0.54,0.60,6.3,6.3,2.2,8.5,0.38,0.13,0.51,0.38,0.51
219,Isco,es  ESP,"FW,MF",Real Madrid,27,1992,23,15,1181,13.1,1,2,1,0,0,2,0,0.08,0.15,0.23,0.08,0.23,1.5,1.5,2.1,3.6,0.12,0.16,0.28,0.12,0.28
220,Ismael,es  ESP,MF,Betis,18,2000,3,1,83,0.9,0,0,0,0,0,1,0,0.00,0.00,0.00,0.00,0.00,0.0,0.0,0.0,0.0,0.00,0.00,0.00,0.00,0.00
221,Ander Iturraspe,es  ESP,MF,Espanyol,30,1989,8,3,242,2.7,0,0,0,0,0,1,0,0.00,0.00,0.00,0.00,0.00,0.0,0.0,0.0,0.0,0.00,0.00,0.00,0.00,0.00
222,Jacobo,es  ESP,DF,Celta Vigo,22,1997,2,1,83,0.9,0,0,0,0,0,1,0,0.00,0.00,0.00,0.00,0.00,0.0,0.0,0.0,0.0,0.00,0.00,0.00,0.00,0.00
223,Adnan Januzaj,be  BEL,"FW,MF",Real Sociedad,24,1995,24,13,1167,13.0,3,3,3,0,0,3,0,0.23,0.23,0.46,0.23,0.46,1.4,1.4,2.5,3.9,0.11,0.19,0.30,0.11,0.30
224,Jason,es  ESP,MF,Getafe,25,1994,20,14,1175,13.1,1,4,1,0,0,5,0,0.08,0.31,0.38,0.08,0.38,1.5,1.5,2.3,3.8,0.12,0.17,0.29,0.12,0.29
225,Joaquín,es  ESP,"MF,FW",Betis,38,1981,34,25,2060,22.9,8,3,6,2,3,4,0,0.35,0.13,0.48,0.26,0.39,5.5,3.2,5.4,8.7,0.24,0.24,0.48,0.14,0.38
226,Frenkie de Jong,nl  NED,MF,Barcelona,22,1997,29,24,2115,23.5,2,2,2,0,0,3,1,0.09,0.09,0.17,0.09,0.17,1.0,1.0,2.3,3.4,0.04,0.10,0.14,0.04,0.14
227,Luuk de Jong,nl  NED,FW,Sevilla,28,1990,35,24,2059,22.9,6,1,6,0,0,2,0,0.26,0.04,0.31,0.26,0.31,7.7,7.7,2.5,10.2,0.34,0.11,0.44,0.34,0.44
228,Joan Jordán,es  ESP,MF,Sevilla,25,1994,34,27,2254,25.0,2,2,2,0,0,7,0,0.08,0.08,0.16,0.08,0.16,1.6,1.6,3.5,5.1,0.06,0.14,0.20,0.06,0.20
229,Willian José,br  BRA,FW,Real Sociedad,27,1991,37,24,2011,22.3,11,1,11,0,0,4,0,0.49,0.04,0.54,0.49,0.54,10.4,10.4,1.7,12.1,0.47,0.08,0.54,0.47,0.54
230,Joselu,es  ESP,FW,Alavés,29,1990,36,31,2782,30.9,11,2,10,1,1,6,0,0.36,0.06,0.42,0.32,0.39,10.5,9.8,2.2,12.0,0.34,0.07,0.41,0.32,0.39
231,Luka Jović,rs  SRB,FW,Real Madrid,21,1997,17,4,430,4.8,2,1,2,0,0,2,0,0.42,0.21,0.63,0.42,0.63,2.2,2.2,0.7,2.9,0.46,0.15,0.61,0.46,0.61
232,Juanmi,es  ESP,"FW,MF",Betis,26,1993,8,2,264,2.9,1,0,1,0,0,2,1,0.34,0.00,0.34,0.34,0.34,1.3,1.3,0.1,1.4,0.45,0.05,0.49,0.45,0.49
233,David Juncà,es  ESP,DF,Celta Vigo,25,1993,3,3,258,2.9,0,0,0,0,0,1,0,0.00,0.00,0.00,0.00,0.00,0.0,0.0,0.0,0.0,0.00,0.00,0.00,0.00,0.00
234,Lago Junior,ci  CIV,"MF,FW",Mallorca,28,1990,35,24,2188,24.3,4,0,1,3,3,3,0,0.16,0.00,0.16,0.04,0.04,5.3,3.0,1.2,4.2,0.22,0.05,0.27,0.12,0.17
235,Vinicius Júnior,br  BRA,"FW,MF",Real Madrid,19,2000,29,12,1364,15.2,3,1,3,0,0,4,0,0.20,0.07,0.26,0.20,0.26,4.3,4.3,2.3,6.6,0.28,0.15,0.44,0.28,0.44
236,Lee Kangin,kr  KOR,"MF,FW",Valencia,18,2001,17,3,454,5.0,2,0,2,0,0,1,2,0.40,0.00,0.40,0.40,0.40,0.7,0.7,0.4,1.1,0.14,0.07,0.21,0.14,0.21
237,Wilfrid Kaptoum,cm  CMR,MF,Betis,23,1996,5,2,194,2.2,0,0,0,0,0,1,0,0.00,0.00,0.00,0.00,0.00,0.1,0.1,0.0,0.1,0.03,0.01,0.05,0.03,0.05
238,Kenedy,br  BRA,"MF,DF",Getafe,23,1996,19,3,586,6.5,1,3,1,0,0,2,0,0.15,0.46,0.61,0.15,0.61,0.8,0.8,0.9,1.7,0.12,0.14,0.26,0.12,0.26
239,Kike,es  ESP,FW,Eibar,29,1989,27,20,1767,19.6,5,1,5,0,0,2,0,0.25,0.05,0.31,0.25,0.31,6.0,6.0,0.8,6.7,0.30,0.04,0.34,0.30,0.34
240,Giorgi Kochorashvili,ge  GEO,MF,Levante,20,1999,1,0,2,0.0,0,0,0,0,0,0,0,0.00,0.00,0.00,0.00,0.00,0.0,0.0,0.0,0.0,0.00,0.00,0.00,0.00,0.00
241,Kenan Kodro,ba  BIH,"FW,MF",Athletic Club,25,1993,12,4,364,4.0,1,0,1,0,0,0,0,0.25,0.00,0.25,0.25,0.25,0.2,0.2,0.0,0.2,0.05,0.00,0.05,0.05,0.05
242,Koke,es  ESP,MF,Atlético Madrid,27,1992,32,30,2698,30.0,4,5,4,0,0,5,0,0.13,0.17,0.30,0.13,0.30,2.4,2.3,5.4,7.7,0.08,0.18,0.26,0.08,0.26
243,Geoffrey Kondogbia,cf  CTA,MF,Valencia,26,1993,27,21,1807,20.1,1,1,1,0,0,5,0,0.05,0.05,0.10,0.05,0.10,1.0,1.0,0.2,1.2,0.05,0.01,0.06,0.05,0.06
244,Jules Koundé,fr  FRA,DF,Sevilla,20,1998,29,25,2309,25.7,1,1,1,0,0,6,0,0.04,0.04,0.08,0.04,0.08,1.9,1.9,0.5,2.4,0.07,0.02,0.09,0.07,0.09
245,Leonardo Koutris,gr  GRE,DF,Mallorca,24,1995,2,1,93,1.0,0,0,0,0,0,0,0,0.00,0.00,0.00,0.00,0.00,0.0,0.0,0.2,0.2,0.00,0.18,0.18,0.00,0.18
246,İsmail Köybaşı,tr  TUR,"DF,FW",Granada,30,1989,4,3,231,2.6,0,0,0,0,0,1,0,0.00,0.00,0.00,0.00,0.00,0.0,0.0,0.2,0.2,0.01,0.07,0.08,0.01,0.08
247,Toni Kroos,de  GER,MF,Real Madrid,29,1990,35,31,2652,29.5,4,5,4,0,0,2,0,0.14,0.17,0.31,0.14,0.31,2.8,2.8,4.0,6.8,0.09,0.14,0.23,0.09,0.23
248,Takefusa Kubo,jp  JPN,"MF,FW",Mallorca,18,2001,35,23,2312,25.7,4,4,4,0,0,4,0,0.16,0.16,0.31,0.16,0.31,2.8,2.8,2.9,5.7,0.11,0.11,0.22,0.11,0.22
249,Víctor Laguardia,es  ESP,DF,Alavés,29,1989,31,31,2654,29.5,1,2,1,0,0,9,1,0.03,0.07,0.10,0.03,0.10,0.8,0.8,0.9,1.7,0.03,0.03,0.06,0.03,0.06
250,Diego Lainez,mx  MEX,"MF,FW",Betis,19,2000,15,2,348,3.9,0,0,0,0,0,0,0,0.00,0.00,0.00,0.00,0.00,0.2,0.2,0.0,0.2,0.04,0.01,0.05,0.04,0.05
251,Larra,es  ESP,"FW,MF",Athletic Club,21,1997,10,2,250,2.8,0,0,0,0,0,0,0,0.00,0.00,0.00,0.00,0.00,0.1,0.1,0.1,0.2,0.02,0.03,0.05,0.02,0.05
252,Toni Lato,es  ESP,"DF,MF",Osasuna,21,1997,8,6,470,5.2,1,0,1,0,0,3,0,0.19,0.00,0.19,0.19,0.19,0.3,0.3,0.3,0.6,0.07,0.05,0.12,0.07,0.12
253,Robin Le Normand,fr  FRA,DF,Real Sociedad,22,1996,31,25,2394,26.6,1,0,1,0,0,6,0,0.04,0.00,0.04,0.04,0.04,0.9,0.9,0.3,1.2,0.03,0.01,0.04,0.03,0.04
254,Wu Lei,cn  CHN,"FW,MF",Espanyol,27,1991,33,21,1719,19.1,4,0,4,0,0,3,0,0.21,0.00,0.21,0.21,0.21,5.5,5.5,1.7,7.2,0.29,0.09,0.38,0.29,0.38
255,Iñigo Lekue,es  ESP,"FW,DF",Athletic Club,26,1993,14,6,623,6.9,0,1,0,0,0,0,0,0.00,0.14,0.14,0.00,0.14,0.2,0.2,0.8,1.0,0.02,0.12,0.14,0.02,0.14
256,Thomas Lemar,fr  FRA,MF,Atlético Madrid,23,1995,22,10,925,10.3,0,0,0,0,0,2,0,0.00,0.00,0.00,0.00,0.00,0.5,0.5,0.4,1.0,0.05,0.04,0.09,0.05,0.09
257,Clément Lenglet,fr  FRA,DF,Barcelona,24,1995,28,28,2424,26.9,2,1,2,0,0,11,2,0.07,0.04,0.11,0.07,0.11,0.9,0.9,0.5,1.4,0.03,0.02,0.05,0.03,0.05
258,Pedro León,es  ESP,"MF,FW",Eibar,32,1986,31,23,1896,21.1,1,2,1,0,0,4,0,0.05,0.09,0.14,0.05,0.14,3.0,3.0,4.2,7.2,0.14,0.20,0.34,0.14,0.34
259,Sergio León,es  ESP,FW,Levante,30,1989,22,6,672,7.5,1,0,1,0,0,2,0,0.13,0.00,0.13,0.13,0.13,2.4,2.4,0.1,2.5,0.32,0.01,0.33,0.32,0.33
260,Lillo,es  ESP,DF,Osasuna,30,1989,4,2,195,2.2,0,0,0,0,0,2,0,0.00,0.00,0.00,0.00,0.00,0.0,0.0,0.1,0.2,0.02,0.06,0.08,0.02,0.08
261,Diego Llorente,es  ESP,DF,Real Sociedad,25,1993,29,27,2327,25.9,1,1,1,0,0,7,1,0.04,0.04,0.08,0.04,0.08,1.0,1.0,0.2,1.2,0.04,0.01,0.05,0.04,0.05
262,Marcos Llorente,es  ESP,"MF,FW",Atlético Madrid,24,1995,29,16,1368,15.2,3,3,3,0,0,4,0,0.20,0.20,0.39,0.20,0.39,1.9,1.9,3.0,4.8,0.12,0.20,0.32,0.12,0.32
263,Stanislav Lobotka,sk  SVK,MF,Celta Vigo,24,1994,17,17,1383,15.4,0,0,0,0,0,1,0,0.00,0.00,0.00,0.00,0.00,0.2,0.2,0.5,0.6,0.01,0.03,0.04,0.01,0.04
264,Renan Lodi,br  BRA,DF,Atlético Madrid,21,1998,32,28,2396,26.6,1,2,1,0,0,6,1,0.04,0.08,0.11,0.04,0.11,0.9,0.9,1.6,2.5,0.03,0.06,0.09,0.03,0.09
265,Rony Lopes,pt  POR,FW,Sevilla,23,1995,5,2,134,1.5,0,0,0,0,0,0,0,0.00,0.00,0.00,0.00,0.00,0.1,0.1,0.0,0.1,0.09,0.00,0.09,0.09,0.09
266,Adrián López,es  ESP,"FW,MF",Osasuna,31,1988,26,17,1443,16.0,2,0,1,1,1,0,0,0.12,0.00,0.12,0.06,0.06,2.6,1.8,2.0,3.9,0.16,0.13,0.29,0.12,0.24
267,David López,es  ESP,"DF,MF",Espanyol,29,1989,32,29,2455,27.3,4,2,4,0,0,5,1,0.15,0.07,0.22,0.15,0.22,1.1,1.1,1.1,2.3,0.04,0.04,0.08,0.04,0.08
268,Diego López,es  ESP,GK,Espanyol,37,1981,36,36,3232,35.9,0,0,0,0,0,5,1,0.00,0.00,0.00,0.00,0.00,0.0,0.0,0.0,0.0,0.00,0.00,0.00,0.00,0.00
269,Lluis López,es  ESP,DF,Espanyol,22,1997,4,3,300,3.3,0,0,0,0,0,1,0,0.00,0.00,0.00,0.00,0.00,0.1,0.1,0.0,0.1,0.04,0.00,0.04,0.04,0.04
270,Roberto López,es  ESP,MF,Real Sociedad,19,2000,3,0,51,0.6,0,1,0,0,0,0,0,0.00,1.76,1.76,0.00,1.76,0.0,0.0,0.1,0.1,0.00,0.23,0.23,0.00,0.23
271,Unai López,es  ESP,MF,Athletic Club,23,1995,26,24,1787,19.9,1,4,1,0,0,6,0,0.05,0.20,0.25,0.05,0.25,0.8,0.8,3.0,3.9,0.04,0.15,0.19,0.04,0.19
272,Losada,es  ESP,"MF,FW",Celta Vigo,17,2001,2,0,13,0.1,1,0,1,0,0,0,0,6.92,0.00,6.92,6.92,6.92,0.0,0.0,0.0,0.0,0.16,0.00,0.16,0.16,0.16
273,Pol Lozano,es  ESP,"MF,FW",Espanyol,19,1999,5,2,173,1.9,0,0,0,0,0,0,1,0.00,0.00,0.00,0.00,0.00,0.0,0.0,0.0,0.0,0.00,0.00,0.00,0.00,0.00
274,José Luis Gayà,es  ESP,DF,Valencia,24,1995,24,23,1988,22.1,0,1,0,0,0,5,0,0.00,0.05,0.05,0.00,0.05,0.5,0.5,1.7,2.2,0.02,0.08,0.10,0.02,0.10
275,José Luis Morales,es  ESP,"FW,MF",Levante,32,1987,38,29,2519,28.0,4,2,4,0,0,3,0,0.14,0.07,0.21,0.14,0.21,4.7,4.7,4.1,8.8,0.17,0.15,0.31,0.17,0.31
276,José Luis Rodríguez,pa  PAN,FW,Alavés,21,1998,1,0,22,0.2,0,0,0,0,0,0,0,0.00,0.00,0.00,0.00,0.00,0.0,0.0,0.0,0.0,0.10,0.00,0.10,0.10,0.10
277,Darwin Machís,ve  VEN,"FW,MF",Granada,26,1993,36,20,2129,23.7,7,5,6,1,1,5,0,0.30,0.21,0.51,0.25,0.47,6.0,5.2,3.6,8.9,0.25,0.15,0.41,0.22,0.37
278,Lisandro Magallán,ar  ARG,DF,Alavés,25,1993,17,13,1197,13.3,1,1,1,0,0,4,0,0.08,0.08,0.15,0.08,0.15,0.6,0.6,0.7,1.3,0.05,0.05,0.10,0.05,0.10
279,Abdallahi Mahmoud,mr  MTN,MF,Alavés,19,2000,3,1,152,1.7,0,0,0,0,0,1,0,0.00,0.00,0.00,0.00,0.00,0.0,0.0,0.0,0.0,0.00,0.00,0.00,0.00,0.00
280,Nemanja Maksimović,rs  SRB,MF,Getafe,24,1995,35,33,2895,32.2,2,0,2,0,0,5,0,0.06,0.00,0.06,0.06,0.06,3.1,3.1,0.9,4.0,0.10,0.03,0.12,0.10,0.12
281,Hugo Mallo,es  ESP,DF,Celta Vigo,28,1991,27,22,1965,21.8,0,1,0,0,0,7,0,0.00,0.05,0.05,0.00,0.05,0.2,0.2,1.9,2.0,0.01,0.08,0.09,0.01,0.09
282,Aïssa Mandi,dz  ALG,DF,Betis,27,1991,29,29,2576,28.6,0,0,0,0,0,9,0,0.00,0.00,0.00,0.00,0.00,1.2,1.2,0.8,2.1,0.04,0.03,0.07,0.04,0.07
283,Eliaquim Mangala,fr  FRA,DF,Valencia,28,1991,8,8,673,7.5,0,0,0,0,0,3,1,0.00,0.00,0.00,0.00,0.00,0.2,0.2,0.0,0.2,0.02,0.00,0.02,0.02,0.02
284,Marcelo,br  BRA,DF,Real Madrid,31,1988,15,15,1296,14.4,1,2,1,0,0,2,0,0.07,0.14,0.21,0.07,0.21,0.4,0.4,2.1,2.5,0.03,0.14,0.17,0.03,0.17
285,Óscar de Marcos,es  ESP,"DF,FW",Athletic Club,30,1989,13,6,541,6.0,0,1,0,0,0,1,0,0.00,0.17,0.17,0.00,0.17,0.1,0.1,1.0,1.0,0.01,0.16,0.17,0.01,0.17
286,Miguel Marí,es  ESP,MF,Eibar,22,1997,1,0,6,0.1,0,0,0,0,0,0,0,0.00,0.00,0.00,0.00,0.00,0.0,0.0,0.0,0.0,0.00,0.00,0.00,0.00,0.00
287,José María Giménez,uy  URU,DF,Atlético Madrid,24,1995,21,19,1755,19.5,0,0,0,0,0,2,0,0.00,0.00,0.00,0.00,0.00,0.5,0.5,0.0,0.5,0.03,0.00,0.03,0.03,0.03
288,Mariano,do  DOM,FW,Real Madrid,25,1993,5,0,45,0.5,1,0,1,0,0,1,0,2.00,0.00,2.00,2.00,2.00,0.5,0.5,0.0,0.5,1.00,0.07,1.07,1.00,1.07
289,Adrián Marín,es  ESP,DF,Alavés,22,1997,12,9,852,9.5,0,0,0,0,0,1,0,0.00,0.00,0.00,0.00,0.00,0.6,0.6,0.3,0.9,0.06,0.03,0.09,0.06,0.09
290,Guillermo Maripán,cl  CHI,DF,Alavés,25,1994,1,1,90,1.0,0,0,0,0,0,0,0,0.00,0.00,0.00,0.00,0.00,0.0,0.0,0.0,0.0,0.00,0.00,0.00,0.00,0.00
291,Roger Martí,es  ESP,FW,Levante,28,1991,36,26,2267,25.2,11,1,7,4,4,6,1,0.44,0.04,0.48,0.28,0.32,10.4,7.4,2.7,10.1,0.41,0.11,0.52,0.29,0.40
292,Daniel Martín,es  ESP,GK,Betis,21,1998,6,5,531,5.9,0,0,0,0,0,0,0,0.00,0.00,0.00,0.00,0.00,0.0,0.0,0.1,0.1,0.00,0.01,0.01,0.00,0.01
293,Álex Martínez,es  ESP,DF,Granada,28,1990,1,0,15,0.2,0,0,0,0,0,1,0,0.00,0.00,0.00,0.00,0.00,0.0,0.0,0.0,0.0,0.22,0.00,0.22,0.22,0.22
294,Iñigo Martínez,es  ESP,DF,Athletic Club,28,1991,33,33,2970,33.0,1,1,1,0,0,10,0,0.03,0.03,0.06,0.03,0.06,1.7,1.7,0.9,2.7,0.05,0.03,0.08,0.05,0.08
295,Javi Martínez,es  ESP,MF,Osasuna,19,1999,1,0,10,0.1,0,0,0,0,0,0,0,0.00,0.00,0.00,0.00,0.00,0.0,0.0,0.0,0.0,0.00,0.00,0.00,0.00,0.00
296,Pablo Martínez,es  ESP,"MF,FW",Levante,21,1998,5,0,33,0.4,0,0,0,0,0,0,0,0.00,0.00,0.00,0.00,0.00,0.1,0.1,0.1,0.2,0.19,0.33,0.51,0.19,0.51
297,Jordi Masip,es  ESP,GK,Valladolid,30,1989,35,35,3150,35.0,0,0,0,0,0,2,0,0.00,0.00,0.00,0.00,0.00,0.0,0.0,0.0,0.0,0.00,0.00,0.00,0.00,0.00
298,Jaime Mata,es  ESP,FW,Getafe,30,1988,34,33,2747,30.5,11,3,8,3,4,14,0,0.36,0.10,0.46,0.26,0.36,9.3,6.3,2.5,8.8,0.31,0.08,0.39,0.21,0.29
299,Borja Mayoral,es  ESP,FW,Levante,22,1997,34,24,2140,23.8,8,2,8,0,0,2,0,0.34,0.08,0.42,0.34,0.42,7.7,7.7,2.6,10.2,0.32,0.11,0.43,0.32,0.43
300,Óscar Melendo,es  ESP,"MF,FW",Espanyol,21,1997,24,12,1115,12.4,0,0,0,0,0,0,0,0.00,0.00,0.00,0.00,0.00,0.1,0.1,0.4,0.6,0.01,0.03,0.05,0.01,0.05
301,Gonzalo Melero,es  ESP,MF,Levante,25,1994,25,14,1236,13.7,2,1,1,1,1,4,0,0.15,0.07,0.22,0.07,0.15,2.4,1.6,0.8,2.4,0.17,0.06,0.23,0.12,0.17
302,Arthur Melo,br  BRA,MF,Barcelona,22,1996,21,14,1182,13.1,3,3,3,0,0,1,0,0.23,0.23,0.46,0.23,0.46,1.3,1.3,1.2,2.5,0.10,0.09,0.19,0.10,0.19
303,Brais Méndez,es  ESP,"MF,FW",Celta Vigo,22,1997,31,15,1477,16.4,0,2,0,0,0,4,0,0.00,0.12,0.12,0.00,0.12,1.5,1.5,1.1,2.6,0.09,0.06,0.16,0.09,0.16
304,Édgar Méndez,es  ESP,"MF,FW",Alavés,29,1990,16,10,864,9.6,1,0,1,0,0,3,0,0.10,0.00,0.10,0.10,0.10,0.5,0.5,0.6,1.0,0.05,0.06,0.11,0.05,0.11
305,Ferland Mendy,fr  FRA,DF,Real Madrid,24,1995,25,19,1809,20.1,1,3,1,0,0,8,1,0.05,0.15,0.20,0.05,0.20,0.5,0.5,2.1,2.6,0.02,0.10,0.13,0.02,0.13
306,Fran Mérida,es  ESP,MF,Osasuna,29,1990,23,12,1161,12.9,0,1,0,0,0,9,1,0.00,0.08,0.08,0.00,0.08,0.3,0.3,0.3,0.6,0.02,0.02,0.05,0.02,0.05
307,Mikel Merino,es  ESP,MF,Real Sociedad,23,1996,36,35,3139,34.9,5,1,5,0,0,9,0,0.14,0.03,0.17,0.14,0.17,2.8,2.8,2.1,4.9,0.08,0.06,0.14,0.08,0.14
308,Sabin Merino,es  ESP,FW,Leganés,27,1992,2,1,78,0.9,0,0,0,0,0,0,0,0.00,0.00,0.00,0.00,0.00,0.0,0.0,0.0,0.0,0.00,0.03,0.03,0.00,0.03
309,Roque Mesa,es  ESP,MF,Leganés,30,1989,29,22,2012,22.4,1,3,1,0,0,11,0,0.04,0.13,0.18,0.04,0.18,1.4,1.4,2.5,3.8,0.06,0.11,0.17,0.06,0.17
310,Lionel Messi,ar  ARG,"FW,MF",Barcelona,32,1987,33,32,2880,32.0,25,21,20,5,5,4,0,0.78,0.66,1.44,0.62,1.28,19.2,15.4,15.3,30.7,0.60,0.48,1.08,0.48,0.96
311,Míchel,es  ESP,MF,Valladolid,31,1988,29,27,2178,24.2,1,2,0,1,1,6,0,0.04,0.08,0.12,0.00,0.08,1.2,0.5,2.2,2.7,0.05,0.09,0.14,0.02,0.11
312,Miguel,es  ESP,FW,Valladolid,19,1999,7,2,232,2.6,0,0,0,0,0,1,0,0.00,0.00,0.00,0.00,0.00,0.0,0.0,0.6,0.6,0.02,0.22,0.24,0.02,0.24
313,Éder Militão,br  BRA,DF,Real Madrid,21,1998,15,10,1022,11.4,0,0,0,0,0,3,0,0.00,0.00,0.00,0.00,0.00,0.1,0.1,0.0,0.1,0.01,0.00,0.01,0.01,0.01
314,Santi Mina,es  ESP,"FW,MF",Celta Vigo,23,1995,34,21,1944,21.6,6,3,6,0,0,4,0,0.28,0.14,0.42,0.28,0.42,5.6,5.6,2.4,8.0,0.26,0.11,0.37,0.26,0.37
315,Jorge Miramón,es  ESP,DF,Levante,30,1989,32,27,2432,27.0,0,3,0,0,0,4,1,0.00,0.11,0.11,0.00,0.11,0.2,0.2,2.2,2.5,0.01,0.08,0.09,0.01,0.09
316,Luka Modrić,hr  CRO,MF,Real Madrid,33,1985,31,22,1996,22.2,3,7,3,0,0,7,1,0.14,0.32,0.45,0.14,0.45,2.1,2.1,3.3,5.4,0.09,0.15,0.24,0.09,0.24
317,Jorge Molina,es  ESP,FW,Getafe,37,1982,34,23,1886,21.0,5,3,3,2,2,6,1,0.24,0.14,0.38,0.14,0.29,5.5,4.0,3.3,7.3,0.26,0.16,0.42,0.19,0.35
318,Jon Moncayola,es  ESP,"MF,DF",Osasuna,21,1998,27,15,1496,16.6,1,0,1,0,0,4,0,0.06,0.00,0.06,0.06,0.06,0.7,0.7,0.3,1.0,0.04,0.02,0.06,0.04,0.06
319,Nacho Monreal,es  ESP,DF,Real Sociedad,33,1986,29,27,2390,26.6,2,0,2,0,0,3,0,0.08,0.00,0.08,0.08,0.08,2.3,2.3,1.1,3.4,0.08,0.04,0.13,0.08,0.13
320,Joan Monterde,es  ESP,MF,Levante,21,1997,1,0,9,0.1,0,0,0,0,0,0,0,0.00,0.00,0.00,0.00,0.00,0.0,0.0,0.0,0.0,0.00,0.00,0.00,0.00,0.00
321,Ángel Montoro,es  ESP,MF,Granada,31,1988,15,11,973,10.8,2,5,2,0,0,6,0,0.18,0.46,0.65,0.18,0.65,1.2,1.2,1.2,2.4,0.11,0.11,0.22,0.11,0.22
322,Álvaro Morata,es  ESP,FW,Atlético Madrid,26,1992,34,25,2098,23.3,12,2,10,2,3,6,1,0.51,0.09,0.60,0.43,0.51,13.1,10.8,3.6,14.4,0.56,0.15,0.71,0.46,0.62
323,Alberto Moreno,es  ESP,DF,Villarreal,27,1992,18,17,1471,16.3,0,0,0,0,0,6,0,0.00,0.00,0.00,0.00,0.00,0.7,0.7,0.6,1.3,0.04,0.03,0.08,0.04,0.08
324,Álex Moreno,es  ESP,DF,Betis,26,1993,31,25,2265,25.2,0,4,0,0,0,5,0,0.00,0.16,0.16,0.00,0.16,2.3,2.3,2.0,4.3,0.09,0.08,0.17,0.09,0.17
325,Gerard Moreno,es  ESP,"FW,MF",Villarreal,27,1992,35,33,2744,30.5,18,5,17,1,2,5,0,0.59,0.16,0.75,0.56,0.72,13.4,11.9,6.6,18.5,0.44,0.22,0.66,0.39,0.61
326,Manu Morlanes,es  ESP,"MF,FW",Villarreal,20,1999,9,3,253,2.8,0,1,0,0,0,0,0,0.00,0.36,0.36,0.00,0.36,0.0,0.0,0.5,0.5,0.00,0.18,0.18,0.00,0.18
327,Loren Morón,es  ESP,FW,Betis,25,1993,36,21,2031,22.6,10,3,10,0,0,2,1,0.44,0.13,0.58,0.44,0.58,7.9,7.9,2.6,10.4,0.35,0.11,0.46,0.35,0.46
328,Toni Moya,es  ESP,MF,Atlético Madrid,21,1998,1,0,4,0.0,0,0,0,0,0,0,0,0.00,0.00,0.00,0.00,0.00,0.0,0.0,0.0,0.0,0.00,0.00,0.00,0.00,0.00
329,Javi Moyano,es  ESP,DF,Valladolid,33,1986,26,26,2227,24.7,0,0,0,0,0,4,0,0.00,0.00,0.00,0.00,0.00,0.4,0.4,0.8,1.2,0.01,0.03,0.05,0.01,0.05
330,Iker Muniain,es  ESP,"FW,MF",Athletic Club,26,1992,31,26,2382,26.5,5,2,5,0,0,4,1,0.19,0.08,0.26,0.19,0.26,4.0,4.0,2.2,6.2,0.15,0.08,0.23,0.15,0.23
331,Aihen Muñoz,es  ESP,DF,Real Sociedad,21,1997,15,11,981,10.9,0,0,0,0,0,1,0,0.00,0.00,0.00,0.00,0.00,0.0,0.0,0.0,0.0,0.00,0.00,0.00,0.00,0.00
332,Javier Muñoz,es  ESP,MF,Alavés,24,1995,1,1,52,0.6,0,0,0,0,0,0,0,0.00,0.00,0.00,0.00,0.00,0.0,0.0,0.0,0.0,0.00,0.00,0.00,0.00,0.00
333,Jeison Murillo,co  COL,DF,Celta Vigo,27,1992,18,17,1529,17.0,1,0,1,0,0,5,0,0.06,0.00,0.06,0.06,0.06,0.4,0.4,0.0,0.4,0.02,0.00,0.02,0.02,0.02
334,Naldo,br  BRA,DF,Espanyol,30,1988,18,15,1332,14.8,0,1,0,0,0,8,1,0.00,0.07,0.07,0.00,0.07,0.3,0.3,0.0,0.3,0.02,0.00,0.02,0.02,0.02
335,Marc Navarro,es  ESP,DF,Leganés,24,1995,4,3,219,2.4,0,0,0,0,0,1,0,0.00,0.00,0.00,0.00,0.00,0.2,0.2,0.0,0.2,0.08,0.00,0.08,0.08,0.08
336,Ximo Navarro,es  ESP,DF,Alavés,29,1990,23,22,1903,21.1,0,0,0,0,0,8,0,0.00,0.00,0.00,0.00,0.00,0.4,0.4,0.1,0.5,0.02,0.01,0.02,0.02,0.02
337,Jesús Navas,es  ESP,DF,Sevilla,33,1985,38,37,3369,37.4,0,7,0,0,0,4,0,0.00,0.19,0.19,0.00,0.19,0.2,0.2,6.4,6.6,0.01,0.17,0.18,0.01,0.18
338,Raúl Navas,es  ESP,DF,Osasuna,31,1988,9,8,711,7.9,0,0,0,0,0,2,0,0.00,0.00,0.00,0.00,0.00,0.0,0.0,0.1,0.1,0.00,0.02,0.02,0.00,0.02
339,Neto,br  BRA,GK,Barcelona,30,1989,2,2,180,2.0,0,0,0,0,0,0,0,0.00,0.00,0.00,0.00,0.00,0.0,0.0,0.0,0.0,0.00,0.00,0.00,0.00,0.00
340,Carlos Neva,es  ESP,DF,Granada,23,1996,26,25,2205,24.5,0,1,0,0,0,2,0,0.00,0.04,0.04,0.00,0.04,0.6,0.6,1.1,1.7,0.02,0.05,0.07,0.02,0.07
341,Saúl Ñíguez,es  ESP,"MF,DF",Atlético Madrid,24,1994,35,35,3072,34.1,6,0,4,2,2,10,0,0.18,0.00,0.18,0.12,0.12,4.3,2.8,1.5,4.3,0.13,0.04,0.17,0.08,0.12
342,Fernando Niño,es  ESP,FW,Villarreal,18,2000,5,1,83,0.9,1,0,1,0,0,1,0,1.08,0.00,1.08,1.08,1.08,0.3,0.3,0.0,0.3,0.29,0.00,0.29,0.29,0.29
343,Unai Núñez,es  ESP,DF,Athletic Club,22,1997,20,16,1572,17.5,0,0,0,0,0,7,0,0.00,0.00,0.00,0.00,0.00,0.4,0.4,0.1,0.5,0.02,0.01,0.03,0.02,0.03
344,Allan Nyom,cm  CMR,"DF,MF",Getafe,31,1988,34,31,2422,26.9,2,0,2,0,0,13,2,0.07,0.00,0.07,0.07,0.07,0.7,0.7,0.9,1.6,0.03,0.03,0.06,0.03,0.06
345,Jan Oblak,si  SVN,GK,Atlético Madrid,26,1993,38,38,3395,37.7,0,0,0,0,0,0,0,0.00,0.00,0.00,0.00,0.00,0.0,0.0,0.0,0.0,0.00,0.00,0.00,0.00,0.00
346,Rafael Obrador,es  ESP,DF,Mallorca,15,2004,1,0,4,0.0,0,0,0,0,0,0,0,0.00,0.00,0.00,0.00,0.00,0.0,0.0,0.0,0.0,0.00,0.00,0.00,0.00,0.00
347,Lucas Ocampos,ar  ARG,FW,Sevilla,25,1994,33,31,2745,30.5,14,3,9,5,5,10,1,0.46,0.10,0.56,0.30,0.39,10.6,6.8,2.4,9.2,0.35,0.08,0.43,0.22,0.30
348,Álvaro Odriozola,es  ESP,DF,Real Madrid,23,1995,4,4,343,3.8,0,1,0,0,0,3,1,0.00,0.26,0.26,0.00,0.26,0.2,0.2,0.8,1.0,0.06,0.20,0.26,0.06,0.26
349,Lucas Olaza,uy  URU,DF,Celta Vigo,25,1994,35,35,3144,34.9,1,3,1,0,0,5,0,0.03,0.09,0.11,0.03,0.11,0.8,0.8,3.6,4.4,0.02,0.10,0.13,0.02,0.13
350,Oier Olazábal,es  ESP,GK,Espanyol,29,1989,2,2,180,2.0,0,0,0,0,0,0,0,0.00,0.00,0.00,0.00,0.00,0.0,0.0,0.0,0.0,0.00,0.00,0.00,0.00,0.00
351,Kiko Olivas,es  ESP,DF,Valladolid,30,1988,35,33,2943,32.7,2,0,2,0,0,2,0,0.06,0.00,0.06,0.06,0.06,1.6,1.6,0.2,1.8,0.05,0.01,0.05,0.05,0.05
352,Paulo Oliveira,pt  POR,DF,Eibar,27,1992,26,23,2090,23.2,1,0,1,0,0,7,1,0.04,0.00,0.04,0.04,0.04,1.0,1.0,0.2,1.2,0.04,0.01,0.05,0.04,0.05
353,Mathías Olivera,uy  URU,DF,Getafe,21,1997,24,21,1870,20.8,0,1,0,0,0,7,1,0.00,0.05,0.05,0.00,0.05,0.7,0.7,0.8,1.5,0.04,0.04,0.07,0.04,0.07
354,Kenneth Omeruo,ng  NGA,DF,Leganés,25,1993,23,22,1874,20.8,1,0,1,0,0,5,0,0.05,0.00,0.05,0.05,0.05,0.5,0.5,0.4,0.9,0.03,0.02,0.04,0.03,0.04
355,Javier Ontiveros,es  ESP,"FW,MF",Villarreal,21,1997,30,7,889,9.9,2,1,2,0,0,2,0,0.20,0.10,0.30,0.20,0.30,2.1,2.1,1.4,3.5,0.22,0.14,0.36,0.22,0.36
356,Fabián Orellana,cl  CHI,"MF,FW",Eibar,33,1986,29,28,2390,26.6,8,7,4,4,5,9,1,0.30,0.26,0.56,0.15,0.41,7.4,3.6,4.8,8.4,0.28,0.18,0.46,0.14,0.32
357,Aimar Oroz,es  ESP,FW,Osasuna,17,2001,1,0,11,0.1,0,0,0,0,0,0,0,0.00,0.00,0.00,0.00,0.00,0.0,0.0,0.0,0.0,0.00,0.00,0.00,0.00,0.00
358,Mikel Oyarzabal,es  ESP,"FW,MF",Real Sociedad,22,1997,37,36,3051,33.9,10,11,6,4,4,4,0,0.29,0.32,0.62,0.18,0.50,8.5,5.5,7.3,12.8,0.25,0.22,0.47,0.16,0.38
359,Fernando Pacheco,es  ESP,GK,Alavés,27,1992,27,27,2358,26.2,0,0,0,0,0,0,1,0.00,0.00,0.00,0.00,0.00,0.0,0.0,0.0,0.0,0.00,0.00,0.00,0.00,0.00
360,Jon Pacheco,es  ESP,DF,Real Sociedad,18,2001,1,1,77,0.9,0,0,0,0,0,0,0,0.00,0.00,0.00,0.00,0.00,0.0,0.0,0.0,0.0,0.00,0.00,0.00,0.00,0.00
361,Daniel Parejo,es  ESP,MF,Valencia,30,1989,35,35,3024,33.6,8,3,3,5,6,6,1,0.24,0.09,0.33,0.09,0.18,6.2,1.7,4.1,5.8,0.19,0.12,0.31,0.05,0.17
362,Miquel Parera,es  ESP,GK,Mallorca,23,1996,1,1,90,1.0,0,0,0,0,0,0,0,0.00,0.00,0.00,0.00,0.00,0.0,0.0,0.0,0.0,0.00,0.00,0.00,0.00,0.00
363,Thomas Partey,gh  GHA,MF,Atlético Madrid,26,1993,35,29,2549,28.3,3,0,3,0,0,13,0,0.11,0.00,0.11,0.11,0.11,1.5,1.5,1.0,2.4,0.05,0.03,0.09,0.05,0.09
364,Paulino,es  ESP,MF,Alavés,22,1997,3,0,75,0.8,0,0,0,0,0,0,0,0.00,0.00,0.00,0.00,0.00,0.0,0.0,0.0,0.0,0.00,0.00,0.00,0.00,0.00
365,Gabriel Paulista,br  BRA,DF,Valencia,28,1990,33,31,2801,31.1,1,1,1,0,0,5,0,0.03,0.03,0.06,0.03,0.06,0.7,0.7,0.0,0.7,0.02,0.00,0.02,0.02,0.02
366,Alfonso Pedraza,es  ESP,DF,Betis,23,1996,21,15,1349,15.0,1,0,1,0,0,3,0,0.07,0.00,0.07,0.07,0.07,1.1,1.1,0.8,2.0,0.08,0.05,0.13,0.08,0.13
367,Marc Pedraza,es  ESP,MF,Mallorca,32,1987,3,2,130,1.4,0,0,0,0,0,0,0,0.00,0.00,0.00,0.00,0.00,0.0,0.0,0.0,0.0,0.00,0.00,0.00,0.00,0.00
368,Pedrosa,es  ESP,"DF,MF",Espanyol,21,1998,20,11,1087,12.1,1,0,1,0,0,3,0,0.08,0.00,0.08,0.08,0.08,1.7,1.7,0.4,2.1,0.14,0.03,0.18,0.14,0.18
369,Rubén Peña,es  ESP,DF,Villarreal,28,1991,26,21,1909,21.2,2,2,2,0,0,5,0,0.09,0.09,0.19,0.09,0.19,1.2,1.2,1.3,2.5,0.06,0.06,0.12,0.06,0.12
370,Luis Perea,es  ESP,"FW,MF",Osasuna,21,1997,2,0,21,0.2,0,0,0,0,0,0,0,0.00,0.00,0.00,0.00,0.00,0.0,0.0,0.0,0.0,0.00,0.00,0.00,0.00,0.00
371,Victor Perea,es  ESP,DF,Espanyol,19,2000,18,14,1270,14.1,0,0,0,0,0,2,0,0.00,0.00,0.00,0.00,0.00,0.1,0.1,0.6,0.7,0.01,0.05,0.05,0.01,0.05
372,Carles Pérez,es  ESP,FW,Barcelona,21,1998,10,5,476,5.3,1,2,1,0,0,0,0,0.19,0.38,0.57,0.19,0.57,0.9,0.9,0.3,1.2,0.16,0.06,0.22,0.16,0.22
373,Iñigo Pérez,es  ESP,MF,Osasuna,31,1988,22,11,1082,12.0,2,1,2,0,0,4,0,0.17,0.08,0.25,0.17,0.25,1.1,1.1,0.7,1.8,0.09,0.06,0.15,0.09,0.15
374,Juan Pérez,es  ESP,GK,Osasuna,23,1996,2,2,180,2.0,0,0,0,0,0,0,0,0.00,0.00,0.00,0.00,0.00,0.0,0.0,0.0,0.0,0.00,0.00,0.00,0.00,0.00
375,Kike Pérez,es  ESP,"MF,FW",Valladolid,22,1997,6,2,218,2.4,0,0,0,0,0,1,0,0.00,0.00,0.00,0.00,0.00,0.5,0.5,0.1,0.6,0.21,0.05,0.26,0.21,0.26
376,Lucas Pérez,es  ESP,FW,Alavés,30,1988,34,29,2496,27.7,11,5,6,5,5,4,0,0.40,0.18,0.58,0.22,0.40,9.9,6.1,5.9,12.0,0.36,0.21,0.57,0.22,0.43
377,Rubén Pérez,es  ESP,MF,Leganés,30,1989,26,25,2194,24.4,1,1,0,1,1,9,0,0.04,0.04,0.08,0.00,0.04,1.1,0.3,0.5,0.8,0.04,0.02,0.06,0.01,0.03
378,Samu Pérez,es  ESP,GK,Valladolid,22,1997,1,0,26,0.3,0,0,0,0,0,0,0,0.00,0.00,0.00,0.00,0.00,0.0,0.0,0.0,0.0,0.00,0.00,0.00,0.00,0.00
379,Pablo Piatti,ar  ARG,"DF,MF",Espanyol,30,1989,3,0,56,0.6,0,0,0,0,0,0,0,0.00,0.00,0.00,0.00,0.00,0.1,0.1,0.0,0.1,0.12,0.00,0.12,0.12,0.12
380,Cristiano Piccini,it  ITA,DF,Valencia,26,1992,2,1,75,0.8,0,0,0,0,0,0,0,0.00,0.00,0.00,0.00,0.00,0.1,0.1,0.0,0.1,0.11,0.00,0.11,0.11,0.11
381,Tomás Pina Isla,es  ESP,MF,Alavés,31,1987,20,17,1344,14.9,1,0,1,0,0,6,1,0.07,0.00,0.07,0.07,0.07,0.9,0.9,0.5,1.3,0.06,0.03,0.09,0.06,0.09
382,Pipa,es  ESP,DF,Espanyol,21,1998,7,5,473,5.3,0,0,0,0,0,3,0,0.00,0.00,0.00,0.00,0.00,0.3,0.3,0.3,0.6,0.07,0.05,0.11,0.07,0.11
383,Gerard Piqué,es  ESP,DF,Barcelona,32,1987,35,35,3092,34.4,1,0,1,0,0,15,0,0.03,0.00,0.03,0.03,0.03,2.3,2.3,0.6,2.9,0.07,0.02,0.08,0.07,0.08
384,Óscar Plano,es  ESP,MF,Valladolid,28,1991,36,28,2505,27.8,4,2,4,0,0,6,0,0.14,0.07,0.22,0.14,0.22,4.3,4.3,2.7,7.0,0.15,0.10,0.25,0.15,0.25
385,Pere Pons,es  ESP,MF,Alavés,26,1993,30,7,1088,12.1,1,1,1,0,0,3,0,0.08,0.08,0.17,0.08,0.17,0.2,0.2,0.9,1.2,0.02,0.08,0.10,0.02,0.10
386,Pedro Porro,es  ESP,"DF,MF",Valladolid,19,1999,13,7,739,8.2,0,0,0,0,0,1,0,0.00,0.00,0.00,0.00,0.00,0.0,0.0,0.2,0.2,0.00,0.02,0.03,0.00,0.03
387,Francisco Portillo,es  ESP,MF,Getafe,29,1990,16,3,376,4.2,0,2,0,0,0,3,0,0.00,0.48,0.48,0.00,0.48,0.3,0.3,0.9,1.2,0.07,0.22,0.29,0.07,0.29
388,Portu,es  ESP,"FW,MF",Real Sociedad,27,1992,35,25,2393,26.6,7,7,7,0,1,5,0,0.26,0.26,0.53,0.26,0.53,5.9,5.1,5.2,10.3,0.22,0.20,0.42,0.19,0.39
389,Sergio Postigo,es  ESP,DF,Levante,30,1988,28,27,2374,26.4,1,1,1,0,0,6,0,0.04,0.04,0.08,0.04,0.08,0.7,0.7,0.6,1.3,0.03,0.02,0.05,0.03,0.05
390,Florent Poulolo,fr  FRA,"MF,DF",Getafe,22,1997,1,0,1,0.0,0,0,0,0,0,0,0,0.00,0.00,0.00,0.00,0.00,0.0,0.0,0.0,0.0,0.00,0.00,0.00,0.00,0.00
391,Darío Poveda,es  ESP,FW,Atlético Madrid,22,1997,1,0,8,0.1,0,0,0,0,0,0,0,0.00,0.00,0.00,0.00,0.00,0.1,0.1,0.0,0.1,1.17,0.00,1.17,1.17,1.17
392,Abdón Prats,es  ESP,"FW,MF",Mallorca,26,1992,20,0,279,3.1,0,0,0,0,1,1,0,0.00,0.00,0.00,0.00,0.00,1.4,0.6,0.1,0.7,0.44,0.03,0.48,0.20,0.23
393,Antonio Puertas,es  ESP,"FW,MF",Granada,27,1992,36,27,2563,28.5,7,3,7,0,0,7,0,0.25,0.11,0.35,0.25,0.35,7.2,7.2,3.3,10.5,0.25,0.12,0.37,0.25,0.37
394,Riqui Puig,es  ESP,MF,Barcelona,19,1999,11,5,510,5.7,0,2,0,0,0,1,0,0.00,0.35,0.35,0.00,0.35,0.6,0.6,1.6,2.2,0.10,0.29,0.39,0.10,0.39
395,Quini,es  ESP,DF,Granada,29,1989,10,8,718,8.0,0,0,0,0,0,2,0,0.00,0.00,0.00,0.00,0.00,0.2,0.2,0.2,0.4,0.03,0.03,0.05,0.03,0.05
396,Xavi Quintillà,es  ESP,DF,Villarreal,22,1996,19,17,1573,17.5,0,2,0,0,0,6,0,0.00,0.11,0.11,0.00,0.11,0.2,0.2,1.3,1.5,0.01,0.08,0.09,0.01,0.09
397,Quique,es  ESP,FW,Eibar,29,1990,15,4,490,5.4,0,1,0,0,0,0,0,0.00,0.18,0.18,0.00,0.18,0.7,0.7,0.3,0.9,0.12,0.05,0.17,0.12,0.17
398,Nemanja Radoja,rs  SRB,MF,Levante,26,1993,26,22,1993,22.1,1,0,1,0,0,3,0,0.05,0.00,0.05,0.05,0.05,0.2,0.2,0.6,0.8,0.01,0.03,0.03,0.01,0.03
399,Baba Rahman,gh  GHA,DF,Mallorca,25,1994,2,2,108,1.2,0,0,0,0,0,1,0,0.00,0.00,0.00,0.00,0.00,0.1,0.1,0.0,0.1,0.07,0.00,0.07,0.07,0.07
400,Antonio Raillo,es  ESP,DF,Mallorca,27,1991,32,32,2775,30.8,1,0,1,0,0,9,1,0.03,0.00,0.03,0.03,0.03,1.8,1.8,0.2,2.0,0.06,0.01,0.06,0.06,0.06
401,Ivan Rakitić,hr  CRO,MF,Barcelona,31,1988,31,16,1589,17.7,1,3,1,0,0,5,0,0.06,0.17,0.23,0.06,0.23,2.1,2.1,1.4,3.5,0.12,0.08,0.20,0.12,0.20
402,Sandro Ramírez,es  ESP,"FW,MF",Valladolid,24,1995,24,15,1306,14.5,3,1,3,0,1,2,0,0.21,0.07,0.28,0.21,0.28,4.5,3.7,1.7,5.4,0.31,0.12,0.42,0.26,0.37
403,Iván Ramis,es  ESP,DF,Eibar,34,1984,7,6,457,5.1,1,0,1,0,0,1,0,0.20,0.00,0.20,0.20,0.20,0.2,0.2,0.0,0.2,0.03,0.00,0.03,0.03,0.03
404,Adrián Ramos,co  COL,FW,Granada,33,1986,7,2,226,2.5,0,0,0,0,0,0,0,0.00,0.00,0.00,0.00,0.00,0.4,0.4,0.1,0.5,0.18,0.03,0.20,0.18,0.20
405,Sergio Ramos,es  ESP,DF,Real Madrid,33,1986,35,35,3013,33.5,11,0,5,6,6,10,0,0.33,0.00,0.33,0.15,0.15,10.2,5.7,0.3,5.9,0.31,0.01,0.31,0.17,0.18
406,Raúl,es  ESP,"FW,MF",Betis,18,2000,3,0,19,0.2,0,0,0,0,0,0,0,0.00,0.00,0.00,0.00,0.00,0.0,0.0,0.0,0.0,0.00,0.00,0.00,0.00,0.00
407,Recio,es  ESP,MF,Leganés,28,1991,25,18,1570,17.4,0,0,0,0,0,11,0,0.00,0.00,0.00,0.00,0.00,1.2,1.2,0.3,1.5,0.07,0.02,0.08,0.07,0.08
408,Sergio Reguilón,es  ESP,DF,Sevilla,22,1996,31,29,2509,27.9,2,4,2,0,0,8,0,0.07,0.14,0.22,0.07,0.22,1.8,1.8,3.7,5.5,0.06,0.13,0.20,0.06,0.20
409,Manolo Reina,es  ESP,GK,Mallorca,34,1985,36,36,3240,36.0,0,0,0,0,0,4,0,0.00,0.00,0.00,0.00,0.00,0.0,0.0,0.0,0.0,0.00,0.00,0.00,0.00,0.00
410,Álex Remiro,es  ESP,GK,Real Sociedad,24,1995,25,25,2250,25.0,0,0,0,0,0,0,0,0.00,0.00,0.00,0.00,0.00,0.1,0.1,0.0,0.1,0.00,0.00,0.01,0.00,0.01
411,Nico Ribaudo,es  ESP,"FW,MF",Espanyol,18,2001,6,2,182,2.0,0,0,0,0,0,1,0,0.00,0.00,0.00,0.00,0.00,0.1,0.1,0.8,0.9,0.06,0.37,0.44,0.06,0.44
412,Luis Rioja,es  ESP,MF,Alavés,25,1993,28,19,1634,18.2,0,0,0,0,0,3,0,0.00,0.00,0.00,0.00,0.00,0.5,0.5,2.2,2.7,0.03,0.12,0.15,0.03,0.15
413,Rodrigo Riquelme,es  ESP,MF,Atlético Madrid,19,2000,1,0,13,0.1,0,0,0,0,0,0,0,0.00,0.00,0.00,0.00,0.00,0.1,0.1,0.0,0.1,0.82,0.00,0.82,0.82,0.82
414,Cristian Rivera,es  ESP,MF,Leganés,22,1997,5,3,311,3.5,0,0,0,0,0,3,0,0.00,0.00,0.00,0.00,0.00,0.0,0.0,0.1,0.2,0.01,0.04,0.05,0.01,0.05
415,Rober,es  ESP,DF,Levante,24,1995,4,2,191,2.1,0,0,0,0,0,0,0,0.00,0.00,0.00,0.00,0.00,0.0,0.0,0.0,0.0,0.00,0.00,0.00,0.00,0.00
416,Roberto,es  ESP,GK,Alavés,33,1986,9,8,790,8.8,0,0,0,0,0,1,0,0.00,0.00,0.00,0.00,0.00,0.0,0.0,0.0,0.0,0.00,0.00,0.00,0.00,0.00
417,Sergi Roberto,es  ESP,"DF,MF",Barcelona,27,1992,30,27,2339,26.0,1,2,1,0,0,8,0,0.04,0.08,0.12,0.04,0.12,0.8,0.8,2.4,3.2,0.03,0.09,0.12,0.03,0.12
418,Joel Robles,es  ESP,GK,Betis,29,1990,33,33,2887,32.1,0,0,0,0,0,3,1,0.00,0.00,0.00,0.00,0.00,0.0,0.0,0.0,0.0,0.00,0.00,0.00,0.00,0.00
419,Marc Roca,es  ESP,MF,Espanyol,22,1996,35,35,3008,33.4,2,1,0,2,2,8,0,0.06,0.03,0.09,0.00,0.03,2.3,0.8,2.6,3.4,0.07,0.08,0.15,0.02,0.10
420,Rubén Rochina,es  ESP,MF,Levante,28,1991,28,22,1875,20.8,5,3,5,0,0,5,0,0.24,0.14,0.38,0.24,0.38,2.6,2.6,2.6,5.2,0.13,0.13,0.25,0.13,0.25
421,Rodrigo,es  ESP,FW,Valencia,28,1991,27,23,1880,20.9,4,7,4,0,0,2,1,0.19,0.34,0.53,0.19,0.53,5.7,5.7,4.4,10.1,0.27,0.21,0.48,0.27,0.48
422,Óscar Rodríguez Arnaiz,es  ESP,"MF,FW",Leganés,21,1998,30,22,1914,21.3,9,2,7,2,2,6,1,0.42,0.09,0.52,0.33,0.42,4.6,3.1,2.9,6.0,0.22,0.14,0.35,0.14,0.28
423,Ángel Rodríguez,es  ESP,FW,Getafe,32,1987,32,9,1407,15.6,10,3,9,1,1,6,0,0.64,0.19,0.83,0.58,0.77,6.4,5.6,1.7,7.3,0.41,0.11,0.52,0.36,0.47
424,Dani Rodríguez,es  ESP,"MF,FW",Mallorca,31,1988,37,36,3039,33.8,5,2,4,1,1,7,0,0.15,0.06,0.21,0.12,0.18,4.5,3.8,2.2,6.0,0.13,0.07,0.20,0.11,0.18
425,Guido Rodríguez,ar  ARG,MF,Betis,25,1994,14,11,936,10.4,1,0,1,0,0,5,0,0.10,0.00,0.10,0.10,0.10,1.0,1.0,0.0,1.0,0.09,0.00,0.09,0.09,0.09
426,James Rodríguez,co  COL,MF,Real Madrid,28,1991,8,5,419,4.7,1,1,1,0,0,1,0,0.21,0.21,0.43,0.21,0.43,0.9,0.9,1.8,2.7,0.19,0.39,0.58,0.19,0.58
427,Mario Rodriguez,es  ESP,FW,Granada,22,1997,1,0,2,0.0,0,0,0,0,0,0,0,0.00,0.00,0.00,0.00,0.00,0.0,0.0,0.0,0.0,0.00,0.00,0.00,0.00,0.00
428,Rodrygo,br  BRA,FW,Real Madrid,18,2001,19,12,1019,11.3,2,0,2,0,0,0,0,0.18,0.00,0.18,0.18,0.18,2.6,2.6,1.0,3.6,0.23,0.09,0.32,0.23,0.32
429,Luka Romero,ar  ARG,MF,Mallorca,14,2004,1,0,8,0.1,0,0,0,0,0,0,0,0.00,0.00,0.00,0.00,0.00,0.0,0.0,0.0,0.0,0.00,0.00,0.00,0.00,0.00
430,Facundo Roncaglia,ar  ARG,DF,Osasuna,32,1987,16,15,1277,14.2,1,0,1,0,0,4,2,0.07,0.00,0.07,0.07,0.07,0.0,0.0,0.2,0.2,0.00,0.01,0.02,0.00,0.02
431,Roberto Rosales,ve  VEN,DF,Leganés,30,1988,25,21,1871,20.8,0,1,0,0,0,7,0,0.00,0.05,0.05,0.00,0.05,0.4,0.4,2.1,2.4,0.02,0.10,0.12,0.02,0.12
432,Rubén,es  ESP,GK,Osasuna,35,1984,19,18,1583,17.6,0,0,0,0,0,0,0,0.00,0.00,0.00,0.00,0.00,0.0,0.0,0.0,0.0,0.00,0.00,0.00,0.00,0.00
433,Waldo Rubio,es  ESP,"MF,FW",Valladolid,23,1995,21,9,878,9.8,0,2,0,0,0,6,0,0.00,0.21,0.21,0.00,0.21,0.6,0.6,1.0,1.6,0.06,0.11,0.17,0.06,0.17
434,Aitor Ruibal,es  ESP,"DF,FW",Leganés,23,1996,25,13,1220,13.6,0,0,0,0,0,4,0,0.00,0.00,0.00,0.00,0.00,0.7,0.7,0.8,1.6,0.05,0.06,0.12,0.05,0.12
435,Jorge Sáenz,es  ESP,"DF,FW",Celta Vigo,22,1996,7,5,371,4.1,0,0,0,0,0,3,1,0.00,0.00,0.00,0.00,0.00,0.0,0.0,0.0,0.0,0.00,0.00,0.00,0.00,0.00
436,Borja Sainz,es  ESP,"MF,FW",Alavés,18,2001,19,5,573,6.4,1,0,1,0,0,1,0,0.16,0.00,0.16,0.16,0.16,1.3,1.3,0.5,1.8,0.20,0.07,0.28,0.20,0.28
437,Yannis Salibur,fr  FRA,"MF,FW",Mallorca,28,1991,4,0,82,0.9,0,0,0,0,0,0,0,0.00,0.00,0.00,0.00,0.00,0.0,0.0,0.1,0.1,0.02,0.10,0.12,0.02,0.12
438,Mohammed Salisu,gh  GHA,DF,Valladolid,20,1999,31,30,2725,30.3,1,1,1,0,0,4,0,0.03,0.03,0.07,0.03,0.07,1.2,1.2,0.1,1.3,0.04,0.00,0.04,0.04,0.04
439,Fede San Emeterio,es  ESP,MF,Valladolid,22,1997,25,20,1751,19.5,0,0,0,0,0,4,0,0.00,0.00,0.00,0.00,0.00,0.0,0.0,0.2,0.3,0.00,0.01,0.01,0.00,0.01
440,Mikel San José,es  ESP,MF,Athletic Club,30,1989,9,3,359,4.0,0,0,0,0,0,3,0,0.00,0.00,0.00,0.00,0.00,0.5,0.5,0.0,0.5,0.13,0.01,0.13,0.13,0.13
441,Oihan Sancet,es  ESP,MF,Athletic Club,19,2000,17,9,741,8.2,1,1,1,0,0,1,0,0.12,0.12,0.24,0.12,0.24,0.9,0.9,0.7,1.5,0.11,0.08,0.19,0.11,0.19
442,Germán Sánchez,es  ESP,DF,Granada,32,1986,28,26,2293,25.5,2,0,2,0,0,12,1,0.08,0.00,0.08,0.08,0.08,1.5,1.5,0.1,1.6,0.06,0.00,0.06,0.06,0.06
443,Javi Sánchez,es  ESP,DF,Valladolid,22,1997,8,6,497,5.5,0,1,0,0,0,1,0,0.00,0.18,0.18,0.00,0.18,0.4,0.4,0.1,0.5,0.07,0.02,0.09,0.07,0.09
444,Manuel Sánchez,es  ESP,DF,Atlético Madrid,18,2000,5,4,325,3.6,0,0,0,0,0,1,0,0.00,0.00,0.00,0.00,0.00,0.0,0.0,0.3,0.3,0.00,0.08,0.08,0.00,0.08
445,Víctor Sánchez,es  ESP,"MF,DF",Espanyol,31,1987,25,20,1688,18.8,0,1,0,0,0,11,1,0.00,0.05,0.05,0.00,0.05,0.3,0.3,1.2,1.6,0.02,0.07,0.08,0.02,0.08
446,Luca Sangalli,es  ESP,MF,Real Sociedad,24,1995,11,5,372,4.1,0,1,0,0,0,0,0,0.00,0.24,0.24,0.00,0.24,0.5,0.5,0.5,1.0,0.12,0.12,0.23,0.12,0.23
447,Oier Sanjurjo,es  ESP,MF,Osasuna,33,1986,29,27,2320,25.8,2,1,2,0,0,15,1,0.08,0.04,0.12,0.08,0.12,2.0,2.0,1.0,3.0,0.08,0.04,0.12,0.08,0.12
448,Ivan Šaponjić,rs  SRB,"FW,DF",Atlético Madrid,21,1997,2,0,6,0.1,0,0,0,0,0,0,0,0.00,0.00,0.00,0.00,0.00,0.1,0.1,0.0,0.1,1.92,0.00,1.92,1.92,1.92
449,Joan Sastre Vanrell,es  ESP,DF,Mallorca,22,1997,19,16,1360,15.1,0,2,0,0,0,4,0,0.00,0.13,0.13,0.00,0.13,0.5,0.5,1.4,1.9,0.03,0.09,0.13,0.03,0.13
450,Stefan Savić,me  MNE,DF,Atlético Madrid,28,1991,22,22,1980,22.0,0,0,0,0,0,6,0,0.00,0.00,0.00,0.00,0.00,0.1,0.1,0.1,0.3,0.01,0.01,0.01,0.01,0.01
451,Aleksandar Sedlar,rs  SRB,DF,Mallorca,27,1991,12,9,814,9.0,0,0,0,0,0,3,1,0.00,0.00,0.00,0.00,0.00,0.0,0.0,0.0,0.1,0.00,0.01,0.01,0.00,0.01
452,Nélson Semedo,pt  POR,DF,Barcelona,25,1993,32,24,2097,23.3,1,2,1,0,0,2,0,0.04,0.09,0.13,0.04,0.13,1.0,1.0,2.1,3.1,0.04,0.09,0.13,0.04,0.13
453,Josep Señé,es  ESP,MF,Mallorca,27,1991,6,1,150,1.7,0,0,0,0,0,0,0,0.00,0.00,0.00,0.00,0.00,0.1,0.1,0.1,0.2,0.06,0.03,0.10,0.06,0.10
454,Salva Sevilla,es  ESP,MF,Mallorca,35,1984,35,31,2568,28.5,5,3,3,2,3,10,1,0.18,0.11,0.28,0.11,0.21,3.8,1.5,3.4,4.9,0.13,0.12,0.25,0.05,0.17
455,Sidnei,br  BRA,DF,Betis,29,1989,14,14,1175,13.1,1,0,1,0,0,1,0,0.08,0.00,0.08,0.08,0.08,0.3,0.3,0.0,0.4,0.02,0.00,0.03,0.02,0.03
456,Jonathan Silva,ar  ARG,DF,Leganés,25,1994,33,32,2785,30.9,1,2,1,0,0,13,1,0.03,0.06,0.10,0.03,0.10,1.6,1.6,2.1,3.7,0.05,0.07,0.12,0.05,0.12
457,Rui Silva,pt  POR,GK,Granada,25,1994,35,35,3150,35.0,0,0,0,0,0,3,0,0.00,0.00,0.00,0.00,0.00,0.0,0.0,0.5,0.5,0.00,0.01,0.01,0.00,0.01
458,Unai Simón,es  ESP,GK,Athletic Club,22,1997,34,34,2991,33.2,0,0,0,0,0,2,1,0.00,0.00,0.00,0.00,0.00,0.0,0.0,0.0,0.0,0.00,0.00,0.00,0.00,0.00
459,Dimitris Siovas,gr  GRE,DF,Leganés,30,1988,24,23,1918,21.3,0,0,0,0,0,7,0,0.00,0.00,0.00,0.00,0.00,0.9,0.9,0.1,1.0,0.04,0.00,0.05,0.04,0.05
460,Pione Sisto,dk  DEN,"FW,MF",Celta Vigo,24,1995,21,8,891,9.9,2,0,2,0,0,2,0,0.20,0.00,0.20,0.20,0.20,1.9,1.9,0.3,2.3,0.20,0.03,0.23,0.20,0.23
461,Antonio Sivera,es  ESP,GK,Alavés,22,1996,3,3,270,3.0,0,0,0,0,0,1,0,0.00,0.00,0.00,0.00,0.00,0.0,0.0,0.0,0.0,0.00,0.00,0.00,0.00,0.00
462,Fyodor Smolov,ru  RUS,FW,Celta Vigo,29,1990,14,10,743,8.3,2,0,2,0,0,4,0,0.24,0.00,0.24,0.24,0.24,2.3,2.3,0.4,2.8,0.28,0.05,0.33,0.28,0.33
463,Rafa Soares,pt  POR,"DF,MF",Eibar,24,1995,6,6,435,4.8,0,0,0,0,0,1,0,0.00,0.00,0.00,0.00,0.00,0.0,0.0,0.2,0.2,0.00,0.04,0.04,0.00,0.04
464,Rubén Sobrino,es  ESP,"FW,MF",Valencia,27,1992,13,1,170,1.9,1,0,1,0,0,0,0,0.53,0.00,0.53,0.53,0.53,0.4,0.4,0.2,0.6,0.22,0.11,0.33,0.22,0.33
465,Roberto Soldado,es  ESP,FW,Granada,34,1985,33,30,2347,26.1,7,4,6,1,1,14,0,0.27,0.15,0.42,0.23,0.38,4.7,3.9,3.8,7.8,0.18,0.15,0.33,0.15,0.30
466,Carlos Soler,es  ESP,MF,Valencia,22,1997,28,24,2066,23.0,2,0,2,0,0,4,0,0.09,0.00,0.09,0.09,0.09,1.6,1.6,1.1,2.7,0.07,0.05,0.12,0.07,0.12
467,Kévin Soni,cm  CMR,FW,Espanyol,21,1998,1,0,4,0.0,0,0,0,0,0,0,0,0.00,0.00,0.00,0.00,0.00,0.0,0.0,0.0,0.0,0.00,0.00,0.00,0.00,0.00
468,David Soria,es  ESP,GK,Getafe,26,1993,38,38,3420,38.0,0,0,0,0,0,2,0,0.00,0.00,0.00,0.00,0.00,0.0,0.0,0.0,0.0,0.00,0.00,0.00,0.00,0.00
469,Bruno Soriano,es  ESP,MF,Villarreal,35,1984,7,1,263,2.9,0,0,0,0,0,1,0,0.00,0.00,0.00,0.00,0.00,0.1,0.1,0.0,0.1,0.04,0.00,0.04,0.04,0.04
470,Juan Soriano,es  ESP,GK,Leganés,21,1997,11,11,990,11.0,0,0,0,0,0,2,0,0.00,0.00,0.00,0.00,0.00,0.3,0.3,0.0,0.3,0.03,0.00,0.03,0.03,0.03
471,Damián Suárez,uy  URU,DF,Getafe,31,1988,30,30,2592,28.8,1,4,1,0,0,15,0,0.03,0.14,0.17,0.03,0.17,0.8,0.8,2.4,3.2,0.03,0.08,0.11,0.03,0.11
472,Denis Suárez,es  ESP,"MF,FW",Celta Vigo,25,1994,26,20,1630,18.1,1,5,1,0,1,2,0,0.06,0.28,0.33,0.06,0.33,2.3,1.6,4.6,6.2,0.13,0.25,0.38,0.09,0.34
473,Luis Suárez,uy  URU,FW,Barcelona,32,1987,28,22,1998,22.2,16,8,15,1,1,4,0,0.72,0.36,1.08,0.68,1.04,13.8,13.1,3.7,16.8,0.62,0.16,0.79,0.59,0.76
474,Ki Sung-yueng,kr  KOR,MF,Mallorca,30,1989,1,0,9,0.1,0,0,0,0,0,0,0,0.00,0.00,0.00,0.00,0.00,0.0,0.0,0.0,0.0,0.00,0.00,0.00,0.00,0.00
475,Suso,es  ESP,"FW,MF",Sevilla,25,1993,17,8,785,8.7,1,1,1,0,0,0,0,0.11,0.11,0.23,0.11,0.23,1.0,1.0,1.3,2.2,0.11,0.14,0.26,0.11,0.26
476,Tachi,es  ESP,DF,Alavés,21,1997,6,2,238,2.6,0,0,0,0,0,1,0,0.00,0.00,0.00,0.00,0.00,0.0,0.0,0.0,0.0,0.00,0.00,0.00,0.00,0.00
477,Rodrigo Tarín,es  ESP,DF,Leganés,23,1996,14,12,951,10.6,0,0,0,0,0,1,0,0.00,0.00,0.00,0.00,0.00,0.2,0.2,0.0,0.3,0.02,0.00,0.02,0.02,0.02
478,Álvaro Tejero,es  ESP,DF,Eibar,23,1996,18,16,1447,16.1,0,0,0,0,0,4,0,0.00,0.00,0.00,0.00,0.00,0.1,0.1,0.9,1.0,0.01,0.06,0.06,0.01,0.06
479,Cristian Tello,es  ESP,"MF,FW",Betis,27,1991,27,5,787,8.7,2,0,2,0,0,1,0,0.23,0.00,0.23,0.23,0.23,1.6,1.6,0.3,1.9,0.19,0.03,0.22,0.19,0.22
480,Marc-André ter Stegen,de  GER,GK,Barcelona,27,1992,36,36,3240,36.0,0,2,0,0,0,1,0,0.00,0.06,0.06,0.00,0.06,0.0,0.0,0.7,0.7,0.00,0.02,0.02,0.00,0.02
481,David Timor,es  ESP,"MF,DF",Getafe,29,1989,22,10,943,10.5,3,0,3,0,0,4,0,0.29,0.00,0.29,0.29,0.29,0.6,0.6,0.1,0.7,0.06,0.01,0.07,0.06,0.07
482,Jean-Clair Todibo,fr  FRA,DF,Barcelona,19,1999,2,1,77,0.9,0,0,0,0,0,0,0,0.00,0.00,0.00,0.00,0.00,0.0,0.0,0.0,0.0,0.00,0.00,0.00,0.00,0.00
483,Karl Toko Ekambi,cm  CMR,FW,Villarreal,26,1992,18,11,993,11.0,6,2,6,0,0,0,0,0.54,0.18,0.73,0.54,0.73,7.0,7.0,1.1,8.2,0.64,0.10,0.74,0.64,0.74
484,Raúl de Tomás,es  ESP,FW,Espanyol,24,1994,14,11,1075,11.9,4,0,3,1,1,5,0,0.33,0.00,0.33,0.25,0.25,4.0,3.3,0.4,3.7,0.34,0.04,0.37,0.27,0.31
485,Toño,es  ESP,DF,Levante,29,1989,20,18,1589,17.7,0,2,0,0,0,2,0,0.00,0.11,0.11,0.00,0.11,0.2,0.2,1.6,1.8,0.01,0.09,0.10,0.01,0.10
486,Ferrán Torres,es  ESP,"MF,FW",Valencia,19,2000,34,26,2251,25.0,4,5,4,0,0,5,0,0.16,0.20,0.36,0.16,0.36,3.6,3.6,4.3,7.9,0.14,0.17,0.32,0.14,0.32
487,Óliver Torres,es  ESP,"MF,FW",Sevilla,24,1994,28,21,1596,17.7,3,3,3,0,0,5,0,0.17,0.17,0.34,0.17,0.34,1.6,1.6,2.1,3.7,0.09,0.12,0.21,0.09,0.21
488,Pau Torres,es  ESP,DF,Villarreal,22,1997,34,33,2971,33.0,2,1,2,0,0,6,0,0.06,0.03,0.09,0.06,0.09,1.2,1.2,1.6,2.9,0.04,0.05,0.09,0.04,0.09
489,Roberto Torres,es  ESP,"MF,FW",Osasuna,30,1989,36,31,2717,30.2,7,8,2,5,5,1,0,0.23,0.26,0.50,0.07,0.33,8.1,4.3,5.8,10.1,0.27,0.19,0.46,0.14,0.33
490,Aleksandar Trajkovski,mk  MKD,"MF,DF",Mallorca,26,1992,14,1,330,3.7,0,0,0,0,0,0,0,0.00,0.00,0.00,0.00,0.00,0.7,0.7,1.1,1.8,0.19,0.31,0.49,0.19,0.49
491,Manu Trigueros,es  ESP,MF,Villarreal,27,1991,29,17,1547,17.2,2,4,1,1,1,6,0,0.12,0.23,0.35,0.06,0.29,2.5,1.7,3.8,5.5,0.14,0.22,0.36,0.10,0.32
492,Kieran Trippier,eng  ENG,DF,Atlético Madrid,28,1990,25,23,1979,22.0,0,4,0,0,0,2,0,0.00,0.18,0.18,0.00,0.18,0.2,0.2,3.5,3.7,0.01,0.16,0.17,0.01,0.17
493,Samuel Umtiti,fr  FRA,DF,Barcelona,25,1993,13,10,949,10.5,0,0,0,0,0,6,0,0.00,0.00,0.00,0.00,0.00,0.0,0.0,0.0,0.0,0.00,0.00,0.00,0.00,0.00
494,Enes Ünal,tr  TUR,FW,Valladolid,22,1997,35,23,2344,26.0,6,2,4,2,3,4,0,0.23,0.08,0.31,0.15,0.23,9.1,6.8,2.7,9.5,0.35,0.10,0.45,0.26,0.37
495,Tomáš Vaclík,cz  CZE,GK,Sevilla,30,1989,33,33,2925,32.5,0,0,0,0,0,0,0,0.00,0.00,0.00,0.00,0.00,0.0,0.0,0.0,0.0,0.00,0.00,0.00,0.00,0.00
496,Álvaro Vadillo,es  ESP,"FW,MF",Granada,24,1994,22,15,1218,13.5,3,1,2,1,1,0,0,0.22,0.07,0.30,0.15,0.22,1.9,1.1,1.6,2.7,0.14,0.12,0.26,0.08,0.20
497,Germán Valera,es  ESP,FW,Atlético Madrid,17,2002,1,0,4,0.0,0,0,0,0,0,0,0,0.00,0.00,0.00,0.00,0.00,0.0,0.0,0.1,0.1,0.00,1.34,1.34,0.00,1.34
498,Martin Valjent,sk  SVK,DF,Mallorca,23,1995,36,36,3182,35.4,0,0,0,0,0,6,0,0.00,0.00,0.00,0.00,0.00,0.5,0.5,0.6,1.1,0.02,0.02,0.03,0.02,0.03
499,Jesús Vallejo,es  ESP,DF,Granada,22,1997,11,7,629,7.0,0,0,0,0,0,1,0,0.00,0.00,0.00,0.00,0.00,0.1,0.1,0.2,0.2,0.01,0.02,0.03,0.01,0.03
500,Manu Vallejo,es  ESP,"MF,FW",Valencia,22,1997,11,3,418,4.6,2,0,2,0,0,0,0,0.43,0.00,0.43,0.43,0.43,1.7,1.7,0.4,2.1,0.36,0.09,0.45,0.36,0.45
501,Federico Valverde,uy  URU,MF,Real Madrid,21,1998,33,21,1907,21.2,2,5,2,0,0,1,0,0.09,0.24,0.33,0.09,0.33,1.9,1.9,3.5,5.3,0.09,0.16,0.25,0.09,0.25
502,Raphaël Varane,fr  FRA,DF,Real Madrid,26,1993,32,32,2822,31.4,3,1,3,0,0,2,0,0.10,0.03,0.13,0.10,0.13,0.7,0.7,0.5,1.2,0.02,0.02,0.04,0.02,0.04
503,Matías Vargas,ar  ARG,"FW,MF",Espanyol,22,1997,21,10,1024,11.4,0,3,0,0,0,1,0,0.00,0.26,0.26,0.00,0.26,1.0,1.0,2.5,3.5,0.09,0.22,0.31,0.09,0.31
504,Franco Vázquez,ar  ARG,"MF,FW",Sevilla,30,1989,31,11,1098,12.2,3,0,3,0,0,5,0,0.25,0.00,0.25,0.25,0.25,1.4,1.4,0.4,1.7,0.11,0.03,0.14,0.11,0.14
505,Kevin Vázquez,es  ESP,DF,Celta Vigo,26,1993,17,16,1325,14.7,0,0,0,0,0,6,0,0.00,0.00,0.00,0.00,0.00,0.0,0.0,0.4,0.4,0.00,0.02,0.02,0.00,0.02
506,Lucas Vázquez,es  ESP,"MF,FW",Real Madrid,28,1991,18,8,848,9.4,2,1,2,0,0,1,0,0.21,0.11,0.32,0.21,0.32,1.2,1.2,1.5,2.7,0.13,0.16,0.29,0.13,0.29
507,Koke Vegas,es  ESP,GK,Levante,23,1995,2,2,180,2.0,0,0,0,0,0,0,0,0.00,0.00,0.00,0.00,0.00,0.0,0.0,0.0,0.0,0.00,0.00,0.00,0.00,0.00
508,Unai Vencedor Paris,es  ESP,MF,Athletic Club,18,2000,1,1,73,0.8,0,0,0,0,0,1,0,0.00,0.00,0.00,0.00,0.00,0.1,0.1,0.0,0.1,0.08,0.00,0.08,0.08,0.08
509,Mikel Vesga,es  ESP,MF,Athletic Club,26,1993,20,13,1269,14.1,0,1,0,0,0,3,0,0.00,0.07,0.07,0.00,0.07,0.8,0.8,0.7,1.4,0.05,0.05,0.10,0.05,0.10
510,Rúben Vezo,pt  POR,DF,Levante,25,1994,29,29,2610,29.0,0,0,0,0,0,4,0,0.00,0.00,0.00,0.00,0.00,0.9,0.9,0.6,1.5,0.03,0.02,0.05,0.03,0.05
511,Fede Vico,es  ESP,"MF,FW",Granada,25,1994,18,11,876,9.7,2,1,1,1,1,1,0,0.21,0.10,0.31,0.10,0.21,1.5,0.7,1.6,2.3,0.15,0.16,0.31,0.08,0.24
512,Aleix Vidal,es  ESP,MF,Alavés,29,1989,29,26,2165,24.1,2,4,2,0,0,6,0,0.08,0.17,0.25,0.08,0.25,2.5,2.5,3.8,6.2,0.10,0.16,0.26,0.10,0.26
513,Arturo Vidal,cl  CHI,MF,Barcelona,32,1987,33,16,1671,18.6,8,2,8,0,0,4,0,0.43,0.11,0.54,0.43,0.54,4.3,4.3,2.9,7.2,0.23,0.16,0.39,0.23,0.39
514,Nacho Vidal,es  ESP,DF,Osasuna,24,1995,30,26,2332,25.9,0,0,0,0,0,5,0,0.00,0.00,0.00,0.00,0.00,0.8,0.8,1.4,2.2,0.03,0.05,0.09,0.03,0.09
515,Dídac Vilà,es  ESP,DF,Espanyol,30,1989,30,28,2492,27.7,0,0,0,0,0,9,0,0.00,0.00,0.00,0.00,0.00,1.4,1.4,1.4,2.8,0.05,0.05,0.10,0.05,0.10
516,Toni Villa,es  ESP,MF,Valladolid,24,1995,23,18,1354,15.0,0,1,0,0,0,4,0,0.00,0.07,0.07,0.00,0.07,0.9,0.9,1.6,2.5,0.06,0.11,0.16,0.06,0.16
517,Asier Villalibre,es  ESP,FW,Athletic Club,21,1997,19,5,531,5.9,3,0,3,0,0,0,0,0.51,0.00,0.51,0.51,0.51,2.8,2.8,0.0,2.8,0.47,0.01,0.48,0.47,0.48
518,Iván Villar,es  ESP,GK,Celta Vigo,22,1997,4,3,280,3.1,0,0,0,0,0,0,0,0.00,0.00,0.00,0.00,0.00,0.0,0.0,0.0,0.0,0.00,0.00,0.00,0.00,0.00
519,Juan Villar,es  ESP,FW,Osasuna,31,1988,10,2,240,2.7,1,0,0,1,1,1,0,0.37,0.00,0.37,0.00,0.00,1.1,0.4,0.2,0.5,0.42,0.07,0.49,0.14,0.20
520,Vitolo,es  ESP,"MF,FW",Atlético Madrid,29,1989,28,11,1227,13.6,3,2,3,0,0,3,0,0.22,0.15,0.37,0.22,0.37,2.2,2.2,1.6,3.7,0.16,0.12,0.27,0.16,0.27
521,Šime Vrsaljko,hr  CRO,DF,Atlético Madrid,27,1992,5,4,362,4.0,0,1,0,0,0,3,0,0.00,0.25,0.25,0.00,0.25,0.0,0.0,0.3,0.3,0.00,0.08,0.08,0.00,0.08
522,Nikola Vukčević,me  MNE,MF,Levante,27,1991,30,20,1569,17.4,0,2,0,0,0,11,0,0.00,0.11,0.11,0.00,0.11,0.2,0.2,0.2,0.4,0.01,0.01,0.03,0.01,0.03
523,Moussa Wagué,sn  SEN,DF,Barcelona,20,1998,1,1,90,1.0,0,0,0,0,0,0,0,0.00,0.00,0.00,0.00,0.00,0.0,0.0,0.0,0.0,0.00,0.00,0.00,0.00,0.00
524,Wakaso,gh  GHA,MF,Alavés,29,1990,16,15,1283,14.3,0,0,0,0,0,12,1,0.00,0.00,0.00,0.00,0.00,0.4,0.4,0.1,0.4,0.02,0.01,0.03,0.02,0.03
525,Daniel Wass,dk  DEN,"DF,MF",Valencia,30,1989,35,30,2733,30.4,1,6,1,0,0,7,0,0.03,0.20,0.23,0.03,0.23,1.2,1.2,2.6,3.8,0.04,0.08,0.12,0.04,0.12
526,Iñaki Williams,es  ESP,FW,Athletic Club,25,1994,38,34,2939,32.7,6,1,5,1,2,3,0,0.18,0.03,0.21,0.15,0.18,7.3,5.8,2.6,8.4,0.22,0.08,0.30,0.18,0.26
527,Yoel,es  ESP,GK,Eibar,30,1988,3,3,270,3.0,0,0,0,0,0,1,0,0.00,0.00,0.00,0.00,0.00,0.0,0.0,0.0,0.0,0.00,0.00,0.00,0.00,0.00
528,Okay Yokuşlu,tr  TUR,MF,Celta Vigo,25,1994,26,24,1973,21.9,0,2,0,0,0,6,0,0.00,0.09,0.09,0.00,0.09,0.3,0.3,1.4,1.7,0.01,0.06,0.08,0.01,0.08
529,Joseba Zaldúa,es  ESP,DF,Real Sociedad,27,1992,30,29,2545,28.3,0,2,0,0,0,8,1,0.00,0.07,0.07,0.00,0.07,0.2,0.2,1.6,1.8,0.01,0.06,0.06,0.01,0.06
530,Andre-Frank Zambo Anguissa,cm  CMR,MF,Villarreal,23,1995,36,28,2583,28.7,2,0,2,0,0,6,0,0.07,0.00,0.07,0.07,0.07,2.4,2.4,0.8,3.2,0.08,0.03,0.11,0.08,0.11
531,Igor Zubeldia,es  ESP,"MF,DF",Real Sociedad,22,1997,33,29,2640,29.3,0,1,0,0,0,9,0,0.00,0.03,0.03,0.00,0.03,0.4,0.4,0.6,0.9,0.01,0.02,0.03,0.01,0.03
532,Martín Zubimendi,es  ESP,MF,Real Sociedad,20,1999,9,6,524,5.8,0,0,0,0,0,3,0,0.00,0.00,0.00,0.00,0.00,0.1,0.1,0.2,0.2,0.01,0.03,0.04,0.01,0.04
533,David Zurutuza,es  ESP,MF,Real Sociedad,33,1986,5,2,157,1.7,0,0,0,0,0,0,0,0.00,0.00,0.00,0.00,0.00,0.0,0.0,0.0,0.0,0.00,0.00,0.00,0.00,0.00
534,Martin Ødegaard,no  NOR,MF,Real Sociedad,20,1998,31,29,2527,28.1,4,6,4,0,0,3,0,0.14,0.21,0.36,0.14,0.36,3.2,3.2,5.1,8.4,0.11,0.18,0.30,0.11,0.30
